Unnamed: 0,Code,ISU_CD,Name,Market,Dept,Close,ChangeCode,Changes,ChagesRatio,Open,High,Low,Volume,Amount,Marcap,Stocks,MarketId,Sector,Industry
0,005930,KR7005930003,삼성전자,KOSPI,,335000,1,36000,12.04,326000,339000,325000,17830779,5922222820250,1958503333680000,5846278608,STK,,통신 및 방송 장비 제조업
1,000660,KR7000660001,SK하이닉스,KOSPI,,2275000,1,174000,8.28,2281000,2304000,2241000,2447687,5573468117000,1621397880375000,712702365,STK,,반도체 제조업
2,402340,KR7402340004,SK스퀘어,KOSPI,,1406000,1,178000,14.5,1349000,1407000,1315000,695587,950804274000,185533490716000,131958386,STK,,기타 금융업
3,005935,KR7005931001,삼성전자우,KOSPI,,213500,1,20000,10.34,206000,215000,205000,2884414,608921457750,171306251840500,802371203,STK,,
4,009150,KR7009150004,삼성전기,KOSPI,,1809000,1,4000,0.22,1965000,1991000,1805000,985062,1868641396500,135120896064000,74693696,STK,,전자부품 제조업
5,005380,KR7005380001,현대차,KOSPI,,634000,1,37000,6.2,635000,644000,625000,682495,432289471000,129816423644000,204757766,STK,,자동차용 엔진 및 자동차 제조업
6,373220,KR7373220003,LG에너지솔루션,KOSPI,,404000,1,19500,5.07,399500,414000,394000,237422,95917814250,94536000000000,234000000,STK,,일차전지 및 이차전지 제조업
7,032830,KR7032830002,삼성생명,KOSPI,,397500,1,32500,8.9,392500,406500,383000,170192,67301870250,79500000000000,200000000,STK,,보험업
8,028260,KR7028260008,삼성물산,KOSPI,,441000,1,31000,7.56,440000,460500,435000,352199,156724541500,71515903221000,162167581,STK,,기타 전문 도매업
9,329180,KR7329180004,HD현대중공업,KOSPI,,660000,1,14000,2.17,667000,678000,651000,223187,147940898500,69274408500000,104961225,STK,,선박 및 보트 건조업
10,000270,KR7000270009,기아,KOSPI,,168100,1,12100,7.76,162800,168900,160800,975683,161032119600,65628424963800,390412998,STK,,자동차용 엔진 및 자동차 제조업
11,207940,KR7207940008,삼성바이오로직스,KOSPI,,1317000,1,31000,2.41,1320000,1326000,1291000,22716,29736337500,60965182467000,46290951,STK,,기초 의약물질 제조업
12,034020,KR7034020008,두산에너빌리티,KOSPI,,93800,1,5200,5.87,93300,95000,92400,1511272,141496815200,60084635494800,640561146,STK,,일반 목적용 기계 제조업
13,105560,KR7105560007,KB금융,KOSPI,,166400,1,14900,9.83,156000,166600,153700,786745,126918444950,59020038937600,354687734,STK,,기타 금융업
14,012330,KR7012330007,현대모비스,KOSPI,,635000,1,59000,10.24,615000,648000,605000,454970,285792897500,57615190205000,90732583,STK,,자동차 신품 부품 제조업
15,012450,KR7012450003,한화에어로스페이스,KOSPI,,1085000,1,71000,7.0,1035000,1095000,1028000,118666,127122424500,55946290085000,51563401,STK,,"항공기,우주선 및 부품 제조업"
16,055550,KR7055550008,신한지주,KOSPI,,104900,1,8000,8.26,99400,104900,97700,695508,70903182400,49791242468900,474654361,STK,,기타 금융업
17,006400,KR7006400006,삼성SDI,KOSPI,,558000,1,59500,11.94,531000,570000,520000,369747,204622001000,44966725740000,80585530,STK,,일차전지 및 이차전지 제조업
18,034730,KR7034730002,SK,KOSPI,,611000,1,36000,6.26,609000,620000,601000,81548,49831767500,44299151533000,72502703,STK,,기타 금융업
19,267260,KR7267260008,HD현대일렉트릭,KOSPI,,1156000,1,123000,11.91,1107000,1156000,1049000,224431,248908904500,41670488060000,36047135,STK,,"전동기, 발전기 및 전기 변환 · 공급 · 제어 장치 제조업"
20,035420,KR7035420009,NAVER,KOSPI,,260750,1,36750,16.41,232000,263000,231000,3308017,824292908500,40904837092000,156873776,STK,,"자료처리, 호스팅, 포털 및 기타 인터넷 정보매개 서비스업"
21,068270,KR7068270008,셀트리온,KOSPI,,175800,1,9600,5.78,171000,176900,169200,335099,58208399400,38963145391200,221633364,STK,,기초 의약물질 제조업
22,066570,KR7066570003,LG전자,KOSPI,,238500,1,12500,5.53,236500,247500,232000,1779724,426511121000,38847986163000,162884638,STK,,통신 및 방송 장비 제조업
23,010120,KR7010120004,LS ELECTRIC,KOSPI,,234000,1,4500,1.96,242000,243500,230000,851700,200141944500,35100000000000,150000000,STK,,"전동기, 발전기 및 전기 변환 · 공급 · 제어 장치 제조업"
24,042660,KR7042660001,한화오션,KOSPI,,114400,1,9900,9.47,117400,117400,111900,1280915,145266030900,35053692273600,306413394,STK,,선박 및 보트 건조업
25,086790,KR7086790003,하나금융지주,KOSPI,,124800,1,10000,8.71,116200,125000,115400,553524,67280295450,34241094950400,274367748,STK,,기타 금융업
26,042700,KR7042700005,한미반도체,KOSPI,,339000,1,48000,16.49,306000,339500,298000,2631623,852072527000,32310835800000,95312200,STK,,특수 목적용 기계 제조업
27,298040,KR7298040007,효성중공업,KOSPI,,3460000,1,214000,6.59,3539000,3565000,3313000,42626,145981013000,32262936080000,9324548,STK,,"전동기, 발전기 및 전기 변환 · 공급 · 제어 장치 제조업"
28,005490,KR7005490008,POSCO홀딩스,KOSPI,,388500,1,30500,8.52,377500,389500,373500,229629,87718856250,30785333239500,79241527,STK,,1차 철강 제조업
29,006800,KR7006800007,미래에셋증권,KOSPI,,54000,1,2900,5.68,54200,55900,52900,2516940,136602844250,30216611520000,559566880,STK,,금융 지원 서비스업
30,000810,KR7000810002,삼성화재,KOSPI,,663000,3,0,0.0,685000,695000,652000,57469,38225247000,29601274599000,44647473,STK,,보험업
31,000150,KR7000150003,두산,KOSPI,,1741000,1,120000,7.4,1765000,1920000,1725000,86001,154114189000,28193466735000,16193835,STK,,전자부품 제조업
32,009540,KR7009540006,HD한국조선해양,KOSPI,,396000,1,20500,5.46,388000,397500,381000,111975,43882795500,28026153936000,70773116,STK,,기타 금융업
33,011070,KR7011070000,LG이노텍,KOSPI,,1096000,1,24000,2.24,1163000,1192000,1085000,234595,265278177000,25939149272000,23667107,STK,,전자부품 제조업
34,010130,KR7010130003,고려아연,KOSPI,,1242000,1,78000,6.7,1220000,1250000,1211000,10000,12312499500,25924227498000,20872969,STK,,1차 비철금속 제조업
35,015760,KR7015760002,한국전력,KOSPI,,39000,1,3100,8.64,37850,39200,37425,1922794,73325671750,25036599003000,641964077,STK,,전기업
36,051910,KR7051910008,LG화학,KOSPI,,343000,1,26500,8.37,331500,347500,328000,161899,55031389750,24213173649000,70592343,STK,,기초 화학물질 제조업
37,010140,KR7010140002,삼성중공업,KOSPI,,27350,1,2050,8.1,26450,27400,26300,2696456,72687012875,24068000000000,880000000,STK,,선박 및 보트 건조업
38,316140,KR7316140003,우리금융지주,KOSPI,,31550,1,1400,4.64,30800,31600,30200,1068386,33275888675,23160107896000,734076320,STK,,기타 금융업
39,017670,KR7017670001,SK텔레콤,KOSPI,,107600,1,7600,7.6,102800,108500,102600,1136898,121070591550,23111409702800,214790053,STK,,전기 통신업
40,064350,KR7064350002,현대로템,KOSPI,,205000,1,16600,8.81,192000,206000,188000,371624,73064491450,22374170065000,109142293,STK,,그외 기타 운송장비 제조업
41,307950,KR7307950006,현대오토에버,KOSPI,,728000,1,18000,2.54,742000,765000,723000,121660,89970609500,19964658896000,27423982,STK,,소프트웨어 개발 및 공급업
42,267250,KR7267250009,HD현대,KOSPI,,251500,1,6000,2.44,252500,255000,245000,77554,19491922000,19866760877500,78993085,STK,,기타 금융업
43,033780,KR7033780008,KT&G,KOSPI,,187900,1,2800,1.51,188900,190000,185100,122952,23059278650,19505984682400,103810456,STK,,담배 제조업
44,196170,KR7196170005,알테오젠,KOSDAQ GLOBAL,우량기업부,351500,1,4500,1.3,355500,358000,346000,225024,79335966250,18835599564500,53586343,KSQ,우량기업부,자연과학 및 공학 연구개발업
45,011200,KR7011200003,HMM,KOSPI,,19930,1,1080,5.73,19230,20100,19010,1076702,21079772495,18798732742100,943237970,STK,,해상 운송업
46,035720,KR7035720002,카카오,KOSPI,,42500,1,3200,8.14,41350,42700,40300,2055743,85774997550,18774993715000,441764558,STK,,"자료처리, 호스팅, 포털 및 기타 인터넷 정보매개 서비스업"
47,018260,KR7018260000,삼성에스디에스,KOSPI,,242500,1,13000,5.66,239000,247750,234000,304545,73249205250,18764116500000,77377800,STK,,"컴퓨터 프로그래밍, 시스템 통합 및 관리업"
48,272210,KR7272210006,한화시스템,KOSPI,,98400,1,9800,11.06,92300,100400,91300,743571,71604498900,18589667877600,188919389,STK,,전자부품 제조업
49,138040,KR7138040001,메리츠금융지주,KOSPI,,110100,1,4100,3.87,108000,110100,106000,179815,19554939850,18424934757300,167347273,STK,,기타 금융업
50,096770,KR7096770003,SK이노베이션,KOSPI,,107200,1,4000,3.88,105800,109600,104500,301674,32295410750,18122458873600,169052788,STK,,석유 정제품 제조업
51,003670,KR7003670007,포스코퓨처엠,KOSPI,,200500,1,15800,8.55,194900,205500,192200,140734,28047376250,17833717110000,88946220,STK,,일차전지 및 이차전지 제조업
52,024110,KR7024110009,기업은행,KOSPI,,22200,1,1250,5.97,21150,22350,21000,1571255,34335786400,17702854291800,797425869,STK,,은행 및 저축기관
53,247540,KR7247540008,에코프로비엠,KOSDAQ GLOBAL,중견기업부,174800,1,10500,6.39,172200,178600,169600,346307,60365790400,17100759863200,97830434,KSQ,중견기업부,일차전지 및 이차전지 제조업
54,079550,KR7079550000,LIG디펜스앤에어로스페이스,KOSPI,,777000,1,13000,1.7,764000,797000,758000,104121,81128637500,17094000000000,22000000,STK,,무기 및 총포탄 제조업
55,003550,KR7003550001,LG,KOSPI,,110600,1,3100,2.88,111500,113000,109500,275667,30637260000,16721835642400,151192004,STK,,기타 금융업
56,086520,KR7086520004,에코프로,KOSDAQ GLOBAL,중견기업부,118400,1,9600,8.82,115600,120100,112400,794982,93157389500,16075896396800,135776152,KSQ,중견기업부,기타 금융업
57,086280,KR7086280005,현대글로비스,KOSPI,,211500,1,15700,8.02,206500,212500,202500,137958,28760336750,15862500000000,75000000,STK,,기타 운송관련 서비스업
58,278470,KR7278470000,에이피알,KOSPI,,404500,2,-6000,-1.46,416500,423000,400500,122567,49675867500,15143733697500,37438155,STK,,기타 화학제품 제조업
59,000720,KR7000720003,현대건설,KOSPI,,132600,1,9900,8.07,138500,139700,130400,634540,84659992000,14765774439000,111355765,STK,,토목 건설업
60,030200,KR7030200000,KT,KOSPI,,56800,2,-3200,-5.33,58300,58300,56500,389762,22248100900,14314831708000,252021685,STK,,전기 통신업
61,047810,KR7047810007,한국항공우주,KOSPI,,144100,1,2200,1.55,144100,146700,141500,274682,39580900050,14046162918700,97475107,STK,,"항공기,우주선 및 부품 제조업"
62,071050,KR7071050009,한국금융지주,KOSPI,,244500,1,14500,6.3,242000,245750,236000,129540,31310876500,13625005044000,55725992,STK,,기타 금융업
63,277810,KR7277810008,레인보우로보틱스,KOSDAQ,기술성장기업부,665000,1,60000,9.92,630000,683000,620000,146827,96549201500,12900905570000,19399858,KSQ,기술성장기업부,특수 목적용 기계 제조업
64,010950,KR7010950004,S-Oil,KOSPI,,110800,2,-2300,-2.03,112800,113000,108700,202686,22372205550,12474173353600,112582792,STK,,석유 정제품 제조업
65,006260,KR7006260004,LS,KOSPI,,398000,1,24500,6.56,405500,414000,383500,91152,36164488000,12417600000000,31200000,STK,,기타 금융업
66,323410,KR7323410001,카카오뱅크,KOSPI,,24300,1,900,3.85,23800,24400,23250,659790,15790247700,11594026619100,477120437,STK,,은행 및 저축기관
67,005940,KR7005940002,NH투자증권,KOSPI,,32150,1,950,3.04,32400,32550,31400,380849,12186906825,11456471463350,356344369,STK,,금융 지원 서비스업
68,443060,KR7443060009,HD현대마린솔루션,KOSPI,,251500,1,6000,2.44,251000,262000,244000,131422,33198089750,11275615190000,44833460,STK,,"건축기술, 엔지니어링 및 관련 기술 서비스업"
69,259960,KR7259960003,크래프톤,KOSPI,,240500,1,7500,3.22,238000,241500,233500,68950,16424941500,11095946816500,46136993,STK,,소프트웨어 개발 및 공급업
70,0126Z0,KR70126Z0002,삼성에피스홀딩스,KOSPI,,440500,1,6500,1.5,440500,445000,430750,18037,7882335500,10960983084500,24883049,STK,,기타 금융업
71,036930,KR7036930006,주성엔지니어링,KOSDAQ GLOBAL,우량기업부,235500,2,-10000,-4.07,267500,283000,229500,3657217,914774026250,10946303995500,46481121,KSQ,우량기업부,특수 목적용 기계 제조업
72,016360,KR7016360000,삼성증권,KOSPI,,120000,1,8200,7.33,119000,121000,117000,253379,30162325400,10716000000000,89300000,STK,,금융 지원 서비스업
73,047050,KR7047050000,포스코인터내셔널,KOSPI,,59750,1,1650,2.84,60100,60300,58300,196337,11625345350,10511386583000,175922788,STK,,상품 중개업
74,352820,KR7352820005,하이브,KOSPI,,229500,1,11500,5.28,221500,230000,218500,164767,37157904000,9891966145500,43102249,STK,,오디오물 출판 및 원판 녹음업
75,003490,KR7003490000,대한항공,KOSPI,,26850,1,2050,8.27,26300,27000,26100,1986427,52939671600,9886724747850,368220661,STK,,항공 여객 운송업
76,005830,KR7005830005,DB손해보험,KOSPI,,149500,1,9500,6.79,144000,150800,143300,96860,14385595600,9792302175500,65500349,STK,,보험업
77,039490,KR7039490008,키움증권,KOSPI,,373000,1,31500,9.22,366500,374500,357500,73669,27106557250,9783161868000,26228316,STK,,금융 지원 서비스업
78,028050,KR7028050003,삼성E&A,KOSPI,,48700,1,3150,6.92,52000,52100,47900,1696469,83598187475,9545200000000,196000000,STK,,"건축기술, 엔지니어링 및 관련 기술 서비스업"
79,064400,KR7064400005,LG씨엔에스,KOSPI,,96000,1,3000,3.23,97200,99200,94900,1110343,107511213000,9301051008000,96885948,STK,,"컴퓨터 프로그래밍, 시스템 통합 및 관리업"
80,161390,KR7161390000,한국타이어앤테크놀로지,KOSPI,,73800,1,2700,3.8,74000,74500,71400,202224,14780168400,9141980092200,123875069,STK,,고무제품 제조업
81,007660,KR7007660004,이수페타시스,KOSPI,,124000,1,800,0.65,131200,131800,120700,1179317,146267362700,9102743156000,73409219,STK,,전자부품 제조업
82,047040,KR7047040001,대우건설,KOSPI,,21950,1,1500,7.33,23850,24600,21525,12593997,286332776500,9019422654100,410907638,STK,,건물 건설업
83,240810,KR7240810002,원익IPS,KOSDAQ GLOBAL,우량기업부,180400,1,39400,27.94,163100,181500,150100,3138915,527119571850,8854735740400,49083901,KSQ,우량기업부,특수 목적용 기계 제조업
84,353200,KR7353200009,대덕전자,KOSPI,,177800,1,21000,13.39,166800,178500,151300,1820509,300458355300,8786329265000,49416925,STK,,전자부품 제조업
85,950160,KR8840120008,코오롱티슈진,KOSDAQ,외국기업(소속부없음),103150,1,150,0.15,108000,108800,102400,207456,21826342450,8740523557500,84736050,KSQ,외국기업(소속부없음),기초 의약물질 제조업
86,003230,KR7003230000,삼양식품,KOSPI,,1155000,2,-21000,-1.79,1206000,1212000,1137000,28579,33047242000,8700632325000,7533015,STK,,기타 식품 제조업
87,005387,KR7005382007,현대차2우B,KOSPI,,247000,1,11500,4.88,245500,250000,243000,99307,24470075500,8636090710000,34963930,STK,,
88,000880,KR7000880005,한화,KOSPI,,120800,1,3200,2.72,123500,126000,120300,77844,9528001200,8517356615200,70507919,STK,,기타 화학제품 제조업
89,058470,KR7058470006,리노공업,KOSDAQ GLOBAL,우량기업부,108200,1,8400,8.42,101300,109500,99100,2345613,247176739600,8246122170000,76211850,KSQ,우량기업부,전자부품 제조업
90,180640,KR7180640005,한진칼,KOSPI,,122500,1,4100,3.46,121800,124000,120000,60086,7337107200,8178379177500,66762279,STK,,기타 금융업
91,001440,KR7001440007,대한전선,KOSPI,,38950,1,2000,5.41,39000,39550,38000,2399715,92924169450,7633911614200,195992596,STK,,절연선 및 케이블 제조업
92,000990,KR7000990002,DB하이텍,KOSPI,,174200,1,19000,12.24,162100,176000,154200,1291280,213278189000,7578499229600,43504588,STK,,반도체 제조업
93,454910,KR7454910001,두산로보틱스,KOSPI,,114400,1,5100,4.67,113000,119300,110500,1182717,136171230750,7415405712000,64819980,STK,,특수 목적용 기계 제조업
94,267270,KR7267270007,HD건설기계,KOSPI,,149900,1,6800,4.75,158300,158500,143900,376738,56476053450,7183492360300,47921897,STK,,특수 목적용 기계 제조업
95,062040,KR7062040001,산일전기,KOSPI,,232500,1,19500,9.15,233500,238000,222000,173901,40143110750,7118185125000,30615850,STK,,"전동기, 발전기 및 전기 변환 · 공급 · 제어 장치 제조업"
96,326030,KR7326030004,SK바이오팜,KOSPI,,90500,1,2000,2.26,91000,91700,88200,71606,6441382350,7087349125000,78313250,STK,,자연과학 및 공학 연구개발업
97,034220,KR7034220004,LG디스플레이,KOSPI,,14160,1,1310,10.19,13540,14380,13440,6014288,84096000400,7080000000000,500000000,STK,,전자부품 제조업
98,011790,KR7011790003,SKC,KOSPI,,139200,2,-800,-0.57,145400,146300,138500,407691,57316952300,6904083081600,49598298,STK,,기타 화학제품 제조업
99,004170,KR7004170007,신세계,KOSPI,,729000,1,15000,2.1,725000,758000,681000,105199,76209399000,6885536949000,9445181,STK,,종합 소매업
100,039030,KR7039030002,이오테크닉스,KOSDAQ,우량기업부,557000,1,53000,10.52,507000,564000,500000,365782,195020670000,6861989350000,12319550,KSQ,우량기업부,특수 목적용 기계 제조업
101,078930,KR7078930005,GS,KOSPI,,73800,1,2100,2.93,73500,74700,72200,128820,9475680550,6855687531000,92895495,STK,,기타 금융업
102,032640,KR7032640005,LG유플러스,KOSPI,,15990,1,600,3.9,15390,16020,15330,882166,13856364740,6786599434680,424427732,STK,,전기 통신업
103,090430,KR7090430000,아모레퍼시픽,KOSPI,,113200,1,1400,1.25,112900,114500,111800,105272,11902220350,6621380318800,58492759,STK,,기타 화학제품 제조업
104,009830,KR7009830001,한화솔루션,KOSPI,,37650,1,700,1.89,38000,38800,37100,1062571,40341149700,6471753980400,171892536,STK,,기초 화학물질 제조업
105,021240,KR7021240007,코웨이,KOSPI,,91400,2,-600,-0.65,92900,93000,90400,104051,9538233550,6468142736400,70767426,STK,,그외 기타 개인 서비스업
106,241560,KR7241560002,두산밥캣,KOSPI,,66300,1,1900,2.95,67900,68200,65100,197568,13106539050,6355257109500,95856065,STK,,특수 목적용 기계 제조업
107,028300,KR7028300002,HLB,KOSDAQ,중견기업부,47700,1,300,0.63,48350,48700,47000,314393,15042620950,6353555237100,133198223,KSQ,중견기업부,의료용품 및 기타 의약 관련제품 제조업
108,000250,KR7000250001,삼천당제약,KOSDAQ,중견기업부,267500,1,4500,1.71,299500,300000,265000,169956,46766168250,6274873760000,23457472,KSQ,중견기업부,의약품 제조업
109,000100,KR7000100008,유한양행,KOSPI,,78400,1,2000,2.62,77700,79000,77000,125958,9828331550,6244371918400,79647601,STK,,의약품 제조업
110,377300,KR7377300009,카카오페이,KOSPI,,45550,1,750,1.67,45650,45950,44500,173548,7849738525,6160923326250,135256275,STK,,금융 지원 서비스업
111,029780,KR7029780004,삼성카드,KOSPI,,51900,1,4750,10.07,47700,52000,46750,480953,24299675450,6013076442900,115858891,STK,,기타 금융업
112,403870,KR7403870009,HPSP,KOSDAQ GLOBAL,우량기업부,71500,4,16500,30.0,57300,71500,56600,15289429,1017392342450,5884450000000,82300000,KSQ,우량기업부,특수 목적용 기계 제조업
113,036570,KR7036570000,NC,KOSPI,,270500,1,10500,4.04,265500,272000,256000,78766,20996897500,5827657951000,21544022,STK,,소프트웨어 개발 및 공급업
114,005385,KR7005381009,현대차우,KOSPI,,248000,1,13500,5.76,246000,250000,244500,50050,12369380500,5788558080000,23340960,STK,,
115,010060,KR7010060002,OCI홀딩스,KOSPI,,310000,1,26500,9.35,305000,329250,289000,265372,82485816500,5787771920000,18670232,STK,,기타 금융업
116,138930,KR7138930003,BNK금융지주,KOSPI,,18140,1,1320,7.85,17210,18170,16840,777709,13765028800,5629332378620,310327033,STK,,기타 금융업
117,066970,KR7066970005,엘앤에프,KOSPI,,138400,1,12600,10.02,133900,142300,130000,259551,35658949600,5614603311200,40567943,STK,,일차전지 및 이차전지 제조업
118,087010,KR7087010005,펩트론,KOSDAQ,기술성장기업부,237750,1,250,0.11,244000,253500,237000,112567,27344839750,5543699962500,23317350,KSQ,기술성장기업부,기초 의약물질 제조업
119,271560,KR7271560005,오리온,KOSPI,,139300,1,1200,0.87,138400,139700,134500,31941,4420255150,5507383187600,39536132,STK,,기타 식품 제조업
120,128940,KR7128940004,한미약품,KOSPI,,423000,1,12000,2.92,422500,434500,411500,68926,29021621750,5419049193000,12810991,STK,,의약품 제조업
121,023530,KR7023530009,롯데쇼핑,KOSPI,,189500,2,-12500,-6.19,201500,206000,188400,138311,26878520850,5360719072500,28288755,STK,,종합 소매업
122,001040,KR7001040005,CJ,KOSPI,,181800,1,8800,5.09,177000,182300,171600,112095,19767300500,5304378236400,29176998,STK,,기타 금융업
123,088980,KR7088980008,맥쿼리인프라,KOSPI,,11060,1,130,1.19,10990,11090,10950,1468761,16191111940,5296877242580,478921993,STK,,신탁업 및 집합투자업
124,298380,KR7298380007,에이비엘바이오,KOSDAQ GLOBAL,기술성장기업부,93400,1,300,0.32,96600,96700,92500,194595,18250579800,5229229044200,55987463,KSQ,기술성장기업부,기초 의약물질 제조업
125,175330,KR7175330000,JB금융지주,KOSPI,,27350,1,1350,5.19,26800,27550,26250,464554,12571586550,5148735522400,188253584,STK,,기타 금융업
126,108490,KR7108490004,로보티즈,KOSDAQ,기술성장기업부,351000,1,64500,22.51,316000,369500,313500,563318,197683936000,5144616828000,14657028,KSQ,기술성장기업부,특수 목적용 기계 제조업
127,095340,KR7095340006,ISC,KOSDAQ,우량기업부,236500,1,46000,24.15,203000,238000,201000,725828,163233137750,5013104217000,21197058,KSQ,우량기업부,기계장비 및 관련 물품 도매업
128,222800,KR7222800005,심텍,KOSDAQ GLOBAL,중견기업부,133800,1,500,0.38,142900,143300,127400,990019,131502615050,5012673967800,37463931,KSQ,중견기업부,전자부품 제조업
129,018880,KR7018880005,한온시스템,KOSPI,,4800,1,570,13.48,4450,4845,4450,16565982,78334074104,4926060249600,1026262552,STK,,일반 목적용 기계 제조업
130,141080,KR7141080002,리가켐바이오,KOSDAQ GLOBAL,기술성장기업부,132900,2,-1900,-1.41,139800,139800,132200,142927,19216067000,4919880652200,37019418,KSQ,기술성장기업부,자연과학 및 공학 연구개발업
131,440110,KR7440110005,파두,KOSDAQ,기술성장기업부,98000,2,-1300,-1.31,105200,108800,96900,1056930,109321077800,4909489046000,50096827,KSQ,기술성장기업부,반도체 제조업
132,319660,KR7319660007,피에스케이,KOSDAQ,우량기업부,168600,1,18800,12.55,171700,171800,151000,740938,119621359550,4883787980400,28966714,KSQ,우량기업부,특수 목적용 기계 제조업
133,336260,KR7336260005,두산퓨얼셀,KOSPI,,74300,1,3800,5.39,75000,75800,72100,145110,10741502750,4866183841800,65493726,STK,,"전동기, 발전기 및 전기 변환 · 공급 · 제어 장치 제조업"
134,052690,KR7052690005,한전기술,KOSPI,,125900,1,9500,8.16,122500,127400,121500,71124,8813158450,4811898000000,38220000,STK,,"건축기술, 엔지니어링 및 관련 기술 서비스업"
135,178320,KR7178320008,서진시스템,KOSDAQ,중견기업부,74500,3,0,0.0,77000,78300,69100,1598118,116828485600,4740565151500,63631747,KSQ,중견기업부,기타 전기장비 제조업
136,004020,KR7004020004,현대제철,KOSPI,,35500,1,3350,10.42,33800,36100,33300,837092,29012029100,4737325367500,133445785,STK,,1차 철강 제조업
137,000500,KR7000500009,가온전선,KOSPI,,280000,2,-44000,-13.58,347000,347000,275000,271747,79927614750,4632072200000,16543115,STK,,절연선 및 케이블 제조업
138,082740,KR7082740002,한화엔진,KOSPI,,55300,1,5200,10.38,54700,55800,52700,295627,16112658000,4614626952600,83447142,STK,,일반 목적용 기계 제조업
139,319400,KR7319400008,현대무벡스,KOSDAQ,우량기업부,41150,1,350,0.86,41100,42250,39850,2857650,117329096850,4583124004850,111376039,KSQ,우량기업부,일반 목적용 기계 제조업
140,002380,KR7002380004,KCC,KOSPI,,530000,1,39500,8.05,517000,534000,513000,13021,6834690000,4554234880000,8592896,STK,,기타 화학제품 제조업
141,088350,KR7088350004,한화생명,KOSPI,,5050,1,300,6.32,4845,5050,4840,3368893,16790878431,4386076500000,868530000,STK,,보험업
142,022100,KR7022100002,포스코DX,KOSPI,,28150,1,1050,3.87,28000,28400,27300,290220,8100950400,4279777621350,152034729,STK,,"건축기술, 엔지니어링 및 관련 기술 서비스업"
143,084370,KR7084370006,유진테크,KOSDAQ,우량기업부,183900,1,5600,3.14,187200,195000,169600,278469,50431424600,4214260123800,22916042,KSQ,우량기업부,특수 목적용 기계 제조업
144,214370,KR7214370009,케어젠,KOSDAQ,벤처기업부,78100,2,-3900,-4.76,83000,85000,77200,51662,4081817250,4195141500000,53715000,KSQ,벤처기업부,기초 의약물질 제조업
145,085620,KR7085620003,미래에셋생명,KOSPI,,30250,1,900,3.07,27400,31000,25900,4842878,138474957900,4089195000000,135180000,STK,,보험업
146,103590,KR7103590006,일진전기,KOSPI,,84100,1,6300,8.1,86800,86900,80300,315608,26219569800,4010341299000,47685390,STK,,절연선 및 케이블 제조업
147,450080,KR7450080007,에코프로머티,KOSPI,,56700,1,4000,7.59,55500,57200,54700,275479,15412089500,4009007916900,70705607,STK,,일차전지 및 이차전지 제조업
148,069960,KR7069960003,현대백화점,KOSPI,,183800,2,-3300,-1.76,185000,190000,174300,233873,42822233550,3963630825600,21564912,STK,,종합 소매업
149,347850,KR7347850000,디앤디파마텍,KOSDAQ,기술성장기업부,89700,2,-4700,-4.98,95900,97000,89500,964476,89302454450,3929231985900,43804147,KSQ,기술성장기업부,자연과학 및 공학 연구개발업
150,489790,KR7489790006,한화비전,KOSPI,,76500,1,6200,8.82,73100,76800,71800,444792,33327950450,3862361835000,50488390,STK,,통신 및 방송 장비 제조업
151,051900,KR7051900009,LG생활건강,KOSPI,,247500,1,9000,3.77,242000,248500,238000,42360,10353827000,3784587345000,15291262,STK,,기타 화학제품 제조업
152,111770,KR7111770004,영원무역,KOSPI,,84900,1,4100,5.07,82000,85150,81200,51643,4330005600,3762043633200,44311468,STK,,상품 종합 도매업
153,080220,KR7080220007,제주반도체,KOSDAQ,우량기업부,106200,1,9200,9.48,102800,110800,101200,2445600,258078877100,3657828864600,34442833,KSQ,우량기업부,반도체 제조업
154,310210,KR7310210000,보로노이,KOSDAQ,기술성장기업부,195300,2,-11700,-5.65,217000,217000,195250,55903,11287511200,3593943996300,18402171,KSQ,기술성장기업부,자연과학 및 공학 연구개발업
155,007810,KR7007810005,코리아써키트,KOSPI,,147100,1,7900,5.68,141800,148300,133100,360903,50601254000,3527843402000,23982620,STK,,전자부품 제조업
156,095610,KR7095610002,테스,KOSDAQ GLOBAL,우량기업부,180700,1,10100,5.92,182900,187700,165400,590336,102509324250,3498352000000,19360000,KSQ,우량기업부,특수 목적용 기계 제조업
157,012510,KR7012510004,더존비즈온,KOSPI,,120100,1,100,0.08,120000,120500,120000,28740,3449465100,3497778348300,29123883,STK,,"컴퓨터 프로그래밍, 시스템 통합 및 관리업"
158,251270,KR7251270005,넷마블,KOSPI,,42450,2,-600,-1.39,43400,43550,41100,197567,8356213150,3478122538950,81934571,STK,,소프트웨어 개발 및 공급업
159,043260,KR7043260009,성호전자,KOSDAQ,우량기업부,48750,1,3200,7.03,48000,50500,46400,3883356,188094185100,3457487621250,70922823,KSQ,우량기업부,전자부품 제조업
160,035250,KR7035250000,강원랜드,KOSPI,,16000,1,400,2.56,15590,16060,15290,798785,12638584720,3423048000000,213940500,STK,,유원지 및 기타 오락관련 서비스업
161,357780,KR7357780006,솔브레인,KOSDAQ GLOBAL,우량기업부,436000,1,81000,22.82,360000,443500,357500,229300,94897884250,3391454776000,7778566,KSQ,우량기업부,기타 화학제품 제조업
162,036460,KR7036460004,한국가스공사,KOSPI,,36650,1,900,2.52,36000,36900,35750,177100,6442274575,3383271450000,92313000,STK,,연료용 가스 제조 및 배관공급업
163,001450,KR7001450006,현대해상,KOSPI,,39500,1,1700,4.5,38300,39950,37700,518008,20324276850,3367305875000,85248250,STK,,보험업
164,011170,KR7011170008,롯데케미칼,KOSPI,,78300,1,2300,3.03,78300,79100,76100,63177,4926657200,3349315307700,42775419,STK,,기초 화학물질 제조업
165,067310,KR7067310003,하나마이크론,KOSDAQ,중견기업부,49950,1,2000,4.17,51000,51100,47500,2067451,101970369975,3319888088700,66464226,KSQ,중견기업부,반도체 제조업
166,383220,KR7383220001,F&F,KOSPI,,86400,1,3200,3.85,82400,86700,81200,77824,6568854650,3309731280000,38307075,STK,,봉제의복 제조업
167,014680,KR7014680003,한솔케미칼,KOSPI,,287500,2,-8500,-2.87,294000,294000,282000,55078,15820609500,3268931062500,11370195,STK,,기초 화학물질 제조업
168,064760,KR7064760002,티씨케이,KOSDAQ GLOBAL,우량기업부,291500,1,14000,5.05,283500,292000,274500,64328,18278772750,3258799764000,11179416,KSQ,우량기업부,기타 비금속 광물제품 제조업
169,005850,KR7005850003,에스엘,KOSPI,,69600,1,4700,7.24,67200,72000,66300,99026,6889971100,3232816992000,46448520,STK,,자동차 신품 부품 제조업
170,031210,KR7031210008,서울보증보험,KOSPI,,46150,1,1550,3.48,45000,46400,42800,35873,1642437700,3222266747700,69821598,STK,,보험업
171,131970,KR7131970006,두산테스나,KOSDAQ GLOBAL,우량기업부,165300,1,13100,8.61,170700,172300,160400,376038,62254105500,3194792441400,19327238,KSQ,우량기업부,"그외 기타 전문, 과학 및 기술 서비스업"
172,017800,KR7017800004,현대엘리베이터,KOSPI,,81600,1,2200,2.77,81300,81800,79100,187176,15073001500,3189938616000,39092385,STK,,일반 목적용 기계 제조업
173,302440,KR7302440003,SK바이오사이언스,KOSPI,,40450,1,1100,2.8,39850,40650,39550,67056,2697330575,3173567568850,78456553,STK,,기초 의약물질 제조업
174,011780,KR7011780004,금호석유화학,KOSPI,,125200,1,5500,4.59,124000,126500,122900,27587,3448902550,3149697090000,25157325,STK,,기초 화학물질 제조업
175,004800,KR7004800009,효성,KOSPI,,188000,1,11100,6.27,186700,189150,181700,25140,4661836350,3147196516000,16740407,STK,,기타 금융업
176,012750,KR7012750006,에스원,KOSPI,,81300,1,4600,6.0,76600,81800,74000,85505,6753022200,3089333171400,37999178,STK,,"경비, 경호 및 탐정업"
177,005290,KR7005290002,동진쎄미켐,KOSDAQ,우량기업부,60200,1,4800,8.66,58100,60500,56900,883015,51983662800,3068401585200,50970126,KSQ,우량기업부,기초 화학물질 제조업
178,010170,KR7010170009,대한광통신,KOSDAQ,중견기업부,19710,1,2640,15.47,17940,20500,17550,17932567,341964045770,3064622358600,155485660,KSQ,중견기업부,절연선 및 케이블 제조업
179,031980,KR7031980006,피에스케이홀딩스,KOSDAQ,우량기업부,142000,1,8100,6.05,147600,151000,134200,252950,35472669550,3061860090000,21562395,KSQ,우량기업부,특수 목적용 기계 제조업
180,001720,KR7001720002,신영증권,KOSPI,,186000,1,16700,9.86,175700,187400,173900,15377,2785048600,3057840000000,16440000,STK,,금융 지원 서비스업
181,145020,KR7145020004,휴젤,KOSDAQ,우량기업부,248500,1,3000,1.22,253500,253500,241000,19536,4822154750,3057552200500,12304033,KSQ,우량기업부,기초 의약물질 제조업
182,204320,KR7204320006,HL만도,KOSPI,,65000,4,15000,30.0,53600,65000,53200,1091122,67722991150,3052212800000,46957120,STK,,자동차 신품 부품 제조업
183,214450,KR7214450009,파마리서치,KOSDAQ GLOBAL,우량기업부,293500,1,5000,1.73,295500,299000,289500,40105,11756126750,3049361688000,10389648,KSQ,우량기업부,의료용품 및 기타 의약 관련제품 제조업
184,097950,KR7097950000,CJ제일제당,KOSPI,,201000,1,6300,3.24,198000,202500,196800,32763,6533396050,3025891386000,15054186,STK,,기타 식품 제조업
185,020150,KR7020150009,롯데에너지머티리얼즈,KOSPI,,56400,1,8450,17.62,52200,60200,51700,409268,23450096000,2953412113200,52365463,STK,,전자부품 제조업
186,214150,KR7214150005,클래시스,KOSDAQ GLOBAL,우량기업부,45000,2,-1850,-3.95,47500,48350,44800,210449,9610690000,2935604655000,65235659,KSQ,우량기업부,의료용 기기 제조업
187,131290,KR7131290009,티에스이,KOSDAQ,우량기업부,264000,1,4000,1.54,274000,274000,257000,65829,17318817000,2920217256000,11061429,KSQ,우량기업부,"측정, 시험, 항해, 제어 및 기타 정밀기기 제조업; 광학기기 제외"
188,375500,KR7375500006,DL이앤씨,KOSPI,,75400,1,5200,7.41,78300,78300,73200,431694,32484410100,2917499174200,38693623,STK,,토목 건설업
189,139130,KR7139130009,iM금융지주,KOSPI,,18070,2,-250,-1.36,18280,18440,17710,398877,7205584815,2902486214810,160624583,STK,,기타 금융업
190,028670,KR7028670008,팬오션,KOSPI,,5230,1,235,4.7,5180,5330,5110,1434606,7511802765,2795798547760,534569512,STK,,해상 운송업
191,009420,KR7009420001,한올바이오파마,KOSPI,,53200,1,200,0.38,54800,55600,53100,184033,9950345250,2779201941600,52240638,STK,,의약품 제조업
192,001740,KR7001740000,SK네트웍스,KOSPI,,13720,1,2050,17.57,12100,13880,11810,23355509,309325188450,2752148157080,200593889,STK,,기타 전문 도매업
193,000240,KR7000240002,한국앤컴퍼니,KOSPI,,28750,1,2900,11.22,26650,29750,26000,337913,9688061925,2729388150000,94935240,STK,,기타 금융업
194,098460,KR7098460009,고영,KOSDAQ,우량기업부,39650,1,5450,15.94,36000,40900,35050,6305881,245397788650,2722161035750,68654755,KSQ,우량기업부,특수 목적용 기계 제조업
195,004990,KR7004990008,롯데지주,KOSPI,,26950,1,300,1.13,27250,27500,26800,550335,14885580800,2685938763200,99663776,STK,,기타 금융업
196,279570,KR7279570006,케이뱅크,KOSPI,,6620,1,400,6.43,6250,6700,6070,7421904,48370107200,2685701899620,405695151,STK,,은행 및 저축기관
197,263750,KR7263750002,펄어비스,KOSDAQ,우량기업부,41700,1,650,1.58,41850,42050,40800,242830,10065565650,2679135553500,64247855,KSQ,우량기업부,소프트웨어 개발 및 공급업
198,237690,KR7237690003,에스티팜,KOSDAQ GLOBAL,우량기업부,126900,1,3700,3.0,127900,130600,125600,86105,10980982200,2648052502200,20867238,KSQ,우량기업부,의약품 제조업
199,026960,KR7026960005,동서,KOSPI,,25900,1,450,1.77,25750,25950,25300,36363,934646050,2582230000000,99700000,STK,,음·식료품 및 담배 도매업
200,457190,KR7457190007,이수스페셜티케미컬,KOSPI,,85400,1,6200,7.83,82600,86100,81500,108328,9158988550,2580691668800,30218872,STK,,기초 화학물질 제조업
201,139480,KR7139480008,이마트,KOSPI,,91700,1,3300,3.73,90900,93500,90200,91855,8401400850,2530536602300,27595819,STK,,종합 소매업
202,483650,KR7483650008,달바글로벌,KOSPI,,202000,2,-9000,-4.27,219500,219500,200000,168941,34701744500,2518771330000,12469165,STK,,기타 화학제품 제조업
203,006360,KR7006360002,GS건설,KOSPI,,29000,1,2800,10.69,30450,30450,27750,1744245,50253645925,2481863210000,85581490,STK,,건물 건설업
204,089030,KR7089030001,테크윙,KOSDAQ,중견기업부,66800,1,5700,9.33,64800,70500,62800,5355734,359113053200,2475183486000,37053645,KSQ,중견기업부,특수 목적용 기계 제조업
205,032820,KR7032820003,우리기술,KOSDAQ,벤처기업부,14320,1,800,5.92,14130,14560,13700,2811063,39763973680,2457386263520,171605186,KSQ,벤처기업부,"전동기, 발전기 및 전기 변환 · 공급 · 제어 장치 제조업"
206,030530,KR7030530000,원익홀딩스,KOSDAQ,중견기업부,31750,1,3200,11.21,29600,32350,28150,2041111,62103240725,2452305896750,77237981,KSQ,중견기업부,기초 화학물질 제조업
207,009970,KR7009970005,영원무역홀딩스,KOSPI,,188800,1,3500,1.89,199000,199000,186200,5109,967424000,2445680649600,12953817,STK,,기타 금융업
208,003690,KR7003690005,코리안리,KOSPI,,13820,1,330,2.45,13510,14020,13280,228235,3126178110,2442284648420,176721031,STK,,재 보험업
209,030000,KR7030000004,제일기획,KOSPI,,21050,1,1740,9.01,19200,21150,19050,1635677,33399974935,2421617786250,115041225,STK,,광고업
210,089970,KR7089970008,브이엠,KOSDAQ,우량기업부,96700,1,11600,13.63,99100,99400,85900,878593,81664597550,2395451916500,24771995,KSQ,우량기업부,특수 목적용 기계 제조업
211,007340,KR7007340003,DN오토모티브,KOSPI,,40900,1,950,2.38,41900,41900,40150,48852,2001694950,2393094378500,58510865,STK,,일차전지 및 이차전지 제조업
212,439260,KR7439260001,대한조선,KOSPI,,62700,1,2700,4.5,62100,63500,61000,70837,4405464900,2388163371000,38088730,STK,,선박 및 보트 건조업
213,226950,KR7226950004,올릭스,KOSDAQ GLOBAL,기술성장기업부,117400,2,-6900,-5.55,129300,129400,115700,243201,29128413200,2383288444200,20300583,KSQ,기술성장기업부,자연과학 및 공학 연구개발업
214,081660,KR7081660003,미스토홀딩스,KOSPI,,44500,1,600,1.37,43450,44800,42400,108943,4766290725,2362586880000,53091840,STK,,생활용품 도매업
215,000155,KR7000151001,두산우,KOSPI,,584000,1,29000,5.23,591000,625000,580000,15339,9198956000,2333933808000,3996462,STK,,
216,257720,KR7257720003,실리콘투,KOSDAQ,우량기업부,35450,1,50,0.14,36150,36650,35100,248792,8859555300,2324678133400,65576252,KSQ,우량기업부,상품 종합 도매업
217,004370,KR7004370003,농심,KOSPI,,382000,1,7000,1.87,375000,383500,370500,13412,5087621250,2323569244000,6082642,STK,,기타 식품 제조업
218,051600,KR7051600005,한전KPS,KOSPI,,50900,1,1600,3.25,50100,51100,49400,137262,6902891350,2290500000000,45000000,STK,,전기 및 통신 공사업
219,120110,KR7120110002,코오롱인더,KOSPI,,76100,1,4200,5.84,75500,79600,71900,286583,21936816250,2278893035200,29946032,STK,,화학섬유 제조업
220,282330,KR7282330000,BGF리테일,KOSPI,,131600,1,3600,2.81,130000,132000,124700,58194,7507904350,2274562029600,17283906,STK,,종합 소매업
221,071970,KR7071970008,HD현대마린엔진,KOSPI,,66300,1,4000,6.42,65500,66300,63600,98536,6425833500,2248995118500,33921495,STK,,일반 목적용 기계 제조업
222,100790,KR7100790005,미래에셋벤처투자,KOSDAQ,우량기업부,42150,1,50,0.12,42500,44550,40500,2805996,118656217950,2239203323100,53124634,KSQ,우량기업부,기타 금융업
223,082920,KR7082920000,비츠로셀,KOSDAQ GLOBAL,우량기업부,48450,1,2650,5.79,48900,50000,46750,489674,23587045150,2196697660650,45339477,KSQ,우량기업부,일차전지 및 이차전지 제조업
224,008770,KR7008770000,호텔신라,KOSPI,,55700,3,0,0.0,56500,57400,54900,157002,8744622000,2186120339700,39248121,STK,,기타 상품 전문 소매업
225,005440,KR7005440003,현대지에프홀딩스,KOSPI,,13960,1,700,5.28,13500,13990,13490,129775,1784450750,2176424041960,155904301,STK,,기타 금융업
226,290650,KR7290650001,엘앤씨바이오,KOSDAQ,우량기업부,80600,2,-3800,-4.5,84200,86100,80100,180664,14943294850,2173758142400,26969704,KSQ,우량기업부,의약품 제조업
227,011210,KR7011210002,현대위아,KOSPI,,79500,1,7900,11.03,75000,81900,74500,224541,17652411300,2162009098500,27195083,STK,,자동차 신품 부품 제조업
228,058610,KR7058610007,에스피지,KOSDAQ,우량기업부,97100,1,5700,6.24,95600,100300,93100,222426,21657695950,2153421656000,22177360,KSQ,우량기업부,"전동기, 발전기 및 전기 변환 · 공급 · 제어 장치 제조업"
229,218410,KR7218410009,RFHIC,KOSDAQ,우량기업부,80200,1,5300,7.08,79000,80500,74900,272286,21098665450,2129586048400,26553442,KSQ,우량기업부,통신 및 방송 장비 제조업
230,007390,KR7007390008,네이처셀,KOSDAQ,중견기업부,32850,1,650,2.02,32450,34600,31400,707273,23125584725,2116691589600,64435056,KSQ,중견기업부,기초 의약물질 제조업
231,008930,KR7008930000,한미사이언스,KOSPI,,30750,1,950,3.19,30800,31000,29900,43403,1326070600,2103040162500,68391550,STK,,기타 금융업
232,103140,KR7103140000,풍산,KOSPI,,74400,1,4500,6.44,71100,76000,70100,140029,10298602600,2085006283200,28024278,STK,,1차 비철금속 제조업
233,018670,KR7018670000,SK가스,KOSPI,,225000,1,500,0.22,224500,227000,221000,4663,1044861000,2082879900000,9257244,STK,,기타 전문 도매업
234,347700,KR7347700007,스피어,KOSDAQ,기술성장기업부,40350,1,1850,4.81,43800,45300,38350,3460490,143280586400,2079613256700,51539362,KSQ,기술성장기업부,소프트웨어 개발 및 공급업
235,161890,KR7161890009,한국콜마,KOSPI,,87200,1,1100,1.28,87100,88000,84400,112669,9765183850,2058362714400,23605077,STK,,기타 화학제품 제조업
236,007070,KR7007070006,GS리테일,KOSPI,,24600,1,850,3.58,24500,24800,23050,149749,3571900150,2056742409000,83607415,STK,,종합 소매업
237,093370,KR7093370005,후성,KOSPI,,19130,1,3360,21.31,16610,20050,16570,13813851,259793841420,2051794462900,107255330,STK,,기초 화학물질 제조업
238,035900,KR7035900000,JYP Ent.,KOSDAQ GLOBAL,우량기업부,56900,1,2000,3.64,55300,57100,54200,155488,8735529950,2021798794800,35532492,KSQ,우량기업부,오디오물 출판 및 원판 녹음업
239,140410,KR7140410002,메지온,KOSDAQ,투자주의환기종목(소속부없음),65900,1,3400,5.44,64800,68000,62500,49549,3230258950,2002843805300,30392167,KSQ,투자주의환기종목(소속부없음),자연과학 및 공학 연구개발업
240,00680K,KR700680K019,미래에셋증권2우B,KOSPI,,14460,1,560,4.03,14300,14820,14230,227699,3298100395,1973790000000,136500000,STK,,
241,097230,KR7097230007,HJ중공업,KOSPI,,21800,1,1000,4.81,21900,21950,21300,332305,7190754750,1968438499200,90295344,STK,,토목 건설업
242,068760,KR7068760008,셀트리온제약,KOSDAQ,우량기업부,44100,1,1250,2.92,43300,44450,43100,58542,2560180325,1958142841200,44402332,KSQ,우량기업부,의약품 제조업
243,041510,KR7041510009,에스엠,KOSDAQ GLOBAL,우량기업부,85300,2,-3500,-3.94,88000,88000,83400,109940,9386785750,1952917057000,22894690,KSQ,우량기업부,오디오물 출판 및 원판 녹음업
244,083650,KR7083650002,비에이치아이,KOSDAQ,우량기업부,62900,1,900,1.45,65400,67000,62500,274501,17485017000,1946401187500,30944375,KSQ,우량기업부,일반 목적용 기계 제조업
245,462870,KR7462870007,시프트업,KOSPI,,33100,1,2350,7.64,31150,33500,31000,87923,2851972425,1941458654000,58654340,STK,,소프트웨어 개발 및 공급업
246,078600,KR7078600004,대주전자재료,KOSDAQ,우량기업부,123100,1,6000,5.12,122100,127700,120400,183965,22814075550,1923833512700,15628217,KSQ,우량기업부,전자부품 제조업
247,000120,KR7000120006,CJ대한통운,KOSPI,,84300,1,4500,5.64,82500,84300,81700,39909,3317294550,1923080599200,22812344,STK,,도로 화물 운송업
248,229640,KR7229640008,LS에코에너지,KOSPI,,62700,1,4700,8.1,60900,62700,58100,139603,8489041900,1920179913300,30624879,STK,,기타 금융업
249,192820,KR7192820009,코스맥스,KOSPI,,169000,1,3100,1.87,170300,170400,164700,33831,5680078250,1918067021000,11349509,STK,,기타 화학제품 제조업
250,002790,KR7002790004,아모레퍼시픽홀딩스,KOSPI,,24650,1,100,0.41,24650,25000,24100,95860,2361530625,1884694137000,76458180,STK,,기타 화학제품 제조업
251,140860,KR7140860008,파크시스템스,KOSDAQ GLOBAL,우량기업부,266000,1,2000,0.76,276500,278000,260000,76716,20519378750,1862656754000,7002469,KSQ,우량기업부,"측정, 시험, 항해, 제어 및 기타 정밀기기 제조업; 광학기기 제외"
252,420770,KR7420770000,기가비스,KOSDAQ,우량기업부,144900,2,-2700,-1.83,147000,149000,140800,96376,13981228650,1836717334200,12675758,KSQ,우량기업부,특수 목적용 기계 제조업
253,0009K0,KR70009K0001,에임드바이오,KOSDAQ,기술성장기업부,27900,1,700,2.57,27800,28500,26500,200360,5536049675,1804325391900,64671161,KSQ,기술성장기업부,자연과학 및 공학 연구개발업
254,112610,KR7112610001,씨에스윈드,KOSPI,,42200,1,1650,4.07,42500,43150,41550,145940,6136730350,1779633206600,42171403,STK,,"구조용 금속제품, 탱크 및 증기발생기 제조업"
255,001430,KR7001430008,세아베스틸지주,KOSPI,,49600,1,3250,7.01,49650,50500,47550,135627,6618414525,1778761102400,35862119,STK,,1차 철강 제조업
256,437730,KR7437730005,삼현,KOSDAQ,기술성장기업부,55900,1,3500,6.68,53600,55900,52600,233847,12784479800,1772452995300,31707567,KSQ,기술성장기업부,자동차 신품 부품 제조업
257,395400,KR7395400005,SK리츠,KOSPI,,5800,2,-220,-3.65,5870,6210,5600,582498,3478127070,1745902196000,301017620,STK,,부동산 임대 및 공급업
258,023590,KR7023590003,다우기술,KOSPI,,40100,1,1600,4.16,39300,40400,38800,39395,1557060500,1735821211200,43287312,STK,,"자료처리, 호스팅, 포털 및 기타 인터넷 정보매개 서비스업"
259,322000,KR7322000001,HD현대에너지솔루션,KOSPI,,152750,2,-250,-0.16,160000,160000,147100,166893,25843536650,1710800000000,11200000,STK,,반도체 제조업
260,009155,KR7009151002,삼성전기우,KOSPI,,579000,1,9000,1.58,638000,638000,578000,41034,24821600500,1683143736000,2906984,STK,,
261,017960,KR7017960006,한국카본,KOSPI,,32350,1,1100,3.52,32200,32650,31450,223552,7153075875,1671734322100,51676486,STK,,"구조용 금속제품, 탱크 및 증기발생기 제조업"
262,001800,KR7001800002,오리온홀딩스,KOSPI,,26300,2,-1650,-5.9,27600,28000,26150,102809,2736420875,1647574598600,62645422,STK,,기타 금융업
263,281820,KR7281820001,케이씨텍,KOSPI,,82300,1,5900,7.72,82700,83500,76400,173729,13964950800,1629429800300,19798661,STK,,"측정, 시험, 항해, 제어 및 기타 정밀기기 제조업; 광학기기 제외"
264,060370,KR7060370004,LS마린솔루션,KOSDAQ,우량기업부,31100,1,2050,7.06,30700,31350,29650,102773,3147973300,1624628359400,52238854,KSQ,우량기업부,전기 및 통신 공사업
265,323280,KR7323280008,태성,KOSDAQ,중견기업부,52900,1,1000,1.93,54800,54800,51400,204649,10829826500,1615459142000,30537980,KSQ,중견기업부,특수 목적용 기계 제조업
266,361610,KR7361610009,SK아이이테크놀로지,KOSPI,,19310,2,-1190,-5.8,20150,20250,19300,208101,4069981725,1579308901000,81787100,STK,,일차전지 및 이차전지 제조업
267,031330,KR7031330004,에스에이엠티,KOSDAQ,우량기업부,15650,1,560,3.71,15850,16440,15400,948623,15080766465,1564922798550,99995067,KSQ,우량기업부,기계장비 및 관련 물품 도매업
268,475830,KR7475830006,오름테라퓨틱,KOSDAQ,기술성장기업부,72300,1,1200,1.69,73500,76900,70300,337026,24629356000,1555413397500,21513325,KSQ,기술성장기업부,기초 의약물질 제조업
269,001120,KR7001120005,LX인터내셔널,KOSPI,,39700,2,-300,-0.75,40300,40500,38000,446098,17488214400,1538772000000,38760000,STK,,상품 중개업
270,039200,KR7039200001,오스코텍,KOSDAQ,벤처기업부,40150,2,-450,-1.11,41150,41400,40050,112054,4529020375,1536065766400,38258176,KSQ,벤처기업부,의약품 제조업
271,192080,KR7192080000,더블유게임즈,KOSPI,,72000,2,-2600,-3.49,74400,75200,71100,69393,5018717250,1524489696000,21173468,STK,,소프트웨어 개발 및 공급업
272,096530,KR7096530001,씨젠,KOSDAQ GLOBAL,우량기업부,28800,1,650,2.31,28800,29650,28650,168435,4901592950,1504108627200,52225994,KSQ,우량기업부,의료용품 및 기타 의약 관련제품 제조업
273,006280,KR7006280002,녹십자,KOSPI,,128700,1,4500,3.62,125100,130000,123100,33863,4332103200,1504057440600,11686538,STK,,의약품 제조업
274,005070,KR7005070008,코스모신소재,KOSPI,,45200,1,2350,5.48,44550,45450,44000,66461,2982272125,1501298609200,33214571,STK,,기타 화학제품 제조업
275,006040,KR7006040000,동원산업,KOSPI,,34000,1,1700,5.26,33000,34300,32800,44145,1488853425,1500787846000,44140819,STK,,기타 금융업
276,298020,KR7298020009,효성티앤씨,KOSPI,,344500,1,20000,6.16,336000,346500,332000,11582,3926152000,1490886449000,4327682,STK,,화학섬유 제조업
277,475150,KR7475150009,SK이터닉스,KOSPI,,43500,1,2950,7.27,41300,46500,39100,2291640,99935088300,1481914674000,34067004,STK,,건물 건설업
278,020560,KR7020560009,아시아나항공,KOSPI,,7180,1,360,5.28,7020,7210,6990,95037,678064235,1479013304980,205990711,STK,,항공 여객 운송업
279,003540,KR7003540002,대신증권,KOSPI,,29500,1,900,3.15,29750,30100,29000,119063,3521310050,1451983008500,49219763,STK,,금융 지원 서비스업
280,090710,KR7090710005,휴림로봇,KOSDAQ,중견기업부,12040,1,500,4.33,11610,12430,11310,7721562,91946259530,1438264651880,119457197,KSQ,중견기업부,특수 목적용 기계 제조업
281,166090,KR7166090001,하나머티리얼즈,KOSDAQ,우량기업부,72600,1,4800,7.08,71200,73100,69900,197987,14169451650,1435859132400,19777674,KSQ,우량기업부,반도체 제조업
282,032350,KR7032350001,롯데관광개발,KOSPI,,17890,2,-200,-1.11,18460,18580,17480,359180,6414108335,1424070369860,79601474,STK,,여행사 및 기타 여행보조 서비스업
283,066575,KR7066571001,LG전자우,KOSPI,,82300,1,5000,6.47,80600,84900,80000,157584,13007739950,1414020907700,17181299,STK,,
284,069620,KR7069620003,대웅제약,KOSPI,,121400,1,1100,0.91,123900,124100,120500,13008,1580862450,1406610205000,11586575,STK,,의약품 제조업
285,034230,KR7034230003,파라다이스,KOSPI,,15180,1,420,2.85,15120,15390,14600,380057,5702923515,1406114018760,92629382,STK,,유원지 및 기타 오락관련 서비스업
286,073240,KR7073240004,금호타이어,KOSPI,,4865,1,345,7.63,4600,4880,4600,481497,2304889932,1397521296255,287260287,STK,,고무제품 제조업
287,099320,KR7099320004,쎄트렉아이,KOSDAQ,우량기업부,126300,1,12600,11.08,122800,126800,117100,118666,14456166100,1383146411400,10951278,KSQ,우량기업부,"항공기,우주선 및 부품 제조업"
288,101490,KR7101490001,에스앤에스텍,KOSDAQ GLOBAL,우량기업부,64700,1,1700,2.7,69000,69400,64400,436148,28772053200,1380366671300,21334879,KSQ,우량기업부,전자부품 제조업
289,003570,KR7003570009,SNT다이내믹스,KOSPI,,41350,1,700,1.72,41350,41750,40350,49580,2019433750,1374999020950,33252697,STK,,자동차 신품 부품 제조업
290,195870,KR7195870001,해성디에스,KOSPI,,80400,2,-500,-0.62,84800,86100,78000,236656,19110745500,1366800000000,17000000,STK,,전자부품 제조업
291,001820,KR7001820000,삼화콘덴서,KOSPI,,128700,2,-4600,-3.45,140000,143900,128700,728929,97106957100,1337836500000,10395000,STK,,전자부품 제조업
292,007310,KR7007310006,오뚜기,KOSPI,,333500,2,-6500,-1.91,337500,337500,329000,4350,1440226250,1336611305000,4007830,STK,,기타 식품 제조업
293,181710,KR7181710005,NHN,KOSPI,,40550,1,450,1.12,40500,41550,39450,155086,6278566225,1328139786450,32753139,STK,,소프트웨어 개발 및 공급업
294,294870,KR7294870001,IPARK현대산업개발,KOSPI,,20100,1,760,3.93,20100,20400,19810,67834,1366271175,1324737333000,65907330,STK,,건물 건설업
295,038500,KR7038500005,삼표시멘트,KOSDAQ GLOBAL,우량기업부,12230,1,540,4.62,11760,12370,11510,1677976,20225017495,1319816422380,107916306,KSQ,우량기업부,기타 비금속 광물제품 제조업
296,183300,KR7183300003,코미코,KOSDAQ,우량기업부,125800,2,-13400,-9.63,133600,134400,123600,336897,43111253550,1315954047200,10460684,KSQ,우량기업부,특수 목적용 기계 제조업
297,476830,KR7476830005,알지노믹스,KOSDAQ,기술성장기업부,94100,1,1300,1.4,94700,97000,89200,105498,9810577550,1311174532200,13933842,KSQ,기술성장기업부,자연과학 및 공학 연구개발업
298,232140,KR7232140004,와이씨,KOSDAQ,우량기업부,15940,1,990,6.62,15750,16290,15380,1188492,18915232535,1307802879000,82045350,KSQ,우량기업부,특수 목적용 기계 제조업
299,077970,KR7077970002,STX엔진,KOSPI,,32550,1,900,2.84,33500,33550,31750,341894,11080286325,1306819450650,40148063,STK,,일반 목적용 기계 제조업
300,295310,KR7295310007,에이치브이엠,KOSDAQ,기술성장기업부,107500,2,-2400,-2.18,115200,117500,105500,387215,42307503150,1292933782500,12027291,KSQ,기술성장기업부,1차 비철금속 제조업
301,030610,KR7030610000,교보증권,KOSPI,,11330,1,540,5.0,11240,11400,11100,41644,469000815,1291200348130,113962961,STK,,금융 지원 서비스업
302,004000,KR7004000006,롯데정밀화학,KOSPI,,49800,1,950,1.94,49900,49950,48550,23604,1165760575,1284840000000,25800000,STK,,기초 화학물질 제조업
303,012630,KR7012630000,HDC,KOSPI,,21400,1,1540,7.75,20450,21500,20200,54734,1146037350,1278472829400,59741721,STK,,기타 금융업
304,003530,KR7003530003,한화투자증권,KOSPI,,5910,1,430,7.85,5700,5950,5700,1269352,7388584510,1267977350250,214547775,STK,,금융 지원 서비스업
305,000815,KR7000811000,삼성화재우,KOSPI,,417500,1,11000,2.71,410000,422000,408500,14352,5981521250,1255430850000,3007020,STK,,
306,445680,KR7445680002,큐리옥스바이오시스템즈,KOSDAQ,기술성장기업부,72500,1,3100,4.47,71500,72500,68100,48682,3421808100,1247235987500,17203255,KSQ,기술성장기업부,의료용 기기 제조업
307,051915,KR7051911006,LG화학우,KOSPI,,160000,1,14000,9.59,151600,160600,151600,16374,2565691900,1230208000000,7688800,STK,,
308,032500,KR7032500001,케이엠더블유,KOSDAQ,중견기업부,29150,1,2650,10.0,28150,29200,26900,281945,7957392075,1229888084150,42191701,KSQ,중견기업부,통신 및 방송 장비 제조업
309,083450,KR7083450007,GST,KOSDAQ,우량기업부,66200,1,6200,10.33,63800,67500,62600,468933,30754504050,1220066000000,18430000,KSQ,우량기업부,특수 목적용 기계 제조업
310,415640,KR7415640002,KB발해인프라,KOSPI,,9900,3,0,0.0,9850,10090,9840,142709,1425871130,1213200925200,122545548,STK,,신탁업 및 집합투자업
311,195940,KR7195940002,HK이노엔,KOSDAQ GLOBAL,우량기업부,42700,1,950,2.28,42850,43150,41900,96578,4100980850,1209686345700,28329891,KSQ,우량기업부,의약품 제조업
312,036540,KR7036540003,SFA반도체,KOSDAQ,중견기업부,7320,1,410,5.93,7400,7500,7160,2769389,20296298000,1203849417960,164460303,KSQ,중견기업부,반도체 제조업
313,082640,KR7082640004,동양생명,KOSPI,,7670,1,270,3.65,7430,7680,7400,126465,961255130,1196999996270,156062581,STK,,보험업
314,003380,KR7003380003,하림지주,KOSDAQ GLOBAL,우량기업부,10680,1,410,3.99,10550,10840,10490,351360,3743083585,1196220032280,112005621,KSQ,우량기업부,기타 금융업
315,090360,KR7090360009,로보스타,KOSDAQ,중견기업부,120600,1,14300,13.45,109500,131500,108800,1392316,169570467000,1175850000000,9750000,KSQ,중견기업부,특수 목적용 기계 제조업
316,189300,KR7189300007,인텔리안테크,KOSDAQ,우량기업부,108800,1,4800,4.62,112100,112100,102300,104845,11160428250,1168239673600,10737497,KSQ,우량기업부,통신 및 방송 장비 제조업
317,065350,KR7065350001,신성델타테크,KOSDAQ,우량기업부,42500,1,2250,5.59,41100,42700,40500,82226,3426455125,1168067790000,27483948,KSQ,우량기업부,가정용 기기 제조업
318,458870,KR7458870003,씨어스,KOSDAQ,기술성장기업부,30600,1,1350,4.62,29700,31250,28550,255115,7619987200,1164628044000,38059740,KSQ,기술성장기업부,의료용 기기 제조업
319,000210,KR7000210005,DL,KOSPI,,55500,1,3500,6.73,55200,55900,53400,73282,4015174100,1163051562000,20955884,STK,,기초 화학물질 제조업
320,127120,KR7127120004,제이에스링크,KOSDAQ,벤처기업부,33450,1,600,1.83,33550,34200,32050,76341,2501880975,1158073988700,34621046,KSQ,벤처기업부,자연과학 및 공학 연구개발업
321,000080,KR7000080002,하이트진로,KOSPI,,16460,1,30,0.18,16450,16540,16140,101332,1653650035,1154399237060,70133611,STK,,알코올음료 제조업
322,388210,KR7388210007,씨엠티엑스,KOSDAQ,벤처기업부,119200,1,7900,7.1,118800,120200,114400,45872,5392320350,1150809009600,9654438,KSQ,벤처기업부,전자부품 제조업
323,417200,KR7417200003,LS머트리얼즈,KOSDAQ,중견기업부,16970,1,660,4.05,17070,17500,16600,628369,10708470835,1148065623230,67652659,KSQ,중견기업부,전자부품 제조업
324,085660,KR7085660009,차바이오텍,KOSDAQ,중견기업부,12130,1,390,3.32,12150,12260,11730,193326,2323569890,1127760621980,92972846,KSQ,중견기업부,기초 의약물질 제조업
325,330590,KR7330590001,롯데리츠,KOSPI,,3865,1,130,3.48,3650,3900,3650,342701,1322248486,1116864736660,288968884,STK,,부동산 임대 및 공급업
326,089860,KR7089860001,롯데렌탈,KOSPI,,30700,1,100,0.33,30750,31100,30550,15404,474171025,1114698211600,36309388,STK,,운송장비 임대업
327,328130,KR7328130000,루닛,KOSDAQ,기술성장기업부,14920,2,-1200,-7.44,16200,16390,14920,921883,14031003065,1109788929120,74382636,KSQ,기술성장기업부,소프트웨어 개발 및 공급업
328,281740,KR7281740001,레이크머티리얼즈,KOSDAQ,우량기업부,16570,1,870,5.54,16150,16920,16050,315675,5233350245,1089155180360,65730548,KSQ,우량기업부,기타 화학제품 제조업
329,124500,KR7124500000,아이티센글로벌,KOSDAQ,우량기업부,46700,1,3300,7.6,45050,46800,43300,286779,12998412150,1083651410900,23204527,KSQ,우량기업부,"컴퓨터 프로그래밍, 시스템 통합 및 관리업"
330,074600,KR7074600008,원익QnC,KOSDAQ,우량기업부,40900,1,4700,12.98,38100,41000,36700,630872,24320710325,1075179200000,26288000,KSQ,우량기업부,유리 및 유리제품 제조업
331,003090,KR7003090008,대웅,KOSPI,,18430,1,380,2.11,18250,18790,18110,28410,525172370,1071556691400,58141980,STK,,의약품 제조업
332,027360,KR7027360007,아주IB투자,KOSDAQ,중견기업부,8830,2,-20,-0.23,9080,9980,8560,5985992,54700942755,1069713934980,121145406,KSQ,중견기업부,기타 금융업
333,300720,KR7300720000,한일시멘트,KOSPI,,14460,1,530,3.8,14400,14470,14100,56411,807440840,1063463722140,73545209,STK,,"시멘트, 석회, 플라스터 및 그 제품 제조업"
334,003240,KR7003240009,태광산업,KOSPI,,955000,1,53000,5.88,922000,959000,919000,1008,945157500,1063297000000,1113400,STK,,화학섬유 제조업
335,491000,KR7491000006,리브스메드,KOSDAQ,기술성장기업부,41600,1,1000,2.46,41650,43150,38800,235981,9740730300,1040182665600,25004391,KSQ,기술성장기업부,의료용 기기 제조업
336,496320,KR7496320003,본시스템즈,KONEX,일반기업부,1023000,0,0,0.0,0,0,0,0,0,1039340379000,1015973,KNX,일반기업부,특수 목적용 기계 제조업
337,388720,KR7388720005,유일로보틱스,KOSDAQ,벤처기업부,86600,1,3200,3.84,86800,89400,84600,69178,5981424400,1020264477000,11781345,KSQ,벤처기업부,특수 목적용 기계 제조업
338,356860,KR7356860007,티엘비,KOSDAQ,우량기업부,102900,2,-3200,-3.02,113000,113300,99300,208391,21424691050,1011777627000,9832630,KSQ,우량기업부,전자부품 제조업
339,009450,KR7009450008,경동나비엔,KOSPI,,69200,1,300,0.44,69500,70100,68400,15395,1063967550,1008146566400,14568592,STK,,가정용 기기 제조업
340,161580,KR7161580006,필옵틱스,KOSDAQ,중견기업부,42950,1,1850,4.5,43000,43300,41200,156437,6590330075,1006844508650,23442247,KSQ,중견기업부,특수 목적용 기계 제조업
341,280360,KR7280360009,롯데웰푸드,KOSPI,,109300,1,4300,4.1,106100,109700,105500,17467,1882860000,1006059938200,9204574,STK,,기타 식품 제조업
342,137400,KR7137400008,피엔티,KOSDAQ GLOBAL,우량기업부,42450,1,2600,6.52,41600,42500,40750,92012,3855900775,1005671403600,23690728,KSQ,우량기업부,특수 목적용 기계 제조업
343,036830,KR7036830008,솔브레인홀딩스,KOSDAQ GLOBAL,우량기업부,49000,1,5250,12.0,46050,49050,45000,48622,2281477200,1004695069000,20503981,KSQ,우량기업부,회사 본부 및 경영 컨설팅 서비스업
344,397030,KR7397030008,에이프릴바이오,KOSDAQ,기술성장기업부,42450,2,-650,-1.51,44900,45000,42200,110803,4810597750,993916913700,23413826,KSQ,기술성장기업부,자연과학 및 공학 연구개발업
345,057050,KR7057050007,현대홈쇼핑,KOSPI,,82700,1,4000,5.08,78800,83100,78800,9022,735006100,992400000000,12000000,STK,,무점포 소매업
346,252990,KR7252990007,샘씨엔에스,KOSDAQ,우량기업부,16480,1,2060,14.29,15000,16770,14860,1401258,22759131945,992390810720,60217889,KSQ,우량기업부,전자부품 제조업
347,490470,KR7490470002,세미파이브,KOSDAQ,기술성장기업부,29100,1,2150,7.98,28500,30175,27850,588231,17095239050,990140304000,34025440,KSQ,기술성장기업부,"건축기술, 엔지니어링 및 관련 기술 서비스업"
348,185750,KR7185750007,종근당,KOSPI,,71700,1,1900,2.72,70400,72200,70200,20786,1482254600,989659326000,13802780,STK,,의약품 제조업
349,005300,KR7005300009,롯데칠성,KOSPI,,106600,1,5200,5.13,103800,107500,103800,17337,1829846100,989129034400,9278884,STK,,비알코올음료 및 얼음 제조업
350,115180,KR7115180002,큐리언트,KOSDAQ,벤처기업부,26250,2,-700,-2.6,27550,27850,26150,59148,1578983025,984071943750,37488455,KSQ,벤처기업부,자연과학 및 공학 연구개발업
351,003470,KR7003470002,유안타증권,KOSPI,,5070,1,275,5.74,5000,5110,4915,396673,1992296034,976888117140,192680102,STK,,금융 지원 서비스업
352,456040,KR7456040005,OCI,KOSPI,,109100,1,3000,2.83,109300,115100,106400,38971,4301046250,976717204500,8952495,STK,,기초 화학물질 제조업
353,499790,KR7499790004,GS피앤엘,KOSPI,,49250,2,-1550,-3.05,50800,51900,48550,58407,2897928200,976668919250,19830841,STK,,기타 금융업
354,100090,KR7100090000,SK오션플랜트,KOSPI,,15600,1,380,2.5,15570,15800,15220,544781,8446028400,974658812400,62478129,STK,,1차 철강 제조업
355,071055,KR7071051007,한국금융지주우,KOSPI,,166200,1,5000,3.1,164800,169900,163000,8440,1401565100,973641316200,5858251,STK,,
356,466100,KR7466100005,클로봇,KOSDAQ,기술성장기업부,38200,1,2150,5.96,37200,38750,36250,247725,9272738375,972542929800,25459239,KSQ,기술성장기업부,소프트웨어 개발 및 공급업
357,056190,KR7056190002,에스에프에이,KOSDAQ GLOBAL,우량기업부,26900,1,1900,7.6,26250,27000,25700,60090,1586614050,965945644000,35908760,KSQ,우량기업부,특수 목적용 기계 제조업
358,204270,KR7204270003,제이앤티씨,KOSDAQ,중견기업부,16530,1,250,1.54,17000,17060,16440,138378,2307631595,956235142980,57848466,KSQ,중견기업부,전자부품 제조업
359,192400,KR7192400000,쿠쿠홀딩스,KOSPI,,26150,1,150,0.58,26000,26950,26000,11601,303343300,929951137750,35562185,STK,,기타 금융업
360,006110,KR7006110001,삼아알미늄,KOSPI,,61200,1,1200,2.0,61700,64700,59400,131536,8203879200,925555446000,15123455,STK,,1차 비철금속 제조업
361,048410,KR7048410005,현대바이오,KOSDAQ,중견기업부,9570,1,490,5.4,9350,9800,9190,967438,9268827905,923558324040,96505572,KSQ,중견기업부,기타 화학제품 제조업
362,248070,KR7248070005,솔루엠,KOSPI,,19260,1,1090,6.0,19050,19290,18750,171490,3264335640,920940705360,47816236,STK,,전자부품 제조업
363,298050,KR7298050006,HS효성첨단소재,KOSPI,,205500,1,11100,5.71,198000,206000,194000,7428,1496131500,920629314000,4479948,STK,,화학섬유 제조업
364,365550,KR7365550003,ESR켄달스퀘어리츠,KOSPI,,3735,1,70,1.91,3665,3880,3600,321927,1216644457,919142415000,246089000,STK,,부동산 임대 및 공급업
365,213420,KR7213420003,덕산네오룩스,KOSDAQ,우량기업부,36950,2,-100,-0.27,38000,38200,36500,131828,4890038200,917512064050,24831179,KSQ,우량기업부,전자부품 제조업
366,090460,KR7090460007,비에이치,KOSPI,,27000,1,1550,6.09,26750,27300,25900,329977,8823483775,910211526000,33711538,STK,,전자부품 제조업
367,000670,KR7000670000,영풍,KOSPI,,48750,1,2150,4.61,48600,49200,47100,13292,641192175,897520796250,18410683,STK,,1차 비철금속 제조업
368,137310,KR7137310009,에스디바이오센서,KOSPI,,7390,1,250,3.5,7310,7470,7220,36429,269406360,892335863780,120749102,STK,,의료용 기기 제조업
369,086450,KR7086450004,동국제약,KOSDAQ GLOBAL,우량기업부,19570,1,630,3.33,19160,19800,18400,514993,9881692220,885159319400,45230420,KSQ,우량기업부,의약품 제조업
370,451800,KR7451800007,한화리츠,KOSPI,,4895,2,-125,-2.49,4970,5320,4625,196133,992876035,879142000000,179600000,STK,,부동산 임대 및 공급업
371,336370,KR7336370002,솔루스첨단소재,KOSPI,,12510,1,1320,11.8,11730,12770,11450,495951,6077971010,878418973440,70217344,STK,,전자부품 제조업
372,122870,KR7122870009,와이지엔터테인먼트,KOSDAQ GLOBAL,우량기업부,46800,1,2300,5.17,44550,46950,43800,102958,4716433000,874741093200,18691049,KSQ,우량기업부,오디오물 출판 및 원판 녹음업
373,160190,KR7160190005,하이젠알앤엠,KOSDAQ,투자주의환기종목(소속부없음),28200,1,2300,8.88,27000,28900,26400,105403,2922869650,871041600000,30888000,KSQ,투자주의환기종목(소속부없음),"전동기, 발전기 및 전기 변환 · 공급 · 제어 장치 제조업"
374,030190,KR7030190003,NICE평가정보,KOSPI,,14750,1,10,0.07,15040,15050,14550,34899,513840115,868945023250,58911527,STK,,기타 정보 서비스업
375,075580,KR7075580001,세진중공업,KOSPI,,15250,1,360,2.42,15360,15670,15000,110069,1685726970,866954204000,56849456,STK,,선박 및 보트 건조업
376,005690,KR7005690003,파미셀,KOSPI,,14440,1,630,4.56,14270,14610,14130,329686,4740883990,866457962160,60004014,STK,,전자부품 제조업
377,033100,KR7033100009,제룡전기,KOSDAQ GLOBAL,우량기업부,53400,1,2600,5.12,54600,54600,51600,116350,6153993450,857732640600,16062409,KSQ,우량기업부,"전동기, 발전기 및 전기 변환 · 공급 · 제어 장치 제조업"
378,222080,KR7222080004,씨아이에스,KOSDAQ GLOBAL,우량기업부,10950,1,650,6.31,10730,10980,10520,899987,9698776645,851692576800,77780144,KSQ,우량기업부,특수 목적용 기계 제조업
379,376900,KR7376900007,로킷헬스케어,KOSDAQ,기술성장기업부,53600,1,3100,6.14,51400,54500,49750,121334,6322029950,850835090400,15873789,KSQ,기술성장기업부,의료용품 및 기타 의약 관련제품 제조업
380,035760,KR7035760008,CJ ENM,KOSDAQ GLOBAL,중견기업부,38750,1,650,1.71,38550,38950,37550,44154,1691820600,849754717500,21929154,KSQ,중견기업부,텔레비전 방송업
381,036530,KR7036530004,SNT홀딩스,KOSPI,,52100,1,700,1.36,51700,52100,50800,8274,425720550,849432460600,16303886,STK,,기타 금융업
382,071320,KR7071320006,지역난방공사,KOSPI,,72900,1,2800,3.99,70300,73000,70200,9469,680701900,844090437600,11578744,STK,,"증기, 냉·온수 및 공기조절 공급업"
383,003160,KR7003160009,디아이,KOSPI,,29800,1,600,2.05,30800,30800,29050,386848,11526171650,843340000000,28300000,STK,,"측정, 시험, 항해, 제어 및 기타 정밀기기 제조업; 광학기기 제외"
384,214320,KR7214320004,이노션,KOSPI,,21000,1,400,1.94,20900,21450,20100,125281,2620248050,840000000000,40000000,STK,,광고업
385,079900,KR7079900007,전진건설로봇,KOSPI,,57500,1,6800,13.41,59300,59300,55300,89893,5114574650,839071337500,14592545,STK,,특수 목적용 기계 제조업
386,006650,KR7006650006,대한유화,KOSPI,,127600,1,6700,5.54,127200,130700,126200,13942,1794772550,829400000000,6500000,STK,,기초 화학물질 제조업
387,006340,KR7006340004,대원전선,KOSPI,,10540,1,540,5.4,10450,10800,10150,3045856,31945826880,826487944640,78414416,STK,,절연선 및 케이블 제조업
388,108320,KR7108320003,LX세미콘,KOSPI,,50600,1,1950,4.01,50500,51400,49350,135685,6858210400,822973580000,16264300,STK,,반도체 제조업
389,005090,KR7005090006,SGC에너지,KOSPI,,57000,1,4800,9.2,53300,57500,52500,87645,4851121800,821331981000,14409333,STK,,전기업
390,006120,KR7006120000,SK디스커버리,KOSPI,,46950,1,2150,4.8,46050,47200,45200,12174,566481500,817575609450,17413751,STK,,기타 금융업
391,293490,KR7293490009,카카오게임즈,KOSDAQ GLOBAL,중견기업부,9100,1,390,4.48,8880,9150,8690,141409,1261700495,817060890100,89786911,KSQ,중견기업부,소프트웨어 개발 및 공급업
392,064960,KR7064960008,SNT모티브,KOSPI,,30650,1,1750,6.06,29900,30850,29800,43727,1332666250,813459336800,26540272,STK,,자동차 신품 부품 제조업
393,484870,KR7484870001,엠앤씨솔루션,KOSPI,,88600,1,16600,23.06,72300,93000,71100,64631,5515577850,811035540000,9153900,STK,,특수 목적용 기계 제조업
394,050890,KR7050890003,쏠리드,KOSDAQ,우량기업부,13320,1,900,7.25,13010,13540,12470,1416534,18478172165,809277032880,60756534,KSQ,우량기업부,통신 및 방송 장비 제조업
395,033790,KR7033790007,피노,KOSDAQ,중견기업부,9770,1,200,2.09,9900,10230,9300,1003161,9809095110,804381568760,82331788,KSQ,중견기업부,일차전지 및 이차전지 제조업
396,014620,KR7014620009,성광벤드,KOSDAQ GLOBAL,우량기업부,30200,1,2300,8.24,29900,30650,28500,91182,2709355325,802032392800,26557364,KSQ,우량기업부,1차 철강 제조업
397,053610,KR7053610002,프로텍,KOSDAQ,우량기업부,88900,1,4400,5.21,91000,92500,86700,39248,3487151400,800100000000,9000000,KSQ,우량기업부,특수 목적용 기계 제조업
398,009240,KR7009240003,한샘,KOSPI,,33950,1,1650,5.11,32850,34050,32600,31935,1071344200,798976855600,23533928,STK,,생활용품 도매업
399,171090,KR7171090004,선익시스템,KOSDAQ,우량기업부,79000,1,1200,1.54,81700,81800,77000,49641,3911468500,798107454000,10102626,KSQ,우량기업부,특수 목적용 기계 제조업
400,046890,KR7046890000,서울반도체,KOSDAQ GLOBAL,중견기업부,13650,1,450,3.41,14000,14030,13400,896873,12283608435,795868710000,58305400,KSQ,중견기업부,반도체 제조업
401,358570,KR7358570000,지아이이노베이션,KOSDAQ,기술성장기업부,12320,2,-1500,-10.85,14040,14250,12310,723874,9378425015,791705265120,64261791,KSQ,기술성장기업부,자연과학 및 공학 연구개발업
402,00088K,KR700088K015,한화3우B,KOSPI,,40750,1,550,1.37,41400,42500,40650,29985,1238968400,790730970750,19404441,STK,,
403,094170,KR7094170008,동운아나텍,KOSDAQ,우량기업부,37650,1,600,1.62,37950,38400,36850,42460,1593009100,787259090400,20909936,KSQ,우량기업부,반도체 제조업
404,033240,KR7033240003,자화전자,KOSPI,,36100,1,1100,3.14,37400,37400,35200,73316,2643792525,779958622200,21605502,STK,,전자부품 제조업
405,010780,KR7010780005,아이에스동서,KOSPI,,25800,1,1200,4.88,25900,26000,25450,18360,473300850,778823980800,30186976,STK,,"시멘트, 석회, 플라스터 및 그 제품 제조업"
406,126340,KR7126340009,비나텍,KOSDAQ,벤처기업부,108100,1,4200,4.04,111600,112600,107900,40015,4391085500,776202753400,7180414,KSQ,벤처기업부,일차전지 및 이차전지 제조업
407,032190,KR7032190001,다우데이타,KOSDAQ,우량기업부,20200,1,1560,8.37,19300,20500,19160,75932,1495248465,773660000000,38300000,KSQ,우량기업부,기계장비 및 관련 물품 도매업
408,000370,KR7000370007,한화손해보험,KOSPI,,6620,1,370,5.92,6260,6650,6070,437300,2835859430,772811617300,116738915,STK,,보험업
409,285130,KR7285130001,SK케미칼,KOSPI,,44600,1,50,0.11,44950,45300,43050,41279,1810662075,771524963600,17298766,STK,,합성고무 및 플라스틱 물질 제조업
410,253450,KR7253450001,스튜디오드래곤,KOSDAQ GLOBAL,우량기업부,25600,1,800,3.23,25200,25750,24650,49867,1261921850,769497548800,30058498,KSQ,우량기업부,"영화, 비디오물, 방송프로그램 제작 및 배급업"
411,052020,KR7052020005,에스티큐브,KOSDAQ,투자주의환기종목(소속부없음),11270,1,10,0.09,11470,11750,10400,192253,2162138810,766171689570,67983291,KSQ,투자주의환기종목(소속부없음),기계장비 및 관련 물품 도매업
412,456160,KR7456160001,지투지바이오,KOSDAQ,기술성장기업부,45700,2,-500,-1.08,47500,47900,45450,99777,4627734225,759964768200,16629426,KSQ,기술성장기업부,의약품 제조업
413,023160,KR7023160005,태광,KOSDAQ GLOBAL,우량기업부,29350,1,3250,12.45,27600,29700,27500,206300,5911601500,759203552700,25867242,KSQ,우량기업부,1차 철강 제조업
414,056080,KR7056080005,유진로봇,KOSDAQ,중견기업부,20225,1,1245,6.56,19350,20450,19100,254544,5057802100,758683274200,37512152,KSQ,중견기업부,특수 목적용 기계 제조업
415,001510,KR7001510007,SK증권,KOSPI,,3275,1,395,13.72,3040,3315,2950,6703268,21069056742,757491403375,231295085,STK,,금융 지원 서비스업
416,025540,KR7025540006,한국단자,KOSPI,,74600,2,-1500,-1.97,77500,78000,72900,33674,2501265700,754579000000,10115000,STK,,"전동기, 발전기 및 전기 변환 · 공급 · 제어 장치 제조업"
417,241710,KR7241710003,코스메카코리아,KOSDAQ GLOBAL,우량기업부,70600,1,200,0.28,71400,72500,69600,21473,1512549950,754008000000,10680000,KSQ,우량기업부,기타 화학제품 제조업
418,003850,KR7003850005,보령,KOSPI,,8770,1,370,4.4,8530,8800,8510,46531,404113420,752353805390,85787207,STK,,의약품 제조업
419,114090,KR7114090004,GKL,KOSPI,,12140,2,-170,-1.38,12250,12450,11960,208614,2539202300,750927833800,61855670,STK,,유원지 및 기타 오락관련 서비스업
420,004490,KR7004490009,세방전지,KOSPI,,54100,1,2000,3.84,53300,54400,52600,29753,1602156950,749826000000,13860000,STK,,일차전지 및 이차전지 제조업
421,033640,KR7033640004,네패스,KOSDAQ,중견기업부,32450,1,900,2.85,33400,34800,32250,305615,10054558900,748271104900,23059202,KSQ,중견기업부,반도체 제조업
422,348370,KR7348370008,엔켐,KOSDAQ,중견기업부,33900,2,-1000,-2.87,35050,35950,33700,115398,3978900775,742782662700,21910993,KSQ,중견기업부,기초 화학물질 제조업
423,006730,KR7006730006,서부T&D,KOSDAQ GLOBAL,우량기업부,11430,2,-310,-2.64,11740,11950,11280,411503,4712155270,742114729890,64926923,KSQ,우량기업부,일반 및 생활 숙박시설 운영업
424,476060,KR7476060009,온코닉테라퓨틱스,KOSDAQ,기술성장기업부,16340,1,460,2.9,16350,16640,16030,105507,1716518715,741964105600,45407840,KSQ,기술성장기업부,자연과학 및 공학 연구개발업
425,059090,KR7059090001,미코,KOSDAQ,벤처기업부,22200,1,50,0.23,22600,22750,21100,621641,13705683925,741852471600,33416778,KSQ,벤처기업부,반도체 제조업
426,079160,KR7079160008,CJ CGV,KOSPI,,4480,1,50,1.13,4475,4535,4425,191541,854254083,741809084800,165582385,STK,,"영화, 비디오물, 방송프로그램 제작 및 배급업"
427,052400,KR7052400009,코나아이,KOSDAQ GLOBAL,우량기업부,50700,1,850,1.71,51800,52000,50000,32766,1658276400,738358853700,14563291,KSQ,우량기업부,소프트웨어 개발 및 공급업
428,102710,KR7102710001,이엔에프테크놀로지,KOSDAQ,우량기업부,51600,1,5150,11.09,49500,51800,48300,125430,6319132575,737252337600,14287836,KSQ,우량기업부,기타 화학제품 제조업
429,036810,KR7036810000,에프에스티,KOSDAQ,중견기업부,33750,1,2150,6.8,33350,34100,32300,136103,4509126075,730680378750,21649789,KSQ,중견기업부,전자부품 제조업
430,002350,KR7002350007,넥센타이어,KOSPI,,7440,1,500,7.2,7050,7510,7030,266173,1965986265,726649004880,97667877,STK,,고무제품 제조업
431,121600,KR7121600001,나노신소재,KOSDAQ,우량기업부,59000,1,3500,6.31,57500,59300,56000,39224,2282794300,722967769000,12253691,KSQ,우량기업부,기타 화학제품 제조업
432,178920,KR7178920005,PI첨단소재,KOSPI,,24400,1,1700,7.49,23750,24600,23300,81740,1976519775,716538256800,29366322,STK,,플라스틱제품 제조업
433,399720,KR7399720002,가온칩스,KOSDAQ,벤처기업부,59500,1,9300,18.53,54500,63600,53100,478118,29101361750,704411218000,11838844,KSQ,벤처기업부,반도체 제조업
434,100840,KR7100840008,SNT에너지,KOSPI,,34000,1,1050,3.19,35000,35100,33450,74978,2547163725,703146622000,20680783,STK,,일반 목적용 기계 제조업
435,037460,KR7037460003,삼지전자,KOSDAQ,우량기업부,42900,1,1500,3.62,43000,44000,42100,57919,2490232900,700064593800,16318522,KSQ,우량기업부,통신 및 방송 장비 제조업
436,00104K,KR700104K010,CJ4우(전환),KOSPI,,165600,1,5600,3.5,160200,165900,157600,5039,811843050,699910387200,4226512,STK,,
437,425420,KR7425420007,티에프이,KOSDAQ,우량기업부,56600,2,-700,-1.22,59600,60000,56300,78380,4494612850,698850444600,12347181,KSQ,우량기업부,전자부품 제조업
438,093050,KR7093050003,LF,KOSPI,,23500,1,1500,6.82,22600,23950,21850,20172,466896700,687140000000,29240000,STK,,봉제의복 제조업
439,002020,KR7002020006,코오롱,KOSPI,,52700,1,1100,2.13,52500,53700,51000,37919,2005156350,680234736000,12907680,STK,,기타 금융업
440,365340,KR7365340009,성일하이텍,KOSDAQ,기술성장기업부,52600,1,1500,2.94,52300,53600,50500,36131,1872057250,679650649000,12921115,KSQ,기술성장기업부,기초 화학물질 제조업
441,033160,KR7033160003,엠케이전자,KOSDAQ,중견기업부,27950,2,-50,-0.18,29150,29550,26500,1601934,44227999650,676235324700,24194466,KSQ,중견기업부,전자부품 제조업
442,293940,KR7293940003,신한알파리츠,KOSPI,,5520,1,120,2.22,5290,5620,5290,199099,1101255615,667589478960,120940123,STK,,부동산 임대 및 공급업
443,102940,KR7102940004,코오롱생명과학,KOSDAQ,중견기업부,50700,1,1500,3.05,50100,51800,49500,18802,954322250,663693572100,13090603,KSQ,중견기업부,기초 의약물질 제조업
444,439960,KR7439960006,코스모로보틱스,KOSDAQ,기술성장기업부,20450,1,460,2.3,21000,21900,20400,1227615,25864387350,663615301700,32450626,KSQ,기술성장기업부,의료용 기기 제조업
445,044490,KR7044490001,태웅,KOSDAQ,우량기업부,33100,1,1650,5.25,33000,33450,32100,55276,1815186325,662244311100,20007381,KSQ,우량기업부,기타 금속 가공제품 제조업
446,003620,KR7003620002,KG모빌리티,KOSPI,,3265,1,165,5.32,3170,3300,3170,452882,1470425897,660754087680,202374912,STK,,자동차용 엔진 및 자동차 제조업
447,069260,KR7069260008,TKG휴켐스,KOSPI,,16110,1,50,0.31,16230,16250,15900,66903,1076244175,658554052680,40878588,STK,,기타 화학제품 제조업
448,008060,KR7008060006,대덕,KOSPI,,20950,1,1330,6.78,20700,21150,20000,112013,2308646475,655464703100,31287098,STK,,기타 금융업
449,005880,KR7005880000,대한해운,KOSPI,,2030,1,84,4.32,1968,2065,1968,2588246,5232557141,655177100200,322747340,STK,,해상 운송업
450,077360,KR7077360006,덕산하이메탈,KOSDAQ,벤처기업부,14380,1,20,0.14,14960,15700,14090,718833,10477708300,653384088760,45437002,KSQ,벤처기업부,반도체 제조업
451,007700,KR7007700008,F&F홀딩스,KOSPI,,16690,1,90,0.54,16750,16850,16350,22334,369768770,652818785230,39114367,STK,,기타 금융업
452,002960,KR7002960003,한국쉘석유,KOSPI,,502000,1,8000,1.62,496000,505000,493000,998,498166250,652600000000,1300000,STK,,석유 정제품 제조업
453,348340,KR7348340001,뉴로메카,KOSDAQ,기술성장기업부,52400,1,6550,14.29,47700,53000,46800,325609,16529918325,650239512400,12409151,KSQ,기술성장기업부,특수 목적용 기계 제조업
454,001680,KR7001680008,대상,KOSPI,,18740,1,930,5.22,18150,18930,18150,77629,1444796845,649303988500,34648025,STK,,기타 식품 제조업
455,225570,KR7225570001,넥슨게임즈,KOSDAQ,중견기업부,9830,1,310,3.26,9700,9850,9520,82947,801933340,647405510420,65860174,KSQ,중견기업부,소프트웨어 개발 및 공급업
456,348210,KR7348210006,넥스틴,KOSDAQ,우량기업부,61700,1,3200,5.47,62300,62400,59700,70435,4291028900,646431208500,10477005,KSQ,우량기업부,특수 목적용 기계 제조업
457,053800,KR7053800009,안랩,KOSDAQ,우량기업부,57800,1,900,1.58,57800,58200,57100,24814,1430411800,643112046800,11126506,KSQ,우량기업부,소프트웨어 개발 및 공급업
458,336570,KR7336570007,원텍,KOSDAQ,우량기업부,7170,2,-260,-3.5,7620,7620,7130,1313643,9537119425,642293231820,89580646,KSQ,우량기업부,의료용 기기 제조업
459,001270,KR7001270008,부국증권,KOSPI,,61800,1,3700,6.37,59200,62900,59200,8228,503844600,640858954800,10369886,STK,,금융 지원 서비스업
460,014820,KR7014820005,동원시스템즈,KOSPI,,22050,1,600,2.8,21850,22850,20850,61163,1343131650,639257768100,28991282,STK,,플라스틱제품 제조업
461,005180,KR7005180005,빙그레,KOSPI,,68900,1,1600,2.38,68200,69200,67700,11831,809611450,638636235900,9269031,STK,,동·식물성 유지 및 낙농제품 제조업
462,001060,KR7001060003,JW중외제약,KOSPI,,27350,1,850,3.21,27000,27400,26600,26244,710463300,636870185500,23285930,STK,,의약품 제조업
463,330860,KR7330860008,네패스아크,KOSDAQ,중견기업부,52200,1,5200,11.06,49000,52500,47650,361814,18321147225,636007149000,12184045,KSQ,중견기업부,"그외 기타 전문, 과학 및 기술 서비스업"
464,317450,KR7317450005,명인제약,KOSPI,,43550,1,250,0.58,44200,44700,42950,25846,1128435625,635830000000,14600000,STK,,의약품 제조업
465,041960,KR7041960006,코미팜,KOSDAQ,벤처기업부,8590,1,220,2.63,8500,8700,8390,244212,2088840380,634684992050,73886495,KSQ,벤처기업부,의약품 제조업
466,001570,KR7001570001,금양,KOSPI,,9900,0,0,0.0,0,0,0,0,0,633275240400,63967196,STK,,기초 화학물질 제조업
467,089890,KR7089890008,코세스,KOSDAQ,우량기업부,38150,1,400,1.06,39000,39150,37200,46414,1771408525,632716300300,16584962,KSQ,우량기업부,특수 목적용 기계 제조업
468,009520,KR7009520008,포스코엠텍,KOSDAQ GLOBAL,중견기업부,15160,1,1030,7.29,14690,15230,14580,87610,1309920225,631303377480,41642703,KSQ,중견기업부,1차 철강 제조업
469,383800,KR7383800000,LX홀딩스,KOSPI,,8200,1,310,3.93,8030,8280,8010,67782,549078710,625501658000,76280690,STK,,기타 금융업
470,112040,KR7112040001,위메이드,KOSDAQ,중견기업부,18390,1,500,2.79,18000,18450,17770,70887,1280992585,624312602370,33948483,KSQ,중견기업부,소프트웨어 개발 및 공급업
471,122640,KR7122640006,예스티,KOSDAQ,벤처기업부,28800,1,1250,4.54,28300,29250,27000,269782,7548256850,621672998400,21585868,KSQ,벤처기업부,특수 목적용 기계 제조업
472,006380,KR7006380000,카프로,KOSPI,,3660,0,0,0.0,0,0,0,0,0,618539985360,168999996,STK,,기초 화학물질 제조업
473,086900,KR7086900008,메디톡스,KOSDAQ,우량기업부,84300,1,1100,1.32,83400,84700,81100,28771,2397216800,615263297100,7298497,KSQ,우량기업부,기초 의약물질 제조업
474,249420,KR7249420001,일동제약,KOSPI,,19390,1,820,4.42,19290,19690,18900,85740,1658838015,613465706280,31638252,STK,,의약품 제조업
475,060250,KR7060250008,NHN KCP,KOSDAQ,우량기업부,15260,1,730,5.02,15040,15450,14650,255176,3833060125,612850923860,40160611,KSQ,우량기업부,금융 지원 서비스업
476,016380,KR7016380008,KG스틸,KOSPI,,6120,1,300,5.15,5980,6160,5860,324298,1945966040,612054449640,100008897,STK,,1차 철강 제조업
477,253590,KR7253590004,네오셈,KOSDAQ,우량기업부,13920,1,790,6.02,13880,13950,13310,327701,4487172470,610658762880,43869164,KSQ,우량기업부,특수 목적용 기계 제조업
478,093320,KR7093320000,케이아이엔엑스,KOSDAQ,우량기업부,125100,1,10700,9.35,115000,126800,115000,26763,3303040700,610488000000,4880000,KSQ,우량기업부,"자료처리, 호스팅, 포털 및 기타 인터넷 정보매개 서비스업"
479,041830,KR7041830001,인바디,KOSDAQ,우량기업부,45200,2,-1000,-2.16,46200,47450,44000,44282,2027865700,609335866400,13480882,KSQ,우량기업부,의료용 기기 제조업
480,082270,KR7082270000,젬백스,KOSDAQ,벤처기업부,13760,1,850,6.58,13510,13900,13200,136804,1858643840,609144233280,44269203,KSQ,벤처기업부,특수 목적용 기계 제조업
481,170920,KR7170920003,엘티씨,KOSDAQ,벤처기업부,57600,2,-200,-0.35,60000,60700,53000,423632,23783373200,608493657600,10564126,KSQ,벤처기업부,기초 화학물질 제조업
482,174900,KR7174900001,앱클론,KOSDAQ,벤처기업부,30450,1,750,2.53,30500,31400,29550,98292,3002879175,607542328050,19952129,KSQ,벤처기업부,의료용품 및 기타 의약 관련제품 제조업
483,383310,KR7383310000,에코프로에이치엔,KOSDAQ,우량기업부,28950,1,1800,6.63,28050,29400,27450,174749,4989712125,607224281400,20974932,KSQ,우량기업부,기타 화학제품 제조업
484,389470,KR7389470006,인벤티지랩,KOSDAQ,기술성장기업부,45550,1,1150,2.59,44850,47000,44500,34068,1567534725,606166099400,13307708,KSQ,기술성장기업부,자연과학 및 공학 연구개발업
485,104830,KR7104830005,원익머트리얼즈,KOSDAQ,우량기업부,47725,1,4125,9.46,45300,48300,44600,78233,3649586625,601716800000,12608000,KSQ,우량기업부,기초 화학물질 제조업
486,000400,KR7000400002,롯데손해보험,KOSPI,,1937,1,73,3.92,1864,1941,1864,190680,367007778,601121451840,310336320,STK,,보험업
487,019210,KR7019210004,와이지-원,KOSDAQ,우량기업부,16110,1,1850,12.97,14720,16180,14510,577675,9037159015,599190958080,37193728,KSQ,우량기업부,기타 금속 가공제품 제조업
488,002840,KR7002840007,미원상사,KOSPI,,125600,2,-1800,-1.41,128600,129900,123200,4850,607189300,596600000000,4750000,STK,,기타 화학제품 제조업
489,045100,KR7045100005,한양이엔지,KOSDAQ,우량기업부,33800,1,2400,7.64,32500,33900,32300,105639,3512847150,591500000000,17500000,KSQ,우량기업부,"건축기술, 엔지니어링 및 관련 기술 서비스업"
490,486990,KR7486990005,노타,KOSDAQ,기술성장기업부,27700,1,450,1.65,29000,29500,27550,212837,5967468325,591290571000,21346230,KSQ,기술성장기업부,소프트웨어 개발 및 공급업
491,017940,KR7017940008,E1,KOSPI,,86100,1,1200,1.41,86300,87300,84800,6518,561330700,590646000000,6860000,STK,,기타 전문 도매업
492,001500,KR7001500008,현대차증권,KOSPI,,9450,1,570,6.42,9330,9540,9250,77984,733545040,584322265800,61833044,STK,,금융 지원 서비스업
493,272290,KR7272290008,이녹스첨단소재,KOSDAQ GLOBAL,우량기업부,29000,1,1050,3.76,29050,29150,28250,88354,2537339625,578187761000,19937509,KSQ,우량기업부,전자부품 제조업
494,327260,KR7327260006,RF머트리얼즈,KOSDAQ,벤처기업부,68000,1,3000,4.62,70000,70000,64100,106188,7079075400,577669180000,8495135,KSQ,벤처기업부,전자부품 제조업
495,003030,KR7003030004,세아제강지주,KOSPI,,139300,1,5300,3.96,138500,143200,135900,19573,2739046400,576932820100,4141657,STK,,기타 금융업
496,376300,KR7376300000,디어유,KOSDAQ,우량기업부,24200,1,600,2.54,24050,24600,23800,65124,1573326625,574469425200,23738406,KSQ,우량기업부,소프트웨어 개발 및 공급업
497,453340,KR7453340002,현대그린푸드,KOSPI,,17690,1,470,2.73,17390,17800,17280,24730,435711930,574422374030,32471587,STK,,종합 소매업
498,033500,KR7033500000,동성화인텍,KOSDAQ,우량기업부,19040,1,890,4.9,18930,19130,18300,93016,1749334840,570999965760,29989494,KSQ,우량기업부,기초 화학물질 제조업
499,015750,KR7015750003,성우하이텍,KOSDAQ,우량기업부,7100,1,490,7.41,6870,7150,6820,291708,2050472925,568000000000,80000000,KSQ,우량기업부,자동차 신품 부품 제조업
500,200710,KR7200710002,에이디테크놀로지,KOSDAQ,중견기업부,42050,1,4650,12.43,40000,43500,38500,244586,10157494500,566077394350,13462007,KSQ,중견기업부,반도체 제조업
501,058650,KR7058650003,세아홀딩스,KOSPI,,132500,1,7800,6.26,129800,132500,124900,8146,1043736500,562096270000,4242236,STK,,1차 철강 제조업
502,067160,KR7067160002,SOOP,KOSDAQ GLOBAL,우량기업부,48700,1,3200,7.03,46600,48900,46000,56352,2676272725,559795152900,11494767,KSQ,우량기업부,소프트웨어 개발 및 공급업
503,035890,KR7035890003,서희건설,KOSDAQ,중견기업부,2430,1,115,4.97,2410,2515,2365,1057373,2579635035,558434550510,229808457,KSQ,중견기업부,건물 건설업
504,000640,KR7000640003,동아쏘시오홀딩스,KOSPI,,82900,1,500,0.61,83100,84200,82600,13882,1157027750,558126488300,6732527,STK,,기타 금융업
505,039130,KR7039130000,하나투어,KOSPI,,36025,1,1525,4.42,35700,36450,35600,34046,1226429150,558024800300,15489932,STK,,여행사 및 기타 여행보조 서비스업
506,064290,KR7064290000,인텍플러스,KOSDAQ,중견기업부,43350,2,-650,-1.48,44700,44950,38650,604497,24876118450,557652752700,12863962,KSQ,중견기업부,특수 목적용 기계 제조업
507,094800,KR7094800000,맵스리얼티,KOSPI,,5980,1,220,3.82,5800,6030,5760,135958,809327195,555149299380,92834331,STK,,신탁업 및 집합투자업
508,168360,KR7168360006,펨트론,KOSDAQ,벤처기업부,25250,1,2100,9.07,25000,25650,24150,238914,5996514700,553135943500,21906374,KSQ,벤처기업부,특수 목적용 기계 제조업
509,268280,KR7268280005,미원에스씨,KOSPI,,110500,1,5600,5.34,106900,111100,106000,1659,180473300,552500000000,5000000,STK,,기초 화학물질 제조업
510,448900,KR7448900001,한국피아이엠,KOSDAQ,기술성장기업부,90700,1,13200,17.03,81100,93150,78400,162928,14222756250,550953249900,6074457,KSQ,기술성장기업부,자동차 신품 부품 제조업
511,017900,KR7017900002,광전자,KOSPI,,9500,1,410,4.51,9620,9900,9150,2764531,26334971625,550465748500,57943763,STK,,반도체 제조업
512,005389,KR7005383005,현대차3우B,KOSPI,,236500,1,12500,5.58,233000,239500,232500,11558,2727817000,550442398000,2327452,STK,,
513,214430,KR7214430001,아이쓰리시스템,KOSDAQ,우량기업부,75300,1,2100,2.87,73200,76600,69100,36523,2684791500,550233289500,7307215,KSQ,우량기업부,전자부품 제조업
514,031430,KR7031430002,신세계인터내셔날,KOSPI,,15720,1,1230,8.49,14880,15890,14130,153730,2361911900,549979920000,34986000,STK,,"섬유, 의복, 신발 및 가죽제품 소매업"
515,005810,KR7005810007,풍산홀딩스,KOSPI,,37200,1,1650,4.64,36000,37450,35950,16851,617831150,536323262400,14417292,STK,,기타 금융업
516,161000,KR7161000005,애경케미칼,KOSPI,,11020,1,550,5.25,10730,11060,10690,136601,1487333045,536108773180,48648709,STK,,기초 화학물질 제조업
517,217590,KR7217590009,티엠씨,KOSPI,,22250,3,0,0.0,22950,23300,20900,417187,9234333200,536096506250,24094225,STK,,절연선 및 케이블 제조업
518,009410,KR7009410002,태영건설,KOSPI,,1800,1,55,3.15,1831,1900,1764,508878,922151299,535662140400,297590078,STK,,토목 건설업
519,278280,KR7278280003,천보,KOSDAQ,중견기업부,43500,1,650,1.52,43950,44750,42000,38227,1658118775,533006587500,12253025,KSQ,중견기업부,기초 화학물질 제조업
520,452260,KR7452260003,한화갤러리아,KOSPI,,2715,1,175,6.89,2585,2750,2575,1553561,4141512968,526328841150,193859610,STK,,종합 소매업
521,125490,KR7125490003,한라캐스트,KOSDAQ,벤처기업부,14360,1,1670,13.16,13000,14690,13000,1583556,22300601735,524173774720,36502352,KSQ,벤처기업부,자동차 신품 부품 제조업
522,002240,KR7002240000,고려제강,KOSPI,,19360,1,1230,6.78,18310,19480,18310,20259,385678400,522720000000,27000000,STK,,1차 철강 제조업
523,003545,KR7003541000,대신증권우,KOSPI,,20650,1,600,2.99,20300,20700,20300,51166,1052291100,520207923550,25191667,STK,,
524,368770,KR7368770004,파이버프로,KOSDAQ,벤처기업부,15760,1,570,3.75,15540,15850,15100,142473,2199948900,517782586000,32854225,KSQ,벤처기업부,"측정, 시험, 항해, 제어 및 기타 정밀기기 제조업; 광학기기 제외"
525,475960,KR7475960001,토모큐브,KOSDAQ,기술성장기업부,38550,1,50,0.13,39450,39900,38050,30400,1174334950,515925212700,13383274,KSQ,기술성장기업부,사진장비 및 광학기기 제조업
526,089010,KR7089010003,켐트로닉스,KOSDAQ,우량기업부,30650,1,1350,4.61,30850,31150,29700,165714,5040956350,514001327550,16770027,KSQ,우량기업부,기타 화학제품 제조업
527,003300,KR7003300001,한일홀딩스,KOSPI,,16580,1,340,2.09,16590,16640,16215,12272,202158110,511185341520,30831444,STK,,"시멘트, 석회, 플라스터 및 그 제품 제조업"
528,284740,KR7284740008,쿠쿠홈시스,KOSPI,,22750,1,200,0.89,22650,22900,22350,7893,178790150,510449257500,22437330,STK,,개인 및 가정용품 임대업
529,005250,KR7005250006,녹십자홀딩스,KOSPI,,10790,2,-560,-4.93,11140,11150,10680,123096,1330088220,507434385900,47028210,STK,,회사 본부 및 경영 컨설팅 서비스업
530,460930,KR7460930001,현대힘스,KOSDAQ,우량기업부,14250,1,940,7.06,13620,14280,13610,138701,1943455440,506027061750,35510671,KSQ,우량기업부,선박 및 보트 건조업
531,005420,KR7005420005,코스모화학,KOSPI,,13050,1,780,6.36,12510,13130,12510,124431,1605489730,501227375400,38408228,STK,,기타 화학제품 제조업
532,004710,KR7004710000,한솔테크닉스,KOSPI,,12270,1,730,6.33,12000,13040,11750,961521,11988445550,498524173590,40629517,STK,,전자부품 제조업
533,377740,KR7377740006,바이오노트,KOSPI,,4875,1,65,1.35,4850,4900,4795,51719,250646138,496694484000,101886048,STK,,의료용품 및 기타 의약 관련제품 제조업
534,230360,KR7230360000,에코마케팅,KOSDAQ,우량기업부,16000,0,0,0.0,0,0,0,0,0,495980128000,30998758,KSQ,우량기업부,광고업
535,219130,KR7219130002,타이거일렉,KOSDAQ,벤처기업부,78500,1,4000,5.37,77200,79700,73300,84543,6489073650,495671765000,6314290,KSQ,벤처기업부,전자부품 제조업
536,211050,KR7211050000,인카금융서비스,KOSDAQ,우량기업부,10010,1,180,1.83,9950,10120,9740,59537,590655810,493129206570,49263657,KSQ,우량기업부,보험 및 연금관련 서비스업
537,030520,KR7030520001,한글과컴퓨터,KOSDAQ,우량기업부,20350,1,460,2.31,20100,20550,19760,166120,3346363250,492057790400,24179744,KSQ,우량기업부,소프트웨어 개발 및 공급업
538,039440,KR7039440003,에스티아이,KOSDAQ,우량기업부,31650,1,1750,5.85,31400,32100,30850,147644,4657398425,490798037550,15507047,KSQ,우량기업부,특수 목적용 기계 제조업
539,448730,KR7448730002,삼성FN리츠,KOSPI,,5340,2,-90,-1.66,5430,5640,5300,129406,705281020,486207000000,91050000,STK,,부동산 임대 및 공급업
540,200470,KR7200470003,에이팩트,KOSDAQ,중견기업부,11470,1,1300,12.78,10750,11700,10500,1685705,18863674865,485893206710,42362093,KSQ,중견기업부,반도체 제조업
541,019170,KR7019170000,신풍제약,KOSPI,,9240,1,230,2.55,9150,9370,9060,66492,610876410,484347143280,52418522,STK,,의약품 제조업
542,001530,KR7001530005,DI동일,KOSPI,,23350,1,900,4.01,22900,23650,22600,51325,1185519425,483709750350,20715621,STK,,상품 중개업
543,160980,KR7160980009,싸이맥스,KOSDAQ,우량기업부,44250,1,700,1.61,45000,47000,42600,219610,9835215725,483397752750,10924243,KSQ,우량기업부,특수 목적용 기계 제조업
544,460860,KR7460860000,동국제강,KOSPI,,9710,1,580,6.35,9490,9840,9350,230698,2206550155,481693845070,49608017,STK,,1차 철강 제조업
545,020000,KR7020000006,한섬,KOSPI,,22350,1,150,0.68,22800,22850,21700,73497,1634289800,480010815900,21476994,STK,,봉제의복 제조업
546,042000,KR7042000000,카페24,KOSDAQ,우량기업부,19800,1,430,2.22,19820,19970,19420,52942,1043359770,478727746200,24178169,KSQ,우량기업부,"자료처리, 호스팅, 포털 및 기타 인터넷 정보매개 서비스업"
547,110990,KR7110990009,디아이티,KOSDAQ,우량기업부,25250,1,2000,8.6,24800,25500,23800,149640,3705473175,477225000000,18900000,KSQ,우량기업부,특수 목적용 기계 제조업
548,014830,KR7014830004,유니드,KOSPI,,70400,2,-2600,-3.56,72900,73600,70400,11938,851140150,476439040000,6767600,STK,,기초 화학물질 제조업
549,099190,KR7099190001,아이센스,KOSDAQ,중견기업부,16500,2,-90,-0.54,17270,17270,16400,28741,477003510,474495598500,28757309,KSQ,중견기업부,의료용 기기 제조업
550,241770,KR7241770007,메카로,KOSDAQ,우량기업부,46500,1,6550,16.4,40800,47500,39950,167186,7533499675,473957760000,10192640,KSQ,우량기업부,반도체 제조업
551,356680,KR7356680009,엑스게이트,KOSDAQ,벤처기업부,16600,1,330,2.03,16880,16940,16460,366673,6115650945,473821967200,28543492,KSQ,벤처기업부,소프트웨어 개발 및 공급업
552,340570,KR7340570001,티앤엘,KOSDAQ,우량기업부,58200,2,-1000,-1.69,59300,60000,54100,34762,1992975000,473049600000,8128000,KSQ,우량기업부,의료용품 및 기타 의약 관련제품 제조업
553,008730,KR7008730004,율촌화학,KOSPI,,19070,1,1370,7.74,18010,19140,17730,86803,1602152915,472936000000,24800000,STK,,플라스틱제품 제조업
554,005945,KR7005941000,NH투자증권우,KOSPI,,25000,1,650,2.67,24750,25100,24700,30064,748205925,471774200000,18870968,STK,,
555,041190,KR7041190000,우리기술투자,KOSDAQ,우량기업부,5590,1,350,6.68,5350,5610,5290,512160,2796259925,469560000000,84000000,KSQ,우량기업부,기타 금융업
556,060280,KR7060280005,큐렉소,KOSDAQ,중견기업부,11340,1,770,7.28,10950,11430,10640,204327,2265611620,467886018600,41259790,KSQ,중견기업부,기타 상품 전문 소매업
557,024850,KR7024850000,HLB이노베이션,KOSDAQ,중견기업부,14710,1,760,5.45,14450,14840,14000,73226,1059312160,467094632240,31753544,KSQ,중견기업부,전자부품 제조업
558,251970,KR7251970000,펌텍코리아,KOSDAQ GLOBAL,우량기업부,37400,1,2350,6.7,36000,37900,35000,26373,962419125,463760000000,12400000,KSQ,우량기업부,플라스틱제품 제조업
559,025980,KR7025980004,아난티,KOSDAQ,우량기업부,4740,1,175,3.83,4590,4780,4565,437438,2050356824,461206692600,97300990,KSQ,우량기업부,일반 및 생활 숙박시설 운영업
560,271940,KR7271940009,일진하이솔루스,KOSPI,,12690,1,390,3.17,12580,12920,12350,37361,471992460,460814381100,36313190,STK,,그외 기타 운송장비 제조업
561,016610,KR7016610008,DB증권,KOSPI,,10840,1,490,4.73,10610,11250,10610,166903,1824282770,460118856760,42446389,STK,,금융 지원 서비스업
562,114810,KR7114810005,한솔아이원스,KOSDAQ,우량기업부,16310,1,910,5.91,16500,16900,15990,324046,5300772805,459015167940,28143174,KSQ,우량기업부,특수 목적용 기계 제조업
563,006220,KR7006220008,제주은행,KOSPI,,12130,2,-140,-1.14,11910,12500,11910,1114377,13640308970,458496496410,37798557,STK,,은행 및 저축기관
564,018290,KR7018290007,브이티,KOSDAQ,우량기업부,13110,1,760,6.15,12730,13200,12620,107171,1383383075,458087496180,34941838,KSQ,우량기업부,기타 화학제품 제조업
565,101160,KR7101160000,월덱스,KOSDAQ,우량기업부,27700,1,2000,7.78,27250,27900,26550,51289,1393327325,457354506100,16510993,KSQ,우량기업부,전자부품 제조업
566,001200,KR7001200005,유진투자증권,KOSPI,,4720,1,325,7.39,4550,4725,4550,653132,3021714662,457209492960,96866418,STK,,금융 지원 서비스업
567,034950,KR7034950006,한국기업평가,KOSDAQ,우량기업부,100650,1,550,0.55,101400,102400,100100,1096,110196800,457002734100,4540514,KSQ,우량기업부,기타 사업지원 서비스업
568,145990,KR7145990008,삼양사,KOSPI,,44300,1,600,1.37,43700,44400,43700,2626,115732875,456885790700,10313449,STK,,기타 식품 제조업
569,034310,KR7034310003,NICE,KOSPI,,12420,1,40,0.32,12510,12510,12230,38290,473518490,456523889940,36757157,STK,,회사 본부 및 경영 컨설팅 서비스업
570,009900,KR7009900002,명신산업,KOSPI,,8700,1,730,9.16,8550,8710,8390,184416,1577309270,456490157100,52470133,STK,,자동차 신품 부품 제조업
571,393890,KR7393890009,더블유씨피,KOSDAQ,기술성장기업부,13470,1,870,6.9,13140,13500,12800,200237,2637231845,455867149680,33843144,KSQ,기술성장기업부,일차전지 및 이차전지 제조업
572,003000,KR7003000007,부광약품,KOSPI,,4570,1,245,5.66,4400,4610,4360,316492,1425119646,450897546470,98664671,STK,,의약품 제조업
573,372320,KR7372320002,큐로셀,KOSDAQ,기술성장기업부,29500,1,900,3.15,29200,29700,28500,24396,709582425,449164581000,15225918,KSQ,기술성장기업부,자연과학 및 공학 연구개발업
574,092190,KR7092190008,서울바이오시스,KOSDAQ,투자주의환기종목(소속부없음),9790,1,470,5.04,9610,10220,9480,196286,1930680260,449051469570,45868383,KSQ,투자주의환기종목(소속부없음),반도체 제조업
575,130660,KR7130660004,한전산업,KOSPI,,13760,1,1140,9.03,12800,14100,12800,238943,3255141030,448576000000,32600000,STK,,"건축기술, 엔지니어링 및 관련 기술 서비스업"
576,000070,KR7000070003,삼양홀딩스,KOSPI,,57700,1,2700,4.91,55800,57700,55100,3693,209837000,447936120700,7763191,STK,,기타 금융업
577,036620,KR7036620003,감성코퍼레이션,KOSDAQ,우량기업부,4945,2,-85,-1.69,5080,5110,4875,387361,1918332355,447541147595,90503771,KSQ,우량기업부,기타 전문 도매업
578,144960,KR7144960002,뉴파워프라즈마,KOSDAQ,우량기업부,10240,1,1910,22.93,8690,10300,8510,943252,8813308005,447412469760,43692624,KSQ,우량기업부,특수 목적용 기계 제조업
579,005950,KR7005950001,이수화학,KOSPI,,16990,1,1770,11.63,14910,17280,14740,1924104,31425114885,446737931310,26294169,STK,,기초 화학물질 제조업
580,078350,KR7078350006,한양디지텍,KOSDAQ,우량기업부,29100,1,2200,8.18,29000,29850,28050,181560,5238669275,443611516200,15244382,KSQ,우량기업부,반도체 제조업
581,004690,KR7004690004,삼천리,KOSPI,,121800,1,1800,1.5,120600,122700,120500,6139,749145050,441741438600,3626777,STK,,연료용 가스 제조 및 배관공급업
582,011930,KR7011930005,신성이엔지,KOSPI,,21250,1,1050,5.2,21100,21500,20600,231167,4846529250,437427318750,20584815,STK,,반도체 제조업
583,290550,KR7290550003,디케이티,KOSDAQ,우량기업부,21800,1,350,1.63,22000,22400,20900,313201,6810458550,436026814000,20001230,KSQ,우량기업부,전자부품 제조업
584,072710,KR7072710007,농심홀딩스,KOSPI,,93900,1,3600,3.99,90700,94200,90700,4559,422808000,435488481000,4637790,STK,,기타 금융업
585,095660,KR7095660007,네오위즈,KOSDAQ,우량기업부,20100,1,370,1.88,19900,20200,19620,29434,585549620,434892825900,21636459,KSQ,우량기업부,소프트웨어 개발 및 공급업
586,403550,KR7403550007,쏘카,KOSPI,,11450,1,250,2.23,11650,11650,11220,31839,362594495,434412335900,37939942,STK,,운송장비 임대업
587,003280,KR7003280005,흥아해운,KOSPI,,1796,2,-55,-2.97,1797,1839,1750,7085623,12750008124,431803118604,240424899,STK,,해상 운송업
588,381970,KR7381970003,케이카,KOSPI,,8820,1,300,3.52,8710,8970,8570,77010,677795015,430599879360,48820848,STK,,자동차 판매업
589,389500,KR7389500000,에스비비테크,KOSDAQ,기술성장기업부,64600,1,8900,15.98,57900,65900,57500,151568,9466553900,430460291200,6663472,KSQ,기술성장기업부,일반 목적용 기계 제조업
590,0011T0,KR70011T0008,채비,KOSDAQ,기술성장기업부,9110,1,770,9.23,8480,9590,8470,337678,3028211870,427710774010,46949591,KSQ,기술성장기업부,"전동기, 발전기 및 전기 변환 · 공급 · 제어 장치 제조업"
591,029530,KR7029530003,신도리코,KOSPI,,43950,1,1350,3.17,43000,44250,42800,5800,252541725,427006289550,9715729,STK,,컴퓨터 및 주변장치 제조업
592,079940,KR7079940003,가비아,KOSDAQ,우량기업부,31800,1,800,2.58,31250,32000,31100,8628,273259350,426777751200,13420684,KSQ,우량기업부,소프트웨어 개발 및 공급업
593,101930,KR7101930006,인화정공,KOSDAQ,우량기업부,9240,1,510,5.84,9180,9290,8900,17136,155278290,426559148400,46164410,KSQ,우량기업부,선박 및 보트 건조업
594,060980,KR7060980000,HL홀딩스,KOSPI,,46750,1,5750,14.02,42250,47000,42250,57911,2628755925,424436097250,9078847,STK,,기타 금융업
595,425040,KR7425040003,티이엠씨,KOSDAQ,우량기업부,19770,1,2800,16.5,18500,21000,18300,2120912,42067764470,422577463140,21374682,KSQ,우량기업부,기초 화학물질 제조업
596,002030,KR7002030005,아세아,KOSPI,,204500,1,11200,5.79,195700,206500,192500,3968,782395800,421035234000,2058852,STK,,회사 본부 및 경영 컨설팅 서비스업
597,025320,KR7025320003,시노펙스,KOSDAQ,우량기업부,4565,1,135,3.05,4520,4630,4260,284560,1293716835,420721597945,92162453,KSQ,우량기업부,전자부품 제조업
598,138080,KR7138080007,오이솔루션,KOSDAQ,벤처기업부,33900,1,3300,10.78,31950,34950,30500,375259,12402923250,419605996200,12377758,KSQ,벤처기업부,통신 및 방송 장비 제조업
599,000157,KR7000152009,두산2우B,KOSPI,,467500,1,28000,6.37,460000,484000,460000,873,410223750,417495265000,893038,STK,,
600,015360,KR7015360001,INVENI,KOSPI,,15310,1,440,2.96,15050,15340,14990,20900,316617300,417197500000,27250000,STK,,회사 본부 및 경영 컨설팅 서비스업
601,950210,KR8702070002,프레스티지바이오파마,KOSPI,,6940,1,400,6.12,6540,6950,6540,51394,346615050,417067315700,60096155,STK,,자연과학 및 공학 연구개발업
602,493280,KR7493280002,아이엠바이오로직스,KOSDAQ,기술성장기업부,28100,1,1200,4.46,27850,28500,26900,32564,905542050,416651316900,14827449,KSQ,기술성장기업부,자연과학 및 공학 연구개발업
603,417310,KR7417310000,코람코더원리츠,KOSPI,,10260,1,40,0.39,10220,10380,10170,215975,2221723245,414504000000,40400000,STK,,부동산 임대 및 공급업
604,052710,KR7052710001,아모텍,KOSDAQ,중견기업부,28350,1,700,2.53,29000,30700,27650,469792,13572615125,414265679100,14612546,KSQ,중견기업부,전자부품 제조업
605,004700,KR7004700001,조광피혁,KOSPI,,62300,1,1500,2.47,62000,63400,61700,2286,142829100,414241297400,6649138,STK,,"가죽, 가방 및 유사제품 제조업"
606,085910,KR7085910008,네오티스,KOSDAQ,중견기업부,29950,1,350,1.18,31250,31300,28850,147133,4376189025,413154799100,13794818,KSQ,중견기업부,자동차 신품 부품 제조업
607,006910,KR7006910004,보성파워텍,KOSDAQ,우량기업부,8390,1,450,5.67,8370,8570,8140,737277,6149400000,412199223360,49129824,KSQ,우량기업부,"구조용 금속제품, 탱크 및 증기발생기 제조업"
608,025900,KR7025900002,동화기업,KOSDAQ,중견기업부,8150,1,470,6.12,7870,8200,7830,61469,493522770,412041872750,50557285,KSQ,중견기업부,나무제품 제조업
609,006405,KR7006401004,삼성SDI우,KOSPI,,254500,1,15000,6.26,260000,260000,244000,8270,2090528250,411754532000,1617896,STK,,
610,199800,KR7199800004,툴젠,KOSDAQ,기술성장기업부,45650,1,1450,3.28,45100,46900,44550,16673,762210850,410741763850,8997629,KSQ,기술성장기업부,자연과학 및 공학 연구개발업
611,012030,KR7012030003,DB,KOSPI,,2030,1,120,6.28,1997,2045,1890,889751,1756214480,408383083990,201173933,STK,,"컴퓨터 프로그래밍, 시스템 통합 및 관리업"
612,016590,KR7016590002,신대양제지,KOSPI,,10110,1,660,6.98,9870,10190,9680,12224,120750410,407410960200,40297820,STK,,"골판지, 종이 상자 및 종이용기 제조업"
613,417840,KR7417840006,저스템,KOSDAQ,벤처기업부,17950,1,2760,18.17,16690,18130,16100,1453788,25482271150,406817561450,22663931,KSQ,벤처기업부,특수 목적용 기계 제조업
614,215200,KR7215200007,메가스터디교육,KOSDAQ,우량기업부,39200,1,300,0.77,40300,40300,38500,29726,1166954100,406316467200,10365216,KSQ,우량기업부,일반 교습 학원
615,078160,KR7078160009,메디포스트,KOSDAQ,벤처기업부,10360,2,-90,-0.86,10600,11280,10270,88369,932904750,406159687080,39204603,KSQ,벤처기업부,기초 의약물질 제조업
616,013030,KR7013030002,하이록코리아,KOSDAQ,우량기업부,34450,1,1300,3.92,34450,34750,33700,13148,450746100,405412560800,11768144,KSQ,우량기업부,1차 철강 제조업
617,306200,KR7306200007,세아제강,KOSPI,,142800,1,3800,2.73,143400,144000,140000,4975,704572200,405023640000,2836300,STK,,1차 철강 제조업
618,192650,KR7192650000,드림텍,KOSPI,,5860,4,1345,29.79,4600,5860,4600,1464608,8242340469,404188806140,68974199,STK,,전자부품 제조업
619,078130,KR7078130002,국일제지,KOSDAQ,중견기업부,3585,1,25,0.7,3625,3635,3480,95002,338874668,404175004395,112740587,KSQ,중견기업부,기타 종이 및 판지 제품 제조업
620,002810,KR7002810000,삼영무역,KOSPI,,21850,1,300,1.39,21700,21950,21550,10481,227607125,403502813800,18466948,STK,,기타 전문 도매업
621,064260,KR7064260003,다날,KOSDAQ,중견기업부,5310,1,290,5.78,5200,5350,5110,551254,2900409480,401677376670,75645457,KSQ,중견기업부,소프트웨어 개발 및 공급업
622,455900,KR7455900001,엔젤로보틱스,KOSDAQ,기술성장기업부,26150,1,4200,19.13,22850,26800,22650,169997,4260029100,400142880650,15301831,KSQ,기술성장기업부,특수 목적용 기계 제조업
623,080580,KR7080580004,오킨스전자,KOSDAQ,벤처기업부,18820,1,350,1.89,19480,19880,18320,303841,5721169200,396931773100,21090955,KSQ,벤처기업부,전자부품 제조업
624,027410,KR7027410000,BGF,KOSPI,,4145,1,75,1.84,4100,4170,4060,230300,948435168,396746098695,95716791,STK,,기타 금융업
625,304360,KR7304360001,에스바이오메딕스,KOSDAQ,벤처기업부,31850,1,2050,6.88,30250,32850,29500,73741,2320186750,394466326800,12385128,KSQ,벤처기업부,의약품 제조업
626,424870,KR7424870004,이뮨온시아,KOSDAQ,기술성장기업부,4315,1,140,3.35,4290,4375,4210,326573,1401378955,393839840735,91272269,KSQ,기술성장기업부,자연과학 및 공학 연구개발업
627,452280,KR7452280001,한선엔지니어링,KOSDAQ,우량기업부,20450,2,-2150,-9.51,24700,24700,20300,366881,7745365750,393614851500,19247670,KSQ,우량기업부,기타 금속 가공제품 제조업
628,145720,KR7145720009,덴티움,KOSPI,,45600,1,950,2.13,45450,46450,45050,17741,813427875,393249429600,8623891,STK,,의료용 기기 제조업
629,357120,KR7357120005,코람코라이프인프라리츠,KOSPI,,4040,1,245,6.46,3805,4095,3805,280101,1121424390,393234830160,97335354,STK,,부동산 임대 및 공급업
630,065680,KR7065680001,우주일렉트로,KOSDAQ,우량기업부,42450,1,2750,6.93,40000,43950,39450,20769,849805500,392257993950,9240471,KSQ,우량기업부,전자부품 제조업
631,092870,KR7092870005,엑시콘,KOSDAQ,우량기업부,29850,1,2200,7.96,29000,30200,28500,170969,5035026750,389566290450,13050797,KSQ,우량기업부,특수 목적용 기계 제조업
632,107640,KR7107640005,한중엔시에스,KOSDAQ,기술성장기업부,42900,1,950,2.26,43700,44300,42500,63277,2730951025,388886183400,9064946,KSQ,기술성장기업부,"전동기, 발전기 및 전기 변환 · 공급 · 제어 장치 제조업"
633,117730,KR7117730002,티로보틱스,KOSDAQ,벤처기업부,17190,1,1480,9.42,16320,17340,16100,130463,2200894425,387772759170,22558043,KSQ,벤처기업부,특수 목적용 기계 제조업
634,017810,KR7017810003,풀무원,KOSPI,,10170,1,340,3.46,9990,10280,9860,42409,427302685,387685912140,38120542,STK,,기타 식품 제조업
635,092200,KR7092200005,디아이씨,KOSPI,,9950,1,150,1.53,10200,10290,9600,1525395,15253787290,386941261550,38888569,STK,,자동차 신품 부품 제조업
636,394280,KR7394280002,오픈엣지테크놀로지,KOSDAQ,기술성장기업부,14610,1,1210,9.03,14220,14730,13810,77176,1111806290,384922803300,26346530,KSQ,기술성장기업부,소프트웨어 개발 및 공급업
637,468530,KR7468530001,프로티나,KOSDAQ,기술성장기업부,34800,1,1650,4.98,34350,35300,33050,45232,1548622750,384025238400,11035208,KSQ,기술성장기업부,자연과학 및 공학 연구개발업
638,0120G0,KR70120G0001,삼양바이오팜,KOSPI,,51500,1,2100,4.25,50500,52100,49900,9465,482701650,382947305000,7435870,STK,,의약품 제조업
639,482630,KR7482630001,삼양엔씨켐,KOSDAQ,중견기업부,17460,1,2010,13.01,16380,17890,15600,421027,7124159035,382169368800,21888280,KSQ,중견기업부,기타 화학제품 제조업
640,090435,KR7090431008,아모레퍼시픽우,KOSPI,,36150,1,850,2.41,35600,36800,35600,12815,463922450,381665554500,10557830,STK,,
641,097520,KR7097520001,엠씨넥스,KOSPI,,21900,1,700,3.3,21550,22050,21550,27532,601379975,381092850000,17401500,STK,,영상 및 음향기기 제조업
642,067630,KR7067630004,HLB생명과학,KOSDAQ,투자주의환기종목(소속부없음),3125,1,135,4.52,3000,3150,3000,91272,280330945,380990806250,121917058,KSQ,투자주의환기종목(소속부없음),의료용품 및 기타 의약 관련제품 제조업
643,010820,KR7010820009,퍼스텍,KOSPI,,7810,1,150,1.96,7680,8000,7500,612052,4750818800,380908835780,48771938,STK,,무기 및 총포탄 제조업
644,092790,KR7092790005,넥스틸,KOSPI,,14630,1,780,5.63,14190,14760,14140,156917,2262074965,380409260000,26002000,STK,,1차 철강 제조업
645,354320,KR7354320004,알멕,KOSDAQ,기술성장기업부,59500,1,2700,4.75,59900,65000,58500,55777,3343126400,380287169500,6391381,KSQ,기술성장기업부,1차 비철금속 제조업
646,265520,KR7265520007,AP시스템,KOSDAQ,우량기업부,25150,1,1900,8.17,24550,25350,24200,50578,1257703000,378528148150,15050821,KSQ,우량기업부,특수 목적용 기계 제조업
647,332570,KR7332570001,PS일렉트로닉스,KOSDAQ,우량기업부,8100,1,290,3.71,8200,8440,7890,1246702,10186489015,378363660300,46711563,KSQ,우량기업부,전자부품 제조업
648,079370,KR7079370003,제우스,KOSDAQ,우량기업부,12170,1,620,5.37,12000,12300,11630,386814,4657047195,377476768300,31016990,KSQ,우량기업부,특수 목적용 기계 제조업
649,254490,KR7254490006,미래반도체,KOSDAQ,우량기업부,26100,1,1800,7.41,25700,26300,25100,220178,5670510800,376831800000,14438000,KSQ,우량기업부,기타 전문 도매업
650,119850,KR7119850006,지엔씨에너지,KOSDAQ,우량기업부,22850,1,1600,7.53,22100,22900,21600,83855,1864424425,375857570650,16448909,KSQ,우량기업부,"전동기, 발전기 및 전기 변환 · 공급 · 제어 장치 제조업"
651,105840,KR7105840003,우진,KOSPI,,18600,1,1050,5.98,18010,19040,17870,222443,4114248095,375676662000,20197670,STK,,"측정, 시험, 항해, 제어 및 기타 정밀기기 제조업; 광학기기 제외"
652,069540,KR7069540003,빛과전자,KOSDAQ,벤처기업부,3455,1,130,3.91,3600,3760,3365,6644736,23300096226,375400305915,108654213,KSQ,벤처기업부,통신 및 방송 장비 제조업
653,036200,KR7036200004,유니셈,KOSDAQ,우량기업부,12220,1,1400,12.94,11330,12350,11120,660404,7864126040,374716805060,30664223,KSQ,우량기업부,특수 목적용 기계 제조업
654,029460,KR7029460003,케이씨,KOSPI,,33850,1,2400,7.63,32700,34500,32600,36644,1223446150,373045109750,11020535,STK,,"측정, 시험, 항해, 제어 및 기타 정밀기기 제조업; 광학기기 제외"
655,078020,KR7078020005,LS증권,KOSDAQ,우량기업부,6700,1,410,6.52,6370,6920,6370,124051,823720385,371723973000,55481190,KSQ,우량기업부,금융 지원 서비스업
656,010690,KR7010690006,화신,KOSPI,,10630,1,660,6.62,10260,10870,10030,483827,5073819230,371203958300,34920410,STK,,자동차 신품 부품 제조업
657,389650,KR7389650003,넥스트바이오메디컬,KOSDAQ,기술성장기업부,44450,1,3850,9.48,41500,45000,40400,68477,2958345500,367925362700,8277286,KSQ,기술성장기업부,의료용 기기 제조업
658,003800,KR7003800000,에이스침대,KOSDAQ,우량기업부,33150,1,450,1.38,32750,33650,32700,6298,207984475,367633500000,11090000,KSQ,우량기업부,가구 제조업
659,344820,KR7344820006,KCC글라스,KOSPI,,22950,1,1000,4.56,22600,23150,22300,12567,286474400,366523250400,15970512,STK,,유리 및 유리제품 제조업
660,183190,KR7183190008,아세아시멘트,KOSPI,,10030,1,480,5.03,9680,10070,9670,19712,195155490,366159472840,36506428,STK,,"시멘트, 석회, 플라스터 및 그 제품 제조업"
661,187660,KR7187660006,페니트리움바이오,KOSDAQ,중견기업부,6600,1,260,4.1,6420,6690,6420,257535,1684251740,366077269800,55466253,KSQ,중견기업부,자연과학 및 공학 연구개발업
662,230240,KR7230240004,에치에프알,KOSDAQ,중견기업부,27500,1,3000,12.24,25500,27800,24700,200769,5311109925,365997500000,13309000,KSQ,중견기업부,통신 및 방송 장비 제조업
663,042520,KR7042520007,한스바이오메드,KOSDAQ,벤처기업부,25650,2,-100,-0.39,26250,27600,25450,83943,2171924875,365804063550,14261367,KSQ,벤처기업부,의료용품 및 기타 의약 관련제품 제조업
664,047920,KR7047920004,HLB제약,KOSDAQ,기술성장기업부,11150,1,440,4.11,10840,11190,10840,39758,439086280,365712819400,32799356,KSQ,기술성장기업부,자연과학 및 공학 연구개발업
665,170900,KR7170900005,동아에스티,KOSPI,,37300,1,500,1.36,37300,37800,36900,12389,461933650,362847648700,9727819,STK,,의약품 제조업
666,179900,KR7179900006,유티아이,KOSDAQ,투자주의환기종목(소속부없음),18330,1,1210,7.07,17630,19000,17210,58768,1074739915,362758251960,19790412,KSQ,투자주의환기종목(소속부없음),전자부품 제조업
667,243070,KR7243070000,휴온스,KOSDAQ,우량기업부,30000,1,450,1.52,30250,30250,29150,15126,447465600,359389950000,11979665,KSQ,우량기업부,의약품 제조업
668,488900,KR7488900002,비츠로넥스텍,KOSDAQ,기술성장기업부,12390,1,1100,9.74,11930,12550,11320,72927,867408670,359018128770,28976443,KSQ,기술성장기업부,"항공기,우주선 및 부품 제조업"
669,215600,KR7215600008,신라젠,KOSDAQ,중견기업부,2585,1,60,2.38,2555,2625,2530,254107,658245383,358160962940,138553564,KSQ,중견기업부,자연과학 및 공학 연구개발업
670,089590,KR7089590004,제주항공,KOSPI,,4430,1,280,6.75,4400,4505,4350,183987,814397783,357239563550,80640985,STK,,항공 여객 운송업
671,005610,KR7005610001,삼립,KOSPI,,41300,1,900,2.23,40450,41350,40450,2011,82494300,356378071700,8629009,STK,,기타 식품 제조업
672,092230,KR7092230002,KPX홀딩스,KOSPI,,83800,1,800,0.96,83100,84100,83000,776,64919300,354025334800,4224646,STK,,기초 화학물질 제조업
673,098070,KR7098070006,한텍,KOSDAQ,중견기업부,31800,1,1600,5.3,31350,32150,30600,31749,996033900,353652283800,11121141,KSQ,중견기업부,"구조용 금속제품, 탱크 및 증기발생기 제조업"
674,477850,KR7477850002,마키나락스,KOSDAQ,기술성장기업부,20050,2,-50,-0.25,20250,21300,19800,391505,7991765795,351709882000,17541640,KSQ,기술성장기업부,소프트웨어 개발 및 공급업
675,126720,KR7126720002,수산인더스트리,KOSPI,,24600,1,650,2.71,25050,25050,24200,11422,280548800,351435600000,14286000,STK,,전기 및 통신 공사업
676,015860,KR7015860000,일진홀딩스,KOSPI,,7100,1,380,5.65,7070,7200,6870,139928,980799330,350367129300,49347483,STK,,기타 금융업
677,105630,KR7105630008,한세실업,KOSPI,,8750,1,260,3.06,8640,8800,8580,36381,316332610,350000000000,40000000,STK,,봉제의복 제조업
678,084110,KR7084110006,휴온스글로벌,KOSDAQ,우량기업부,27550,1,950,3.57,27150,27750,26800,22062,600354400,348777820600,12659812,KSQ,우량기업부,의약품 제조업
679,206650,KR7206650004,유바이오로직스,KOSDAQ,우량기업부,9490,1,350,3.83,9200,9650,9200,92651,873799500,348504183430,36723307,KSQ,우량기업부,의약품 제조업
680,002710,KR7002710002,TCC스틸,KOSPI,,13240,1,1300,10.89,12420,13270,12410,61555,790881540,347069348280,26213697,STK,,1차 철강 제조업
681,376270,KR7376270005,HEM파마,KOSDAQ,기술성장기업부,48100,1,5650,13.31,44150,49050,43300,11092,520337300,346473294700,7203187,KSQ,기술성장기업부,자연과학 및 공학 연구개발업
682,287840,KR7287840003,인투셀,KOSDAQ,기술성장기업부,23000,2,-850,-3.56,24650,24800,22800,65610,1529951200,345505080000,15021960,KSQ,기술성장기업부,자연과학 및 공학 연구개발업
683,232530,KR7232530006,이엠티,KONEX,일반기업부,13440,1,920,7.35,12520,13490,12520,2562,33940570,344256245760,25614304,KNX,일반기업부,일차전지 및 이차전지 제조업
684,036890,KR7036890002,진성티이씨,KOSDAQ,우량기업부,15570,1,520,3.46,15830,16050,15550,84979,1340918705,343047940110,22032623,KSQ,우량기업부,특수 목적용 기계 제조업
685,086390,KR7086390002,유니테스트,KOSDAQ,중견기업부,16170,1,1070,7.09,15850,16230,15630,94655,1507850560,341738817420,21134126,KSQ,중견기업부,특수 목적용 기계 제조업
686,069080,KR7069080000,웹젠,KOSDAQ GLOBAL,우량기업부,11010,1,350,3.28,10960,11190,10660,89438,975635280,340941990750,30966575,KSQ,우량기업부,소프트웨어 개발 및 공급업
687,194370,KR7194370003,제이에스코퍼레이션,KOSPI,,11720,1,20,0.17,11760,11890,10790,50890,585908540,340076403760,29016758,STK,,"가죽, 가방 및 유사제품 제조업"
688,058430,KR7058430000,포스코스틸리온,KOSPI,,5650,1,460,8.86,5350,5720,5350,342788,1904037215,339000000000,60000000,STK,,1차 철강 제조업
689,187870,KR7187870001,디바이스,KOSDAQ,우량기업부,24600,1,300,1.23,25500,25500,23300,174338,4244979875,338743476000,13770060,KSQ,우량기업부,특수 목적용 기계 제조업
690,126560,KR7126560002,현대퓨처넷,KOSPI,,3095,1,60,1.98,3030,3130,3030,48035,148278421,337977218800,109201040,STK,,전기 통신업
691,049070,KR7049070006,인탑스,KOSDAQ,우량기업부,19640,1,1440,7.91,18520,19850,18520,100337,1929410540,337808000000,17200000,KSQ,우량기업부,통신 및 방송 장비 제조업
692,456010,KR7456010008,아이씨티케이,KOSDAQ,기술성장기업부,24100,1,1500,6.64,24600,25350,23850,383076,9425051275,337662545400,14010894,KSQ,기술성장기업부,반도체 제조업
693,001940,KR7001940006,KISCO홀딩스,KOSPI,,23700,1,450,1.94,23250,23800,23250,1150,27099200,335980206000,14176380,STK,,1차 철강 제조업
694,005720,KR7005720008,넥센,KOSPI,,6380,1,280,4.59,6380,6400,6100,16090,100933870,335230573260,52543977,STK,,고무제품 제조업
695,200880,KR7200880003,서연이화,KOSPI,,12400,1,810,6.99,12010,12430,12010,36137,443141755,335152618800,27028437,STK,,자동차 신품 부품 제조업
696,011760,KR7011760006,현대코퍼레이션,KOSPI,,25300,1,800,3.27,25300,25500,24900,12103,304447700,334692839800,13228966,STK,,상품 종합 도매업
697,091700,KR7091700005,파트론,KOSDAQ,우량기업부,6660,1,370,5.88,6430,6680,6380,239780,1571111410,333000000000,50000000,KSQ,우량기업부,전자부품 제조업
698,02826K,KR702826K016,삼성물산우B,KOSPI,,226500,1,10000,4.62,232000,232000,223500,4688,1068826000,332409135000,1467590,STK,,
699,317330,KR7317330009,덕산테코피아,KOSDAQ,중견기업부,16200,1,700,4.52,16010,16300,15830,67220,1076808455,331720660800,20476584,KSQ,중견기업부,기타 화학제품 제조업
700,091810,KR7091810002,트리니티항공,KOSPI,,797,1,57,7.7,750,809,750,1039554,824599972,329136679545,412969485,STK,,항공 여객 운송업
701,234340,KR7234340008,헥토파이낸셜,KOSDAQ,우량기업부,23550,1,600,2.61,23850,24300,22900,160092,3755961150,329008948800,13970656,KSQ,우량기업부,금융 지원 서비스업
702,204620,KR7204620009,글로벌텍스프리,KOSDAQ,우량기업부,4680,2,-65,-1.37,4790,4880,4665,231051,1086935502,328925984400,70283330,KSQ,우량기업부,금융 지원 서비스업
703,092460,KR7092460005,한라IMS,KOSDAQ,우량기업부,19150,1,740,4.02,19880,19880,19030,42384,820398590,327650372000,17109680,KSQ,우량기업부,선박 및 보트 건조업
704,000430,KR7000430009,대원강업,KOSPI,,5270,1,325,6.57,5040,5460,5040,1134587,6006853575,326740000000,62000000,STK,,자동차 신품 부품 제조업
705,441270,KR7441270006,파인엠텍,KOSDAQ,벤처기업부,7770,1,510,7.02,7510,7800,7510,75448,577429180,326682245190,42044047,KSQ,벤처기업부,전자부품 제조업
706,445090,KR7445090004,에이직랜드,KOSDAQ,벤처기업부,29850,1,2800,10.35,28000,31000,27850,147889,4424784900,326130891300,10925658,KSQ,벤처기업부,반도체 제조업
707,009290,KR7009290008,광동제약,KOSPI,,6500,1,220,3.5,6370,6540,6340,63966,412509725,323698752000,49799808,STK,,의약품 제조업
708,200670,KR7200670008,휴메딕스,KOSDAQ,우량기업부,28800,1,1200,4.35,28150,28850,27700,26720,757992575,323421984000,11229930,KSQ,우량기업부,의약품 제조업
709,462350,KR7462350000,이노스페이스,KOSDAQ,기술성장기업부,15480,1,430,2.86,15430,16290,14780,304702,4740680575,323046887760,20868662,KSQ,기술성장기업부,"항공기,우주선 및 부품 제조업"
710,018250,KR7018250001,애경산업,KOSPI,,12230,1,530,4.53,11800,12310,11800,31892,383630555,322993505050,26409935,STK,,기타 화학제품 제조업
711,034830,KR7034830000,한국토지신탁,KOSPI,,1270,1,60,4.96,1210,1276,1208,397982,498063565,320661322100,252489230,STK,,신탁업 및 집합투자업
712,064820,KR7064820004,케이프,KOSDAQ,우량기업부,10390,1,450,4.53,10390,10420,10150,39488,406651755,320637633850,30860215,KSQ,우량기업부,선박 및 보트 건조업
713,094360,KR7094360005,칩스앤미디어,KOSDAQ,벤처기업부,14990,1,1250,9.1,14560,15040,14070,67249,988647700,320115557260,21355274,KSQ,벤처기업부,반도체 제조업
714,104700,KR7104700000,한국철강,KOSPI,,8780,1,260,3.05,8530,8800,8530,20626,178991730,320031000000,36450000,STK,,1차 철강 제조업
715,228760,KR7228760005,지노믹트리,KOSDAQ,기술성장기업부,12860,1,590,4.81,12560,12990,12370,45457,576592730,319689337720,24859202,KSQ,기술성장기업부,자연과학 및 공학 연구개발업
716,001390,KR7001390004,KG케미칼,KOSPI,,4740,1,235,5.22,4600,4775,4550,329927,1549000024,318684562200,67233030,STK,,기초 화학물질 제조업
717,025860,KR7025860008,남해화학,KOSPI,,6390,1,160,2.57,6280,6540,6190,252412,1596506265,317447806770,49678843,STK,,"비료, 농약 및 살균, 살충제 제조업"
718,475400,KR7475400008,씨메스로보틱스,KOSDAQ,기술성장기업부,26950,1,2500,10.22,27000,27000,25050,56663,1486797825,316825870900,11756062,KSQ,기술성장기업부,특수 목적용 기계 제조업
719,484590,KR7484590005,삼양컴텍,KOSDAQ,벤처기업부,7680,2,-220,-2.78,7670,7800,7550,280342,2143843740,316496256000,41210450,KSQ,벤처기업부,무기 및 총포탄 제조업
720,272110,KR7272110008,케이엔제이,KOSDAQ,우량기업부,39100,1,3450,9.68,37200,39200,36000,147587,5562839475,313792944500,8025395,KSQ,우량기업부,반도체 제조업
721,452430,KR7452430002,사피엔반도체,KOSDAQ,기술성장기업부,37950,1,1650,4.55,39000,39050,37500,26292,999045800,313293226950,8255421,KSQ,기술성장기업부,반도체 제조업
722,078340,KR7078340007,컴투스,KOSDAQ GLOBAL,중견기업부,25900,1,650,2.57,25850,26050,25200,22242,569296250,313165006700,12091313,KSQ,중견기업부,소프트웨어 개발 및 공급업
723,236200,KR7236200002,슈프리마,KOSDAQ,우량기업부,44650,1,2650,6.31,43100,44700,42750,21508,941435200,311402986150,6974311,KSQ,우량기업부,통신 및 방송 장비 제조업
724,002310,KR7002310001,아세아제지,KOSPI,,7870,1,290,3.83,7620,7900,7600,64361,500077375,310467643700,39449510,STK,,"골판지, 종이 상자 및 종이용기 제조업"
725,084690,KR7084690007,대상홀딩스,KOSPI,,8570,1,320,3.88,8350,8630,8310,53899,456295560,310341450660,36212538,STK,,기타 금융업
726,016800,KR7016800005,퍼시스,KOSPI,,26950,2,-1000,-3.58,27650,27650,26750,1830,49435475,309925000000,11500000,STK,,가구 제조업
727,203650,KR7203650007,드림시큐리티,KOSDAQ,중견기업부,3045,1,120,4.1,2990,3170,2985,1645493,5031353854,309690153780,101704484,KSQ,중견기업부,소프트웨어 개발 및 공급업
728,241520,KR7241520006,DSC인베스트먼트,KOSDAQ,중견기업부,11620,1,640,5.83,11250,11650,11130,238979,2717065205,309092000000,26600000,KSQ,중견기업부,신탁업 및 집합투자업
729,136480,KR7136480001,하림,KOSDAQ,우량기업부,2910,1,35,1.22,2945,2975,2865,1528239,4429243575,309070232820,106209702,KSQ,우량기업부,"도축, 육류 가공 및 저장 처리업"
730,061970,KR7061970000,LB세미콘,KOSDAQ,중견기업부,5300,1,480,9.96,5010,5410,4915,422998,2178522355,307839931800,58083006,KSQ,중견기업부,반도체 제조업
731,314930,KR7314930009,바이오다인,KOSDAQ,기술성장기업부,10320,1,90,0.88,10350,10570,10250,15559,161417485,307165542960,29764103,KSQ,기술성장기업부,의료용 기기 제조업
732,286940,KR7286940002,롯데이노베이트,KOSPI,,20300,1,740,3.78,19840,20350,19780,27995,560357315,307126150100,15129367,STK,,"컴퓨터 프로그래밍, 시스템 통합 및 관리업"
733,378340,KR7378340004,필에너지,KOSDAQ,중견기업부,14010,1,1260,9.88,13400,14020,13400,38533,526061720,302971601820,21625382,KSQ,중견기업부,특수 목적용 기계 제조업
734,009160,KR7009160003,SIMPAC,KOSPI,,4630,1,95,2.09,4600,4685,4545,107449,494970000,302667581840,65370968,STK,,1차 철강 제조업
735,084010,KR7084010008,대한제강,KOSPI,,8790,1,550,6.67,8400,8900,8360,34118,293905690,302126328840,34371596,STK,,1차 철강 제조업
736,042370,KR7042370007,비츠로테크,KOSDAQ,우량기업부,11490,1,620,5.7,11190,11600,11130,168983,1922451870,301038287250,26200025,KSQ,우량기업부,기타 금융업
737,108670,KR7108670001,LX하우시스,KOSPI,,33550,1,1350,4.19,33300,34000,32350,22965,768079325,300865328500,8967670,STK,,플라스틱제품 제조업
738,007690,KR7007690001,국도화학,KOSPI,,32350,1,900,2.86,32300,32750,31850,8733,282655900,299587915200,9260832,STK,,기초 화학물질 제조업
739,089980,KR7089980007,상아프론테크,KOSDAQ,우량기업부,18700,1,920,5.17,18310,19000,18310,27969,523528530,298994991900,15989037,KSQ,우량기업부,플라스틱제품 제조업
740,033270,KR7033270000,유나이티드제약,KOSPI,,18700,1,450,2.47,18410,18730,18400,17429,323183070,297531492500,15910775,STK,,의약품 제조업
741,159010,KR7159010008,아스플로,KOSDAQ,벤처기업부,22250,1,3730,20.14,19200,22700,19200,306359,6679268510,296697942750,13334739,KSQ,벤처기업부,일반 목적용 기계 제조업
742,272450,KR7272450008,진에어,KOSPI,,5640,1,370,7.02,5460,5760,5460,167691,949869240,294408000000,52200000,STK,,항공 여객 운송업
743,003720,KR7003720000,삼영,KOSPI,,8620,1,410,4.99,8500,8630,8210,372044,3142372115,293080000000,34000000,STK,,플라스틱제품 제조업
744,101730,KR7101730000,위메이드맥스,KOSDAQ,중견기업부,3495,1,130,3.86,3550,3575,3385,53369,184190965,292892484570,83803286,KSQ,중견기업부,소프트웨어 개발 및 공급업
745,001750,KR7001750009,한양증권,KOSPI,,23000,1,1000,4.55,22650,23200,22350,9723,222628000,292756282000,12728534,STK,,금융 지원 서비스업
746,064850,KR7064850001,에프앤가이드,KOSDAQ,벤처기업부,25650,1,1500,6.21,24600,25800,24250,25264,627348925,292675015800,11410332,KSQ,벤처기업부,기타 정보 서비스업
747,036800,KR7036800001,나이스정보통신,KOSDAQ,우량기업부,29200,1,500,1.74,29250,29450,28650,6323,183438350,292000000000,10000000,KSQ,우량기업부,전기 통신업
748,099430,KR7099430001,바이오플러스,KOSDAQ,우량기업부,4735,1,195,4.3,4615,4750,4600,164063,765893665,291868818670,61640722,KSQ,우량기업부,기초 의약물질 제조업
749,025770,KR7025770009,한국정보통신,KOSDAQ,우량기업부,7790,1,300,4.01,7560,8000,7550,107186,832889175,291690871090,37444271,KSQ,우량기업부,전기 통신업
750,151860,KR7151860004,KG에코솔루션,KOSDAQ,우량기업부,6120,1,440,7.75,5730,6200,5720,482501,2879511830,291330372240,47603002,KSQ,우량기업부,자동차 차체나 트레일러 제조업
751,001230,KR7001230002,동국홀딩스,KOSPI,,1869,1,52,2.86,1839,1871,1830,401876,742708425,290643919335,155507715,STK,,기타 금융업
752,046970,KR7046970000,우리로,KOSDAQ,벤처기업부,6630,1,530,8.69,6380,6810,6300,912552,6000168900,290559743370,43824999,KSQ,벤처기업부,기타 전문 도매업
753,035810,KR7035810001,이지홀딩스,KOSDAQ,우량기업부,4490,1,210,4.91,4305,4500,4305,178713,790342114,289677670650,64516185,KSQ,우량기업부,동물용 사료 및 조제식품 제조업
754,123890,KR7123890006,한국자산신탁,KOSPI,,2360,2,-35,-1.46,2365,2430,2335,203087,478512026,288802465360,122373926,STK,,신탁업 및 집합투자업
755,096760,KR7096760004,JW홀딩스,KOSPI,,3905,1,130,3.44,3870,3905,3805,35650,137470675,288676898510,73924942,STK,,기타 금융업
756,024720,KR7024720005,콜마홀딩스,KOSPI,,8380,1,190,2.32,8400,8480,8220,20187,168402490,287402650420,34296259,STK,,기타 금융업
757,051500,KR7051500007,CJ프레시웨이,KOSDAQ,우량기업부,24200,1,600,2.54,23650,24550,23350,16209,389269900,287292381200,11871586,KSQ,우량기업부,음·식료품 및 담배 도매업
758,043150,KR7043150002,바텍,KOSDAQ,우량기업부,19330,1,250,1.31,19440,19450,19150,9664,185880790,287132768480,14854256,KSQ,우량기업부,의료용 기기 제조업
759,298830,KR7298830001,슈어소프트테크,KOSDAQ,우량기업부,5360,1,340,6.77,5140,5420,5080,372845,1963045035,286537554640,53458499,KSQ,우량기업부,소프트웨어 개발 및 공급업
760,274090,KR7274090000,켄코아에어로스페이스,KOSDAQ,기술성장기업부,20750,2,-350,-1.66,22000,24200,20350,1150129,25152839750,285814795250,13774207,KSQ,기술성장기업부,"항공기,우주선 및 부품 제조업"
761,352480,KR7352480008,씨앤씨인터내셔널,KOSDAQ,우량기업부,20950,1,850,4.23,20300,21200,20100,18687,384253900,285546425950,13629901,KSQ,우량기업부,기타 화학제품 제조업
762,037710,KR7037710001,광주신세계,KOSPI,,37350,1,800,2.19,36500,37600,36200,10873,403708375,284874874200,7627172,STK,,종합 소매업
763,001340,KR7001340009,PKC,KOSPI,,6300,1,590,10.33,5900,6440,5880,466906,2905790740,283676960700,45028089,STK,,기초 화학물질 제조업
764,078520,KR7078520004,에이블씨엔씨,KOSPI,,10880,3,0,0.0,11450,11450,10710,65531,714436145,283034071680,26014161,STK,,기타 화학제품 제조업
765,112290,KR7112290002,와이씨켐,KOSDAQ,기술성장기업부,13980,1,680,5.11,13800,14250,13630,207285,2888739475,282690838200,20221090,KSQ,기술성장기업부,기타 화학제품 제조업
766,242040,KR7242040004,나무기술,KOSDAQ,기술성장기업부,8160,1,720,9.68,7940,8180,7500,1868994,14697052465,282387114240,34606264,KSQ,기술성장기업부,소프트웨어 개발 및 공급업
767,200130,KR7200130003,콜마비앤에이치,KOSDAQ GLOBAL,우량기업부,9590,1,200,2.13,9430,9680,9350,71068,677142860,282095201220,29415558,KSQ,우량기업부,기초 의약물질 제조업
768,900140,KYG5307W1015,엘브이엠씨홀딩스,KOSPI,,1459,1,49,3.48,1449,1462,1408,350018,504988457,281937790288,193240432,STK,,자동차 판매업
769,017390,KR7017390006,서울가스,KOSPI,,56900,1,2000,3.64,55800,57300,55200,5989,338307150,281655000000,4950000,STK,,연료용 가스 제조 및 배관공급업
770,035600,KR7035600006,KG이니시스,KOSDAQ,우량기업부,10210,1,270,2.72,10050,10250,9940,73034,737871140,281330771140,27554434,KSQ,우량기업부,소프트웨어 개발 및 공급업
771,000650,KR7000650002,천일고속,KOSPI,,196600,1,900,0.46,193100,202500,193100,9072,1780111800,280984652000,1429220,STK,,육상 여객 운송업
772,450950,KR7450950001,아스테라시스,KOSDAQ,벤처기업부,7420,1,20,0.27,7630,7630,7160,32808,241673125,279196732640,37627592,KSQ,벤처기업부,의료용 기기 제조업
773,322310,KR7322310004,오로스테크놀로지,KOSDAQ,벤처기업부,29800,1,1600,5.67,30000,30250,28650,138114,4075525200,279122951600,9366542,KSQ,벤처기업부,특수 목적용 기계 제조업
774,092730,KR7092730001,네오팜,KOSDAQ,우량기업부,17380,1,530,3.15,17020,17400,17020,23366,402386750,278566448820,16027989,KSQ,우량기업부,기타 화학제품 제조업
775,078150,KR7078150000,HB테크놀러지,KOSDAQ,우량기업부,2995,1,135,4.72,3030,3075,2962,1187218,3569986501,277684168420,92715916,KSQ,우량기업부,특수 목적용 기계 제조업
776,355150,KR7355150004,코스텍시스,KOSDAQ,벤처기업부,35550,1,2150,6.44,34000,36800,33950,78499,2774759825,277195792500,7797350,KSQ,벤처기업부,반도체 제조업
777,073490,KR7073490005,LIG아큐버,KOSDAQ,우량기업부,36400,1,2550,7.53,35900,36800,33700,90369,3207114725,276779994400,7603846,KSQ,우량기업부,통신 및 방송 장비 제조업
778,005430,KR7005430004,한국공항,KOSPI,,87000,1,7800,9.85,80700,90000,80600,29895,2590545000,275472885000,3166355,STK,,기타 운송관련 서비스업
779,144510,KR7144510005,지씨셀,KOSDAQ,중견기업부,17350,1,660,3.95,17090,17480,17090,18359,316799865,274135968400,15800344,KSQ,중견기업부,"그외 기타 전문, 과학 및 기술 서비스업"
780,026890,KR7026890004,스틱인베스트먼트,KOSPI,,7070,1,480,7.28,6740,7120,6660,78004,543923690,274109817590,38770837,STK,,신탁업 및 집합투자업
781,0001A0,KR70001A0001,덕양에너젠,KOSDAQ,중견기업부,11000,1,640,6.18,10470,11030,10470,100923,1085202480,273803145000,24891195,KSQ,중견기업부,연료용 가스 제조 및 배관공급업
782,058970,KR7058970005,엠로,KOSDAQ,기술성장기업부,22050,1,950,4.5,21500,22250,20850,66913,1452588400,272599607700,12362794,KSQ,기술성장기업부,소프트웨어 개발 및 공급업
783,005680,KR7005680004,삼영전자,KOSPI,,13600,1,480,3.66,13450,13750,13330,18243,246860280,272000000000,20000000,STK,,전자부품 제조업
784,002900,KR7002900009,TYM,KOSPI,,6560,1,440,7.19,6210,6590,6210,173839,1103962625,271584000000,41400000,STK,,특수 목적용 기계 제조업
785,060720,KR7060720000,KH바텍,KOSDAQ,중견기업부,11470,1,710,6.6,11000,11520,10900,125568,1412217915,271580259740,23677442,KSQ,중견기업부,전자부품 제조업
786,365270,KR7365270008,큐라클,KOSDAQ,기술성장기업부,12270,1,420,3.54,12200,12500,11850,68796,834255490,270823341840,22071992,KSQ,기술성장기업부,자연과학 및 공학 연구개발업
787,054950,KR7054950001,제이브이엠,KOSDAQ,우량기업부,22350,1,350,1.59,22250,22750,21900,34343,765053950,270209086200,12089892,KSQ,우량기업부,일반 목적용 기계 제조업
788,017860,KR7017860008,DS단석,KOSPI,,15180,1,230,1.54,15110,15390,14980,67283,1016587550,269583730020,17759139,STK,,기타 화학제품 제조업
789,023410,KR7023410004,유진기업,KOSDAQ,중견기업부,3482,1,92,2.71,3480,3495,3430,72929,252559522,269196424966,77310863,KSQ,중견기업부,"시멘트, 석회, 플라스터 및 그 제품 제조업"
790,215000,KR7215000001,골프존,KOSDAQ,우량기업부,42800,2,-450,-1.04,44100,44100,41700,34488,1475575475,268587762000,6275415,KSQ,우량기업부,소프트웨어 개발 및 공급업
791,251370,KR7251370003,와이엠티,KOSDAQ,벤처기업부,14910,1,820,5.82,14510,15190,14300,141022,2084639570,268577005830,18013213,KSQ,벤처기업부,기초 화학물질 제조업
792,309710,KR7309710002,아이티켐,KOSDAQ,관리종목(소속부없음),21000,0,0,0.0,0,0,0,0,0,268443021000,12783001,KSQ,관리종목(소속부없음),기초 의약물질 제조업
793,108860,KR7108860008,셀바스AI,KOSDAQ,벤처기업부,9960,1,1180,13.44,9100,10030,8740,609427,5820846755,268071308400,26914790,KSQ,벤처기업부,소프트웨어 개발 및 공급업
794,194700,KR7194700001,노바렉스,KOSDAQ,우량기업부,14680,2,-30,-0.2,14970,15000,14610,55188,813769660,267981168640,18254848,KSQ,우량기업부,기타 식품 제조업
795,900290,HK0000307485,GRT,KOSDAQ,외국기업(소속부없음),3270,1,85,2.67,3230,3390,3185,356637,1165247655,267486000000,81800000,KSQ,외국기업(소속부없음),기타 금융업
796,448280,KR7448280008,에코아이,KOSDAQ,중견기업부,9000,1,300,3.45,8800,9110,8800,14627,130448690,266680161000,29631129,KSQ,중견기업부,기타 전문 서비스업
797,036170,KR7036170009,에이치엠넥스,KOSDAQ,중견기업부,4345,1,80,1.88,4265,4590,4080,1364000,5903567338,266633644970,61365626,KSQ,중견기업부,반도체 제조업
798,114190,KR7114190002,강원에너지,KOSDAQ,중견기업부,10190,1,580,6.04,9900,10200,9900,56643,571667190,266193757220,26123038,KSQ,중견기업부,기타 전기장비 제조업
799,053030,KR7053030003,바이넥스,KOSDAQ,중견기업부,8140,1,320,4.09,8030,8250,7850,115807,931126940,266049290320,32684188,KSQ,중견기업부,의약품 제조업
800,003120,KR7003120003,일성아이에스,KOSPI,,20000,1,400,2.04,19630,20250,19630,5361,106449880,266000000000,13300000,STK,,의약품 제조업
801,011500,KR7011500006,한농화성,KOSPI,,17000,1,1110,6.99,16270,17060,16260,88811,1483539235,265829714000,15637042,STK,,기타 화학제품 제조업
802,182400,KR7182400002,엔케이젠바이오텍코리아,KOSDAQ,관리종목(소속부없음),3670,0,0,0.0,0,0,0,0,0,265496721770,72342431,KSQ,관리종목(소속부없음),기초 의약물질 제조업
803,003920,KR7003920006,남양유업,KOSPI,,44100,2,-500,-1.12,44200,44800,43250,9405,413954550,264600000000,6000000,STK,,동·식물성 유지 및 낙농제품 제조업
804,0082N0,KR70082N0008,카나프테라퓨틱스,KOSDAQ,기술성장기업부,19970,1,420,2.15,19730,20500,19220,61841,1217911725,263939096600,13216780,KSQ,기술성장기업부,자연과학 및 공학 연구개발업
805,036710,KR7036710002,심텍홀딩스,KOSDAQ,중견기업부,4995,1,20,0.4,5140,5200,4745,552010,2729995567,263874631230,52827754,KSQ,중견기업부,회사 본부 및 경영 컨설팅 서비스업
806,051360,KR7051360006,토비스,KOSDAQ,우량기업부,17660,1,160,0.91,17790,18000,17510,12918,228135260,263449107380,14917843,KSQ,우량기업부,영상 및 음향기기 제조업
807,005010,KR7005010004,휴스틸,KOSPI,,4685,1,95,2.07,4640,4765,4600,246231,1145985500,263241131375,56188075,STK,,1차 철강 제조업
808,043370,KR7043370006,피에이치에이,KOSDAQ,우량기업부,12510,1,650,5.48,12010,12600,12010,10456,129251130,262710000000,21000000,KSQ,우량기업부,자동차 신품 부품 제조업
809,472850,KR7472850007,폰드그룹,KOSDAQ,중견기업부,4560,1,90,2.01,4525,4600,4485,18402,83713900,262526733120,57571652,KSQ,중견기업부,"섬유, 의복, 신발 및 가죽제품 소매업"
810,478340,KR7478340003,나라스페이스테크놀로지,KOSDAQ,기술성장기업부,22750,1,1000,4.6,22500,23750,22000,138690,3158704800,262389195250,11533591,KSQ,기술성장기업부,"항공기,우주선 및 부품 제조업"
811,267980,KR7267980001,매일유업,KOSDAQ,우량기업부,34100,1,500,1.49,34400,34400,33150,2937,99336750,261330055800,7663638,KSQ,우량기업부,동·식물성 유지 및 낙농제품 제조업
812,220100,KR7220100002,퓨쳐켐,KOSDAQ,기술성장기업부,11620,1,20,0.17,11810,12100,11270,119467,1387153630,260606620400,22427420,KSQ,기술성장기업부,의약품 제조업
813,002320,KR7002320000,한진,KOSPI,,16780,1,720,4.48,16340,16860,16330,15866,263663050,260402376480,15518616,STK,,도로 화물 운송업
814,122900,KR7122900004,아이마켓코리아,KOSPI,,7780,1,150,1.97,7650,7870,7620,142776,1107250630,260076375200,33428840,STK,,상품 종합 도매업
815,419530,KR7419530001,SAMG엔터,KOSDAQ,기술성장기업부,25900,2,-100,-0.38,26650,26650,25100,45943,1171290800,259763713300,10029487,KSQ,기술성장기업부,"영화, 비디오물, 방송프로그램 제작 및 배급업"
816,005500,KR7005500004,삼진제약,KOSPI,,19480,1,590,3.12,19360,19700,19180,68895,1339905425,259473600000,13320000,STK,,의약품 제조업
817,180400,KR7180400004,DXVX,KOSDAQ,관리종목(소속부없음),2630,2,-10,-0.38,2745,2745,2600,82244,217237405,258869406160,98429432,KSQ,관리종목(소속부없음),기타 과학기술 서비스업
818,404990,KR7404990004,신한서부티엔디리츠,KOSPI,,4225,1,20,0.48,4200,4380,3925,200042,847712061,258707667400,61232584,STK,,부동산 임대 및 공급업
819,017890,KR7017890005,한국알콜,KOSDAQ,우량기업부,12125,1,555,4.8,11690,12200,11570,74714,882622705,257941260250,21273506,KSQ,우량기업부,기타 화학제품 제조업
820,950170,KR8392080006,JTC,KOSDAQ,외국기업(소속부없음),4980,1,175,3.64,4820,4985,4690,116904,572382980,257696813040,51746348,KSQ,외국기업(소속부없음),종합 소매업
821,0008Z0,KR70008Z0005,에스엔시스,KOSDAQ,벤처기업부,27300,1,1300,5.0,27050,27750,26650,29789,809093300,257618197200,9436564,KSQ,벤처기업부,"전동기, 발전기 및 전기 변환 · 공급 · 제어 장치 제조업"
822,004360,KR7004360004,세방,KOSPI,,13430,2,-60,-0.44,13550,13700,13420,51156,693565290,256722548290,19115603,STK,,도로 화물 운송업
823,065660,KR7065660003,안트로젠,KOSDAQ,기술성장기업부,25650,1,1000,4.06,25700,25900,24500,13147,330499475,256656465000,10006100,KSQ,기술성장기업부,기타 전문 도매업
824,121800,KR7121800007,비덴트,KOSDAQ,관리종목(소속부없음),3320,0,0,0.0,0,0,0,0,0,256309348520,77201611,KSQ,관리종목(소속부없음),통신 및 방송 장비 제조업
825,217730,KR7217730001,강스템바이오텍,KOSDAQ,기술성장기업부,2725,1,30,1.11,2710,2830,2650,333712,909611587,256297556025,94054149,KSQ,기술성장기업부,기초 의약물질 제조업
826,004430,KR7004430005,송원산업,KOSPI,,10650,1,350,3.4,10500,10780,10390,68469,724970935,255600000000,24000000,STK,,기타 화학제품 제조업
827,037270,KR7037270006,YG PLUS,KOSPI,,4005,1,265,7.09,3760,4045,3720,450476,1762206203,254970755550,63663110,STK,,"자료처리, 호스팅, 포털 및 기타 인터넷 정보매개 서비스업"
828,389260,KR7389260001,대명에너지,KOSDAQ,우량기업부,14150,1,130,0.93,14030,14290,13810,101319,1423483990,253515998750,17916325,KSQ,우량기업부,건물 건설업
829,377460,KR7377460001,큐에이드,KOSDAQ,관리종목(소속부없음),4080,0,0,0.0,0,0,0,0,0,253187202960,62055687,KSQ,관리종목(소속부없음),개인 및 가정용품 수리업
830,014940,KR7014940001,오리엔탈정공,KOSDAQ,우량기업부,5550,1,310,5.92,5380,5620,5360,131246,722473640,252933818550,45573661,KSQ,우량기업부,일반 목적용 기계 제조업
831,061090,KR7061090007,세나테크놀로지,KOSDAQ,중견기업부,45250,1,1950,4.5,45800,45800,43700,23381,1046939600,252911300000,5589200,KSQ,중견기업부,통신 및 방송 장비 제조업
832,000680,KR7000680009,LS네트웍스,KOSPI,,3200,1,140,4.58,3100,3200,3080,108500,340913286,252169651200,78803016,STK,,상품 종합 도매업
833,003200,KR7003200003,일신방직,KOSPI,,10950,1,280,2.62,10750,11290,10750,10051,109621910,251412000000,22960000,STK,,방적 및 가공사 제조업
834,416180,KR7416180008,신성에스티,KOSDAQ,벤처기업부,27800,1,2250,8.81,26800,27900,26650,20212,551678400,251305828400,9039778,KSQ,벤처기업부,자동차 신품 부품 제조업
835,314130,KR7314130006,지놈앤컴퍼니,KOSDAQ,기술성장기업부,5620,2,-10,-0.18,5690,5910,5500,213889,1213433845,251258313700,44707885,KSQ,기술성장기업부,기초 의약물질 제조업
836,307180,KR7307180000,아이엘,KOSDAQ,벤처기업부,6790,1,610,9.87,6490,6890,6310,453756,2980075535,250453740040,36885676,KSQ,벤처기업부,전구 및 조명장치 제조업
837,041920,KR7041920000,메디아나,KOSDAQ,우량기업부,13460,2,-420,-3.03,13890,14260,13320,85129,1150761490,250332081580,18598223,KSQ,우량기업부,의료용 기기 제조업
838,318060,KR7318060001,그래피,KOSDAQ,기술성장기업부,22350,2,-50,-0.22,22550,23000,21850,43663,976835525,249720505950,11173177,KSQ,기술성장기업부,합성고무 및 플라스틱 물질 제조업
839,459510,KR7459510004,나우로보틱스,KOSDAQ,기술성장기업부,19230,1,470,2.51,19850,19960,19000,173210,3346567105,249574285860,12978382,KSQ,기술성장기업부,특수 목적용 기계 제조업
840,094480,KR7094480001,갤럭시아머니트리,KOSDAQ,우량기업부,6360,1,450,7.61,6000,6370,5980,143977,888545960,249501769680,39229838,KSQ,우량기업부,소프트웨어 개발 및 공급업
841,098120,KR7098120009,마이크로컨텍솔,KOSDAQ,우량기업부,30000,1,1250,4.35,30050,31000,29100,60244,1811788500,249382980000,8312766,KSQ,우량기업부,전자부품 제조업
842,001250,KR7001250000,GS글로벌,KOSPI,,3015,1,180,6.35,2910,3070,2880,789194,2331084683,248839298460,82533764,STK,,상품 종합 도매업
843,084850,KR7084850007,아이티엠반도체,KOSDAQ,중견기업부,10940,1,360,3.4,10930,11170,10840,18446,201890740,248151297960,22682934,KSQ,중견기업부,전자부품 제조업
844,243840,KR7243840006,신흥에스이씨,KOSDAQ,우량기업부,6430,1,590,10.1,6050,6430,5970,180204,1119598955,247929451050,38558235,KSQ,우량기업부,일차전지 및 이차전지 제조업
845,011560,KR7011560000,세보엠이씨,KOSDAQ,우량기업부,24450,1,1350,5.84,23600,24700,23550,22084,534796075,246575120400,10084872,KSQ,우량기업부,건물설비 설치 공사업
846,388790,KR7388790008,라이콤,KOSDAQ,벤처기업부,8020,2,-770,-8.76,8790,8870,7840,3000381,24689623220,245525563200,30614160,KSQ,벤처기업부,통신 및 방송 장비 제조업
847,093520,KR7093520005,매커스,KOSDAQ,우량기업부,20600,1,1170,6.02,20000,20850,19910,30599,620776820,245177842200,11901837,KSQ,우량기업부,기계장비 및 관련 물품 도매업
848,0030R0,KR70030R0007,대신밸류리츠,KOSPI,,4095,1,145,3.67,3950,4125,3950,72455,295029345,244799100000,59780000,STK,,신탁업 및 집합투자업
849,046120,KR7046120002,오르비텍,KOSDAQ,중견기업부,7230,1,220,3.14,7290,7380,7080,142467,1029268735,244774780590,33855433,KSQ,중견기업부,기타 과학기술 서비스업
850,475560,KR7475560009,더본코리아,KOSPI,,16480,1,440,2.74,16400,16600,16150,5694,93481550,244364945600,14827970,STK,,상품 종합 도매업
851,000540,KR7000540005,흥국화재,KOSPI,,3785,1,130,3.56,3675,3800,3470,86934,322769793,243158411325,64242645,STK,,보험업
852,446540,KR7446540007,메가터치,KOSDAQ,중견기업부,8360,1,290,3.59,8440,8780,8190,236110,1999831240,243101367960,29079111,KSQ,중견기업부,일차전지 및 이차전지 제조업
853,334890,KR7334890001,이지스밸류플러스리츠,KOSPI,,3500,1,150,4.48,3350,3535,3350,193781,672458972,243070390500,69448683,STK,,부동산 임대 및 공급업
854,091580,KR7091580001,상신이디피,KOSDAQ,우량기업부,18230,1,1500,8.97,17370,18520,16890,107635,1926546265,242973432370,13328219,KSQ,우량기업부,일차전지 및 이차전지 제조업
855,003960,KR7003960002,사조대림,KOSPI,,26500,1,1450,5.79,25100,26500,25100,2509,65697250,242858375500,9164467,STK,,수산물 가공 및 저장 처리업
856,065710,KR7065710006,서호전기,KOSDAQ,우량기업부,47050,1,1300,2.84,46050,48150,45650,34813,1636193775,242307500000,5150000,KSQ,우량기업부,"전동기, 발전기 및 전기 변환 · 공급 · 제어 장치 제조업"
857,290690,KR7290690007,소룩스,KOSDAQ,중견기업부,4735,1,110,2.38,4600,5040,4555,980192,4733474014,241355682415,50972689,KSQ,중견기업부,전구 및 조명장치 제조업
858,019010,KR7019010008,베뉴지,KOSDAQ,중견기업부,4995,1,345,7.42,4870,5030,4805,57507,282960710,240759000000,48200000,KSQ,중견기업부,종합 소매업
859,125020,KR7125020008,티씨머티리얼즈,KOSDAQ,중견기업부,6860,2,-160,-2.28,7210,7410,6700,1136107,7917108885,240364453000,35038550,KSQ,중견기업부,절연선 및 케이블 제조업
860,464080,KR7464080001,에스오에스랩,KOSDAQ,기술성장기업부,13360,4,3080,29.96,10600,13360,10590,721644,9161070335,239772521200,17947045,KSQ,기술성장기업부,"측정, 시험, 항해, 제어 및 기타 정밀기기 제조업; 광학기기 제외"
861,357550,KR7357550003,석경에이티,KOSDAQ,기술성장기업부,43950,2,-50,-0.11,45000,45750,43750,6438,284039450,239747250000,5455000,KSQ,기술성장기업부,기초 화학물질 제조업
862,439090,KR7439090002,마녀공장,KOSDAQ,우량기업부,14620,1,530,3.76,14490,14700,14260,90360,1309389175,239669461200,16393260,KSQ,우량기업부,기타 화학제품 제조업
863,382900,KR7382900009,범한퓨얼셀,KOSDAQ,벤처기업부,27350,1,1100,4.19,27850,28100,27050,23828,653334600,239613350000,8761000,KSQ,벤처기업부,"전동기, 발전기 및 전기 변환 · 공급 · 제어 장치 제조업"
864,003070,KR7003070000,코오롱글로벌,KOSPI,,9420,1,320,3.52,9490,9600,9100,17427,163695660,239493693780,25423959,STK,,토목 건설업
865,082800,KR7082800004,비보존 제약,KOSDAQ,중견기업부,3915,2,-10,-0.25,3885,4075,3625,1330255,5041302074,237717492390,60719666,KSQ,중견기업부,의약품 제조업
866,308430,KR7308430008,셀비온,KOSDAQ,기술성장기업부,18420,1,630,3.54,18390,18550,17780,16748,304097125,237714723420,12905251,KSQ,기술성장기업부,의약품 제조업
867,000320,KR7000320002,노루홀딩스,KOSPI,,17840,1,590,3.42,17330,17840,17330,4165,73192250,237114133840,13291151,STK,,기타 금융업
868,018000,KR7018000000,유니슨,KOSDAQ,중견기업부,913,1,19,2.13,901,932,888,911790,830723833,236921933292,259498284,KSQ,중견기업부,일반 목적용 기계 제조업
869,023760,KR7023760002,한국캐피탈,KOSDAQ,우량기업부,749,1,11,1.49,741,770,739,318615,238258166,236391572424,315609576,KSQ,우량기업부,기타 금융업
870,128820,KR7128820008,대성산업,KOSPI,,5220,1,40,0.77,5250,5410,5140,219881,1155638310,236129195160,45235478,STK,,연료 소매업
871,484810,KR7484810007,티엑스알로보틱스,KOSDAQ,벤처기업부,15270,1,3160,26.09,12310,15640,12310,248514,3630378910,235935472050,15450915,KSQ,벤처기업부,일반 목적용 기계 제조업
872,003520,KR7003520004,영진약품,KOSPI,,1288,1,47,3.79,1245,1293,1245,186739,236572366,235565837528,182892731,STK,,의약품 제조업
873,000490,KR7000490003,대동,KOSPI,,8160,1,670,8.95,7750,8180,7740,189127,1504384185,235227218400,28826865,STK,,특수 목적용 기계 제조업
874,190510,KR7190510008,나무가,KOSDAQ,우량기업부,16690,1,1000,6.37,16230,16740,16070,48431,796704250,235083940730,14085317,KSQ,우량기업부,전자부품 제조업
875,001460,KR7001460005,BYC,KOSPI,,37600,1,1700,4.74,37050,37750,36250,1353,50666050,234855240000,6246150,STK,,봉제의복 제조업
876,000050,KR7000050005,경방,KOSPI,,8560,1,380,4.65,8250,8590,8250,23431,198004030,234674711200,27415270,STK,,종합 소매업
877,100120,KR7100120005,뷰웍스,KOSDAQ,우량기업부,26050,1,1050,4.2,25250,26100,24950,21941,562687425,233705256550,8971411,KSQ,우량기업부,의료용 기기 제조업
878,095500,KR7095500005,미래나노텍,KOSDAQ,우량기업부,7530,1,430,6.06,7300,7560,7260,64040,475031520,233505292470,31009999,KSQ,우량기업부,플라스틱제품 제조업
879,348950,KR7348950007,제이알글로벌리츠,KOSPI,,1182,0,0,0.0,0,0,0,0,0,233298432000,197376000,STK,,부동산 임대 및 공급업
880,012860,KR7012860003,모베이스전자,KOSDAQ,우량기업부,3185,1,195,6.52,3110,3220,3040,578231,1817016910,233248560545,73233457,KSQ,우량기업부,자동차 신품 부품 제조업
881,010580,KR7010580009,에스엠벡셀,KOSPI,,2090,3,0,0.0,2105,2160,2070,122153,258754885,232516178400,111251760,STK,,자동차 신품 부품 제조업
882,389020,KR7389020009,자람테크놀로지,KOSDAQ,기술성장기업부,33650,1,2300,7.34,32850,34150,32000,53147,1774823725,232356009300,6905082,KSQ,기술성장기업부,반도체 제조업
883,474650,KR7474650009,링크솔루션,KOSDAQ,기술성장기업부,40400,1,2150,5.62,38950,40950,38750,36883,1473599300,232304322800,5750107,KSQ,기술성장기업부,특수 목적용 기계 제조업
884,053300,KR7053300000,한국정보인증,KOSDAQ,우량기업부,5720,1,290,5.34,5480,5780,5480,133597,756413950,232181069120,40591096,KSQ,우량기업부,소프트웨어 개발 및 공급업
885,241590,KR7241590009,화승엔터프라이즈,KOSPI,,3815,1,80,2.14,3830,4030,3760,95227,372181109,231148087940,60589276,STK,,신발 및 신발 부분품 제조업
886,0015G0,KR70015G0009,그린광학,KOSDAQ,기술성장기업부,19720,1,1070,5.74,19600,19860,19120,64618,1261721980,230774108520,11702541,KSQ,기술성장기업부,사진장비 및 광학기기 제조업
887,206640,KR7206640005,바디텍메드,KOSDAQ,우량기업부,10520,1,130,1.25,10500,10610,10340,20027,209316640,230471328920,21907921,KSQ,우량기업부,의료용품 및 기타 의약 관련제품 제조업
888,034120,KR7034120006,SBS,KOSPI,,12420,1,130,1.06,12330,12520,12320,13040,161218930,230406375960,18551238,STK,,텔레비전 방송업
889,036030,KR7036030005,케이티알파,KOSDAQ,우량기업부,4700,1,90,1.95,4615,4735,4605,25294,118094155,230390630100,49019283,KSQ,우량기업부,상품 중개업
890,067390,KR7067390005,아스트,KOSDAQ,중견기업부,554,1,26,4.92,528,580,528,653359,360733121,229997298766,415157579,KSQ,중견기업부,"항공기,우주선 및 부품 제조업"
891,357880,KR7357880004,SKAI,KOSDAQ,기술성장기업부,4360,1,125,2.95,4480,4895,4290,2742622,12618388773,229687834560,52680696,KSQ,기술성장기업부,소프트웨어 개발 및 공급업
892,099440,KR7099440000,스맥,KOSDAQ,중견기업부,3365,1,120,3.7,3310,3440,3285,366194,1234243800,229639020810,68243394,KSQ,중견기업부,특수 목적용 기계 제조업
893,244920,KR7244920005,에이플러스에셋,KOSPI,,10140,1,270,2.74,10000,10250,9720,24819,249180330,229242007020,22607693,STK,,보험 및 연금관련 서비스업
894,054210,KR7054210000,이랜텍,KOSDAQ,우량기업부,9030,1,340,3.91,9030,9130,8800,122979,1102396860,228379626300,25291210,KSQ,우량기업부,전자부품 제조업
895,018310,KR7018310003,삼목에스폼,KOSDAQ,우량기업부,15530,1,930,6.37,14760,15720,14760,25088,386568250,228291000000,14700000,KSQ,우량기업부,"구조용 금속제품, 탱크 및 증기발생기 제조업"
896,394800,KR7394800007,쓰리빌리언,KOSDAQ,기술성장기업부,7170,2,-270,-3.63,7760,7760,7100,210306,1522251180,228167705010,31822553,KSQ,기술성장기업부,자연과학 및 공학 연구개발업
897,051370,KR7051370005,인터플렉스,KOSDAQ,우량기업부,9740,1,490,5.3,9500,9790,9350,83089,793852435,227209577280,23327472,KSQ,우량기업부,전자부품 제조업
898,294570,KR7294570007,쿠콘,KOSDAQ,우량기업부,22500,1,850,3.93,22650,22700,22050,8121,182012600,227063970000,10091732,KSQ,우량기업부,기타 정보 서비스업
899,134380,KR7134380005,미원화학,KOSPI,,10300,1,300,3.0,10300,10300,10300,667,6870100,226524604000,21992680,STK,,기타 화학제품 제조업
900,051905,KR7051901007,LG생활건강우,KOSPI,,108000,1,7000,6.93,101000,108000,101000,10952,1151613800,226395972000,2096259,STK,,
901,000480,KR7000480004,CR홀딩스,KOSPI,,4825,1,75,1.58,4750,4830,4660,30411,145471350,226246614250,46890490,STK,,"내화, 비내화 요업제품 제조업"
902,044450,KR7044450005,KSS해운,KOSPI,,9800,1,190,1.98,9610,9840,9510,29098,283044865,226241624000,23085880,STK,,해상 운송업
903,136490,KR7136490000,선진,KOSPI,,9510,1,260,2.81,9300,9530,9300,40715,384097260,226144034040,23779604,STK,,동물용 사료 및 조제식품 제조업
904,025560,KR7025560004,미래산업,KOSPI,,44400,1,5200,13.27,41100,46200,41000,256723,11396396125,226032763200,5090828,STK,,"측정, 시험, 항해, 제어 및 기타 정밀기기 제조업; 광학기기 제외"
905,030210,KR7030210009,다올투자증권,KOSPI,,3705,1,195,5.56,3610,3720,3550,72613,264524787,225675647730,60911106,STK,,금융 지원 서비스업
906,451760,KR7451760003,컨텍,KOSDAQ,기술성장기업부,13900,1,610,4.59,14020,14170,13450,153095,2117155270,225167128600,16199074,KSQ,기술성장기업부,"컴퓨터 프로그래밍, 시스템 통합 및 관리업"
907,084990,KR7084990001,헬릭스미스,KOSDAQ,기술성장기업부,4875,1,290,6.32,4635,4935,4595,159553,760601827,224702385375,46092797,KSQ,기술성장기업부,자연과학 및 공학 연구개발업
908,006805,KR7006801005,미래에셋증권우,KOSPI,,15960,1,800,5.28,15900,16430,15580,64658,1027703425,224648970000,14075750,STK,,
909,033920,KR7033920000,무학,KOSPI,,7860,1,70,0.9,7800,7930,7790,35772,281171360,224010000000,28500000,STK,,알코올음료 제조업
910,009680,KR7009680000,모토닉,KOSPI,,10290,1,350,3.52,9960,10290,9960,20922,212327140,223633537260,21733094,STK,,자동차 신품 부품 제조업
911,003650,KR7003650009,미창석유,KOSPI,,128400,1,3500,2.8,126500,128900,122700,1821,229707350,223373884800,1739672,STK,,석유 정제품 제조업
912,353810,KR7353810005,이지바이오,KOSDAQ,우량기업부,6750,1,180,2.74,6550,6760,6290,71707,474343605,223302960000,33081920,KSQ,우량기업부,동물용 사료 및 조제식품 제조업
913,040350,KR7040350001,크레오에스지,KOSDAQ,벤처기업부,11430,2,-520,-4.35,12200,12800,10550,204234,2359276355,223119680760,19520532,KSQ,벤처기업부,"컴퓨터 프로그래밍, 시스템 통합 및 관리업"
914,025000,KR7025000001,KPX케미칼,KOSPI,,50800,1,800,1.6,51000,51200,50100,3306,167604700,222438417200,4378709,STK,,기초 화학물질 제조업
915,007160,KR7007160005,사조산업,KOSPI,,44400,1,2250,5.34,42350,44700,42350,1649,72002250,222000000000,5000000,STK,,수산물 가공 및 저장 처리업
916,432320,KR7432320000,KB스타리츠,KOSPI,,1472,2,-40,-2.65,1513,1532,1399,1624920,2331417383,221925027520,150764285,STK,,부동산 임대 및 공급업
917,035510,KR7035510007,신세계 I&C,KOSPI,,15860,1,920,6.16,15390,15930,15210,92393,1440722650,221737074000,13980900,STK,,"컴퓨터 프로그래밍, 시스템 통합 및 관리업"
918,138610,KR7138610001,나이벡,KOSDAQ,기술성장기업부,19480,1,770,4.12,19280,19780,19000,18136,350332160,221444607640,11367793,KSQ,기술성장기업부,의료용품 및 기타 의약 관련제품 제조업
919,012210,KR7012210001,삼미금속,KOSDAQ,중견기업부,9940,1,1210,13.86,8880,9990,8880,123039,1179876905,220588599280,22192012,KSQ,중견기업부,기타 금속 가공제품 제조업
920,088260,KR7088260005,이리츠코크렙,KOSPI,,3480,2,-220,-5.95,3825,3855,3460,822234,2892474614,220428733200,63341590,STK,,부동산 임대 및 공급업
921,255220,KR7255220006,SG,KOSDAQ,중견기업부,2010,1,176,9.6,1988,2130,1925,1284294,2559462612,220222237020,109563302,KSQ,중견기업부,기타 비금속 광물제품 제조업
922,115450,KR7115450009,HLB테라퓨틱스,KOSDAQ,중견기업부,2485,1,55,2.26,2445,2555,2435,129710,321360099,220121570865,88580109,KSQ,중견기업부,기타 전문 도매업
923,199820,KR7199820002,제일일렉트릭,KOSDAQ,우량기업부,9870,1,570,6.13,9800,9960,9580,152110,1486908690,219311400000,22220000,KSQ,우량기업부,"전동기, 발전기 및 전기 변환 · 공급 · 제어 장치 제조업"
924,068930,KR7068930007,디지털대성,KOSDAQ,우량기업부,7900,1,330,4.36,7660,7900,7580,21231,164296260,218635201800,27675342,KSQ,우량기업부,일반 교습 학원
925,005710,KR7005710009,대원산업,KOSDAQ,우량기업부,10910,1,400,3.81,10540,10990,10540,3796,40959540,218610216000,20037600,KSQ,우량기업부,자동차 신품 부품 제조업
926,338840,KR7338840002,와이바이오로직스,KOSDAQ,기술성장기업부,14180,1,630,4.65,14060,14440,13710,36042,507678440,217899536580,15366681,KSQ,기술성장기업부,자연과학 및 공학 연구개발업
927,049630,KR7049630007,재영솔루텍,KOSDAQ,우량기업부,9310,1,150,1.64,9260,9350,8900,221267,2027674435,217663256720,23379512,KSQ,우량기업부,사진장비 및 광학기기 제조업
928,461300,KR7461300006,아이스크림미디어,KOSDAQ,벤처기업부,16310,1,160,0.99,16740,16740,16000,38320,623303195,217313347230,13323933,KSQ,벤처기업부,소프트웨어 개발 및 공급업
929,03473K,KR703473K016,SK우,KOSPI,,383500,1,3500,0.92,397000,400000,377500,1553,599073250,217112772500,566135,STK,,
930,008490,KR7008490005,서흥,KOSPI,,18760,1,620,3.42,18500,18800,18450,7932,147513370,217036559880,11569113,STK,,기타 화학제품 제조업
931,009470,KR7009470006,삼화전기,KOSPI,,32800,1,1650,5.3,32000,33100,32000,55678,1810415725,216933296000,6613820,STK,,전자부품 제조업
932,094820,KR7094820008,일진파워,KOSDAQ,우량기업부,14360,1,1100,8.3,13680,14700,13300,183205,2569210045,216530261240,15078709,KSQ,우량기업부,전기 및 통신 공사업
933,226320,KR7226320000,잇츠한불,KOSPI,,9860,1,140,1.44,9970,9970,9750,14821,145649950,216223045900,21929315,STK,,기타 화학제품 제조업
934,010955,KR7010951002,S-Oil우,KOSPI,,53400,1,100,0.19,54000,54100,53000,6014,321319100,214770901800,4021927,STK,,
935,035150,KR7035150002,백산,KOSPI,,10710,1,90,0.85,10690,10780,10560,25224,268491810,214508887110,20028841,STK,,플라스틱제품 제조업
936,494120,KR7494120009,큐리오시스,KOSDAQ,기술성장기업부,28100,1,1100,4.07,28250,28700,26600,18396,509261000,214399684200,7629882,KSQ,기술성장기업부,사진장비 및 광학기기 제조업
937,001790,KR7001790005,대한제당,KOSPI,,2480,1,70,2.9,2410,2490,2400,131382,322468500,213879949200,86241915,STK,,"곡물가공품, 전분 및 전분제품 제조업"
938,004560,KR7004560009,현대비앤지스틸,KOSPI,,14180,1,1670,13.35,12750,15050,12750,209408,2971489820,213817539980,15078811,STK,,1차 철강 제조업
939,053690,KR7053690004,한미글로벌,KOSPI,,19510,1,1730,9.73,19290,20100,18770,173670,3374878775,213781800500,10957550,STK,,"건축기술, 엔지니어링 및 관련 기술 서비스업"
940,053210,KR7053210001,스카이라이프,KOSPI,,4480,1,105,2.4,4380,4500,4345,35185,156544707,212902838400,47522955,STK,,텔레비전 방송업
941,210980,KR7210980009,SK디앤디,KOSPI,,11430,2,-70,-0.61,11780,11790,11410,14216,164216100,212796676260,18617382,STK,,부동산 임대 및 공급업
942,028100,KR7028100006,동아지질,KOSPI,,15870,1,970,6.51,15290,15950,14900,34532,536087835,212491396740,13389502,STK,,기반조성 및 시설물 축조관련 전문공사업
943,092070,KR7092070002,디엔에프,KOSDAQ,중견기업부,18310,1,960,5.53,17900,18400,17580,59896,1083023190,211880719980,11571858,KSQ,중견기업부,기타 화학제품 제조업
944,013890,KR7013890009,지누스,KOSPI,,9620,1,260,2.78,9470,9750,9430,18823,180189805,210926321060,21925813,STK,,가구 제조업
945,003555,KR7003551009,LG우,KOSPI,,69800,1,500,0.72,69900,70400,69000,16552,1153018400,210181690200,3011199,STK,,
946,001630,KR7001630003,종근당홀딩스,KOSPI,,41900,1,1050,2.57,41300,42350,41100,4897,205138650,209913175900,5009861,STK,,의약품 제조업
947,045390,KR7045390002,대아티아이,KOSDAQ,우량기업부,2975,1,155,5.5,2865,2995,2855,480496,1414649600,209658296575,70473377,KSQ,우량기업부,기타 전기장비 제조업
948,003220,KR7003220001,대원제약,KOSPI,,9340,1,100,1.08,9310,9510,9160,147379,1372014370,209473625220,22427583,STK,,의약품 제조업
949,013120,KR7013120001,동원개발,KOSDAQ,우량기업부,2305,1,20,0.88,2305,2345,2270,109882,252397310,209312670500,90808100,KSQ,우량기업부,건물 건설업
950,122990,KR7122990005,와이솔,KOSDAQ,중견기업부,7810,1,370,4.97,7530,7870,7440,112013,862610495,208051222610,26639081,KSQ,중견기업부,전자부품 제조업
951,432720,KR7432720001,퀄리타스반도체,KOSDAQ,기술성장기업부,14620,1,1420,10.76,14180,14700,13740,197427,2820310555,207422302640,14187572,KSQ,기술성장기업부,반도체 제조업
952,457550,KR7457550002,우진엔텍,KOSDAQ,중견기업부,22250,1,1250,5.95,21600,22500,21150,55683,1211026675,207346815500,9318958,KSQ,중견기업부,"그외 기타 전문, 과학 및 기술 서비스업"
953,214180,KR7214180002,헥토이노베이션,KOSDAQ,우량기업부,15930,1,870,5.78,15320,16030,15280,40365,630741635,206984336310,12993367,KSQ,우량기업부,기타 정보 서비스업
954,088800,KR7088800008,에이스테크,KOSDAQ,중견기업부,2740,1,85,3.2,2700,2785,2620,196657,530625204,206887629160,75506434,KSQ,중견기업부,통신 및 방송 장비 제조업
955,119610,KR7119610004,인터로조,KOSDAQ,우량기업부,18110,1,160,0.89,18400,18400,17580,27673,494020400,206702958170,11413747,KSQ,우량기업부,의료용 기기 제조업
956,380540,KR7380540005,옵티코어,KOSDAQ,관리종목(소속부없음),8450,0,0,0.0,0,0,0,0,0,206658126350,24456583,KSQ,관리종목(소속부없음),마그네틱 및 광학 매체 제조업
957,083310,KR7083310003,엘오티베큠,KOSDAQ,우량기업부,11580,1,790,7.32,11200,11660,11060,76386,868060015,206240182140,17810033,KSQ,우량기업부,특수 목적용 기계 제조업
958,339770,KR7339770000,교촌에프앤비,KOSPI,,4115,1,115,2.88,4185,4185,4010,256986,1054512189,205606304200,49965080,STK,,음·식료품 및 담배 도매업
959,039570,KR7039570007,HDC랩스,KOSPI,,7920,1,140,1.8,7790,7950,7780,14228,111965170,205584199920,25957601,STK,,전기 및 통신 공사업
960,004980,KR7004980009,성신양회,KOSPI,,8380,1,360,4.49,8160,8380,8160,22088,182265440,205444691740,24516073,STK,,"시멘트, 석회, 플라스터 및 그 제품 제조업"
961,382800,KR7382800001,지앤비에스 에코,KOSDAQ,우량기업부,6450,1,250,4.03,6510,6550,6210,335984,2144851205,205310214450,31831041,KSQ,우량기업부,특수 목적용 기계 제조업
962,095570,KR7095570008,AJ네트웍스,KOSPI,,4515,1,160,3.67,4355,4565,4300,333396,1479968440,204316206885,45252759,STK,,산업용 기계 및 장비 임대업
963,270660,KR7270660004,에브리봇,KOSDAQ,벤처기업부,16090,4,3710,29.97,12550,16090,12550,194391,2957500825,204191480470,12690583,KSQ,벤처기업부,가정용 기기 제조업
964,001130,KR7001130004,대한제분,KOSPI,,12060,1,650,5.7,11600,12090,11510,12762,150699840,203814000000,16900000,STK,,"곡물가공품, 전분 및 전분제품 제조업"
965,052330,KR7052330008,코텍,KOSDAQ,우량기업부,11470,1,250,2.23,11300,11490,11270,7496,85295600,203725425830,17761589,KSQ,우량기업부,영상 및 음향기기 제조업
966,007860,KR7007860000,서연,KOSPI,,8660,1,350,4.21,8440,8680,8400,67233,574562130,203335449040,23479844,STK,,기타 금융업
967,064550,KR7064550007,바이오니아,KOSDAQ,중견기업부,7850,1,240,3.15,7750,7960,7720,44465,346589700,202610784350,25810291,KSQ,중견기업부,의료용품 및 기타 의약 관련제품 제조업
968,034810,KR7034810002,해성산업,KOSDAQ,중견기업부,6390,1,230,3.73,6210,6440,6210,7488,47644190,201797171280,31580152,KSQ,중견기업부,기타 금융업
969,054450,KR7054450002,텔레칩스,KOSDAQ,중견기업부,13300,1,970,7.87,12900,13440,12740,132079,1738613700,201418298900,15144233,KSQ,중견기업부,반도체 제조업
970,126600,KR7126600006,BGF에코머티리얼즈,KOSDAQ,우량기업부,3205,1,165,5.43,3085,3245,3085,77880,247804616,201167911295,62766899,KSQ,우량기업부,합성고무 및 플라스틱 물질 제조업
971,256840,KR7256840000,한국비엔씨,KOSDAQ,우량기업부,2930,1,100,3.53,2860,2955,2860,220107,641616695,200397015980,68394886,KSQ,우량기업부,기초 의약물질 제조업
972,402490,KR7402490007,그린리소스,KOSDAQ,기술성장기업부,11820,1,620,5.54,11810,12120,11400,151927,1771362995,200174264940,16935217,KSQ,기술성장기업부,반도체 제조업
973,102260,KR7102260007,동성케미컬,KOSPI,,3940,1,120,3.14,3850,3945,3815,82713,322001320,199638188540,50669591,STK,,합성고무 및 플라스틱 물질 제조업
974,405100,KR7405100009,큐알티,KOSDAQ,중견기업부,16220,1,1080,7.13,15980,16400,15610,47772,764877510,199332462220,12289301,KSQ,중견기업부,"그외 기타 전문, 과학 및 기술 서비스업"
975,489500,KR7489500009,엘케이켐,KOSDAQ,벤처기업부,31150,1,2750,9.68,29150,31300,28550,34738,1041036175,199087063700,6391238,KSQ,벤처기업부,기타 화학제품 제조업
976,036560,KR7036560001,KZ정밀,KOSDAQ,우량기업부,12620,1,420,3.44,12700,12700,12210,7904,98319810,198765000000,15750000,KSQ,우량기업부,일반 목적용 기계 제조업
977,304100,KR7304100001,솔트룩스,KOSDAQ,기술성장기업부,15780,1,240,1.54,15920,16400,15520,103549,1643347080,198731031900,12593855,KSQ,기술성장기업부,소프트웨어 개발 및 공급업
978,487570,KR7487570004,HS효성,KOSPI,,53300,1,3100,6.18,50700,53400,50700,6736,352573650,198591909100,3725927,STK,,기타 금융업
979,001780,KR7001780006,알루코,KOSPI,,2045,1,120,6.23,1940,2060,1940,663624,1332534675,198017619940,96830132,STK,,1차 비철금속 제조업
980,117580,KR7117580001,대성에너지,KOSPI,,7200,1,120,1.69,7080,7220,7010,87922,624701010,198000000000,27500000,STK,,연료용 가스 제조 및 배관공급업
981,121440,KR7121440002,골프존홀딩스,KOSDAQ,우량기업부,4620,1,55,1.2,4565,4635,4550,29268,134509305,197906099160,42836818,KSQ,우량기업부,상품 중개업
982,083930,KR7083930008,아바코,KOSDAQ,우량기업부,13470,1,640,4.99,13100,13530,12990,69070,920851560,197702544030,14677249,KSQ,우량기업부,특수 목적용 기계 제조업
983,036190,KR7036190007,금화피에스시,KOSDAQ,우량기업부,32900,1,250,0.77,33350,33350,32250,5960,195268775,197400000000,6000000,KSQ,우량기업부,전기 및 통신 공사업
984,067080,KR7067080002,대화제약,KOSDAQ,중견기업부,10570,2,-150,-1.4,11050,11340,10520,137172,1468137030,196777990500,18616650,KSQ,중견기업부,의약품 제조업
985,033530,KR7033530007,SJG세종,KOSPI,,7060,1,480,7.29,6760,7090,6760,71886,500972370,196415984660,27820961,STK,,자동차 신품 부품 제조업
986,000140,KR7000140004,하이트진로홀딩스,KOSPI,,8460,1,410,5.09,8290,8490,8140,26165,217100310,196329231900,23206765,STK,,기타 금융업
987,003547,KR7003542008,대신증권2우B,KOSPI,,20000,1,640,3.31,19650,20050,19510,12914,257195180,196066660000,9803333,STK,,
988,394420,KR7394420004,리센스메디컬,KOSDAQ,기술성장기업부,17910,2,-240,-1.32,18440,18870,17770,123534,2229046755,195844739580,10934938,KSQ,기술성장기업부,의료용 기기 제조업
989,102120,KR7102120003,어보브반도체,KOSDAQ,벤처기업부,11000,1,760,7.42,10750,11090,10500,169801,1835060380,195588283000,17780753,KSQ,벤처기업부,반도체 제조업
990,138360,KR7138360003,앤로보틱스,KOSDAQ,벤처기업부,2540,1,185,7.86,2415,2620,2415,633309,1590076315,195558973880,76991722,KSQ,벤처기업부,특수 목적용 기계 제조업
991,126730,KR7126730001,코칩,KOSDAQ,벤처기업부,22200,1,1200,5.71,22750,23700,22100,287730,6587278300,194696797200,8770126,KSQ,벤처기업부,전자부품 제조업
992,237880,KR7237880000,클리오,KOSDAQ,우량기업부,10770,1,230,2.18,10740,10900,10600,17244,185675955,194628471810,18071353,KSQ,우량기업부,기타 화학제품 제조업
993,101360,KR7101360006,에코앤드림,KOSDAQ,벤처기업부,10930,1,60,0.55,11070,11250,10740,120430,1328618260,194402226020,17786114,KSQ,벤처기업부,일차전지 및 이차전지 제조업
994,484120,KR7484120001,도우인시스,KOSDAQ,중견기업부,17710,1,1190,7.2,17450,17850,16830,14704,257027440,194055943620,10957422,KSQ,중견기업부,전자부품 제조업
995,298690,KR7298690009,에어부산,KOSPI,,1663,1,78,4.92,1629,1666,1621,85101,140704275,193972320000,116640000,STK,,항공 여객 운송업
996,024840,KR7024840001,KBI메탈,KOSDAQ,중견기업부,4670,1,175,3.89,4775,5160,4510,2567965,12225921017,193919036730,41524419,KSQ,중견기업부,1차 비철금속 제조업
997,0007C0,KR70007C0003,아크릴,KOSDAQ,기술성장기업부,24100,1,750,3.21,23650,24800,23650,65806,1587817175,193530808400,8030324,KSQ,기술성장기업부,소프트웨어 개발 및 공급업
998,149950,KR7149950008,아바텍,KOSDAQ,우량기업부,14140,1,140,1.0,14400,14970,14000,151382,2180217870,193261320420,13667703,KSQ,우량기업부,전자부품 제조업
999,146320,KR7146320007,비씨엔씨,KOSDAQ,벤처기업부,15100,1,1640,12.18,13980,15210,13740,72364,1057065025,193248637300,12797923,KSQ,벤처기업부,반도체 제조업
1000,481070,KR7481070001,에이유브랜즈,KOSDAQ,중견기업부,13480,1,410,3.14,13080,15400,12720,43670,583083375,193171770000,14330250,KSQ,중견기업부,"섬유, 의복, 신발 및 가죽제품 소매업"
1001,418550,KR7418550000,제이오,KOSDAQ,기술성장기업부,6000,1,340,6.01,5730,6070,5700,108992,644892335,192106038000,32017673,KSQ,기술성장기업부,"건축기술, 엔지니어링 및 관련 기술 서비스업"
1002,016580,KR7016580003,환인제약,KOSPI,,10320,1,120,1.18,10260,10400,10030,29180,300327590,191952722400,18600070,STK,,의약품 제조업
1003,003350,KR7003350006,한국화장품제조,KOSPI,,8460,1,240,2.92,8350,8530,8220,53647,448077660,191703600000,22660000,STK,,기타 화학제품 제조업
1004,211270,KR7211270004,AP위성,KOSDAQ,우량기업부,12680,1,90,0.71,12970,13370,12290,230812,2937924660,191243614720,15082304,KSQ,우량기업부,통신 및 방송 장비 제조업
1005,003610,KR7003610003,방림,KOSPI,,5260,1,50,0.96,5210,5300,5200,48923,257422885,190423351080,36202158,STK,,직물직조 및 직물제품 제조업
1006,0088M0,KR70088M0003,메쥬,KOSDAQ,기술성장기업부,19220,1,10,0.05,19550,19960,18930,49563,954507310,189927235000,9881750,KSQ,기술성장기업부,의료용 기기 제조업
1007,192440,KR7192440006,슈피겐코리아,KOSDAQ,우량기업부,30550,1,300,0.99,30300,30750,30250,3700,112867100,189909889650,6216363,KSQ,우량기업부,그외 기타 제품 제조업
1008,100250,KR7100250000,진양홀딩스,KOSPI,,2970,1,25,0.85,2935,3000,2935,114722,340032730,189783000000,63900000,STK,,플라스틱제품 제조업
1009,462860,KR7462860008,더즌,KOSDAQ,벤처기업부,2620,1,180,7.38,2490,2640,2490,104799,269303692,188002090260,71756523,KSQ,벤처기업부,전기 통신업
1010,039830,KR7039830005,오로라,KOSDAQ,우량기업부,17450,1,130,0.75,17440,17840,17050,29712,514143920,187812430500,10762890,KSQ,우량기업부,전문디자인업
1011,216080,KR7216080002,제테마,KOSDAQ,벤처기업부,5030,1,190,3.93,4850,5080,4850,70554,351010736,187554107970,37287099,KSQ,벤처기업부,의료용품 및 기타 의약 관련제품 제조업
1012,016790,KR7016790008,현대사료,KOSDAQ,관리종목(소속부없음),994,0,0,0.0,0,0,0,0,0,187340898626,188471729,KSQ,관리종목(소속부없음),동물용 사료 및 조제식품 제조업
1013,377190,KR7377190004,디앤디플랫폼리츠,KOSPI,,2115,2,-145,-6.42,2265,2300,2100,1401572,2990485960,186966000000,88400000,STK,,부동산 임대 및 공급업
1014,086820,KR7086820008,바이오솔루션,KOSDAQ,기술성장기업부,7210,1,110,1.55,7200,7390,7030,65467,470894405,186912652850,25924085,KSQ,기술성장기업부,기초 의약물질 제조업
1015,066620,KR7066620006,국보디자인,KOSDAQ,우량기업부,24900,1,200,0.81,24750,25050,24400,6555,162228600,186750000000,7500000,KSQ,우량기업부,실내건축 및 건축마무리 공사업
1016,372170,KR7372170001,윤성에프앤씨,KOSDAQ,우량기업부,23400,1,1650,7.59,22400,23450,22400,4188,96408750,186709723200,7979048,KSQ,우량기업부,특수 목적용 기계 제조업
1017,004310,KR7004310009,현대약품,KOSPI,,5830,1,100,1.75,5800,5950,5650,180013,1041345305,186560000000,32000000,STK,,의약품 제조업
1018,474170,KR7474170008,루미르,KOSDAQ,기술성장기업부,10470,1,140,1.36,10600,10920,10190,126349,1314915355,186551277120,17817696,KSQ,기술성장기업부,"항공기,우주선 및 부품 제조업"
1019,232680,KR7232680009,라온로보틱스,KOSDAQ,기술성장기업부,14160,1,400,2.91,14670,14750,13880,244034,3481150010,186429837840,13165949,KSQ,기술성장기업부,특수 목적용 기계 제조업
1020,071200,KR7071200000,인피니트헬스케어,KOSDAQ,중견기업부,7630,1,220,2.97,7420,7880,7420,39687,304845985,186144974540,24396458,KSQ,중견기업부,소프트웨어 개발 및 공급업
1021,032580,KR7032580003,피델릭스,KOSDAQ,중견기업부,5610,1,230,4.28,5710,6110,5530,950756,5419063025,185870879040,33132064,KSQ,중견기업부,반도체 제조업
1022,004380,KR7004380002,삼익THK,KOSPI,,8940,1,330,3.83,8660,9090,8660,61150,545864320,185058000000,20700000,STK,,일반 목적용 기계 제조업
1023,102460,KR7102460003,이연제약,KOSPI,,9950,1,50,0.51,9900,10050,9850,27472,272635690,184938769450,18586811,STK,,의약품 제조업
1024,123860,KR7123860009,아나패스,KOSDAQ,우량기업부,15210,1,240,1.6,15110,15600,15000,27180,412902990,184397142150,12123415,KSQ,우량기업부,반도체 제조업
1025,108380,KR7108380007,대양전기공업,KOSDAQ,우량기업부,19250,1,770,4.17,19170,19450,18830,38970,743508870,184171160250,9567333,KSQ,우량기업부,선박 및 보트 건조업
1026,143240,KR7143240000,사람인,KOSDAQ,우량기업부,17110,1,1260,7.95,16730,17210,16500,30196,513579870,183637027410,10732731,KSQ,우량기업부,"자료처리, 호스팅, 포털 및 기타 인터넷 정보매개 서비스업"
1027,950140,KR8840110108,잉글우드랩,KOSDAQ,외국기업(소속부없음),9240,1,180,1.99,9080,9260,9080,7895,72348880,183579081840,19867866,KSQ,외국기업(소속부없음),기타 화학제품 제조업
1028,013580,KR7013580006,계룡건설,KOSPI,,20450,1,890,4.55,20500,20750,20000,32846,666505825,182637048150,8930907,STK,,토목 건설업
1029,000390,KR7000390005,SP삼화,KOSPI,,6700,1,170,2.6,6610,6750,6500,92080,610343805,182263242300,27203469,STK,,기타 화학제품 제조업
1030,039840,KR7039840004,디오,KOSDAQ,중견기업부,13550,1,200,1.5,13310,13640,13310,10778,145535490,181784469400,13415828,KSQ,중견기업부,의료용 기기 제조업
1031,234080,KR7234080000,JW생명과학,KOSPI,,11480,1,300,2.68,11180,11540,11180,23771,270591700,181780679920,15834554,STK,,의약품 제조업
1032,003460,KR7003460003,유화증권,KOSPI,,3205,1,145,4.74,3110,3205,3110,32392,102285125,181731240075,56702415,STK,,금융 지원 서비스업
1033,016450,KR7016450009,한세예스24홀딩스,KOSPI,,4510,1,210,4.88,4300,4565,4300,31191,138644025,180400000000,40000000,STK,,봉제의복 제조업
1034,199430,KR7199430000,케이엔알시스템,KOSDAQ,기술성장기업부,16170,1,1270,8.52,15280,16270,15220,26673,423202490,180199175310,11144043,KSQ,기술성장기업부,"측정, 시험, 항해, 제어 및 기타 정밀기기 제조업; 광학기기 제외"
1035,012610,KR7012610002,경인양행,KOSPI,,4330,1,250,6.13,4155,4355,3960,287102,1219313837,180198860450,41616365,STK,,기초 화학물질 제조업
1036,002150,KR7002150001,도화엔지니어링,KOSPI,,5330,1,330,6.6,5190,5340,5180,77585,408553700,179727600000,33720000,STK,,"건축기술, 엔지니어링 및 관련 기술 서비스업"
1037,402030,KR7402030001,코난테크놀로지,KOSDAQ,기술성장기업부,14330,2,-20,-0.14,15000,15050,14140,54060,776678900,179375603040,12517488,KSQ,기술성장기업부,소프트웨어 개발 및 공급업
1038,123330,KR7123330003,제닉,KOSDAQ,우량기업부,22500,1,200,0.9,22950,23400,21750,51177,1142928400,179295300000,7968680,KSQ,우량기업부,기타 화학제품 제조업
1039,002100,KR7002100006,경농,KOSPI,,9160,1,80,0.88,9070,9230,9030,77906,709259595,178826787000,19522575,STK,,"비료, 농약 및 살균, 살충제 제조업"
1040,084680,KR7084680008,이월드,KOSPI,,1261,1,43,3.53,1221,1285,1221,155388,194114149,178817609373,141806193,STK,,귀금속 및 장신용품 제조업
1041,176750,KR7176750008,듀켐바이오,KOSDAQ,기술성장기업부,6270,1,90,1.46,6350,6400,6210,3640,22824350,178624274400,28488720,KSQ,기술성장기업부,의약품 제조업
1042,371950,KR7371950007,풍원정밀,KOSDAQ,기술성장기업부,7870,1,520,7.07,7350,7940,7350,41115,316626480,178354252760,22662548,KSQ,기술성장기업부,전자부품 제조업
1043,140610,KR7140610007,엔솔바이오사이언스,KONEX,일반기업부,12780,1,200,1.59,12580,12990,12420,951,12074890,177502352940,13889073,KNX,일반기업부,자연과학 및 공학 연구개발업
1044,042420,KR7042420000,네오위즈홀딩스,KOSDAQ,우량기업부,21800,1,850,4.06,20900,22100,20900,5451,117236500,177501769400,8142283,KSQ,우량기업부,소프트웨어 개발 및 공급업
1045,031440,KR7031440001,신세계푸드,KOSPI,,45750,1,1550,3.51,44200,46150,44200,4500,205159650,177165960000,3872480,STK,,음식점업
1046,194480,KR7194480000,데브시스터즈,KOSDAQ,벤처기업부,14570,1,640,4.59,15140,15140,14070,51032,738572290,176721715500,12129150,KSQ,벤처기업부,소프트웨어 개발 및 공급업
1047,078070,KR7078070000,유비쿼스홀딩스,KOSDAQ,중견기업부,10330,1,230,2.28,10420,10450,10100,23682,242919995,176217848190,17058843,KSQ,중견기업부,기타 금융업
1048,140670,KR7140670001,알에스오토메이션,KOSDAQ,중견기업부,13710,1,2220,19.32,11820,13840,11550,599039,8004033295,176034206400,12839840,KSQ,중견기업부,전자부품 제조업
1049,077500,KR7077500007,유니퀘스트,KOSPI,,8130,1,960,13.39,7330,8200,7300,418678,3311720780,175608829260,21600102,STK,,기계장비 및 관련 물품 도매업
1050,126700,KR7126700004,하이비젼시스템,KOSDAQ,우량기업부,11750,1,220,1.91,11870,11950,11530,63750,747717240,175569816000,14942112,KSQ,우량기업부,사진장비 및 광학기기 제조업
1051,123410,KR7123410003,코리아에프티,KOSDAQ,우량기업부,6300,1,240,3.96,6100,6400,6100,64635,409003680,175398703200,27841064,KSQ,우량기업부,자동차 신품 부품 제조업
1052,024060,KR7024060006,흥구석유,KOSDAQ,중견기업부,11680,2,-490,-4.03,11610,11930,11600,944537,11061182230,175200000000,15000000,KSQ,중견기업부,기타 전문 도매업
1053,001080,KR7001080001,만호제강,KOSPI,,4220,1,180,4.46,4040,4280,4040,10185,42533505,175130000000,41500000,STK,,1차 철강 제조업
1054,080160,KR7080160005,모두투어,KOSDAQ,우량기업부,9260,1,370,4.16,9160,9320,8910,29399,270732065,175014000000,18900000,KSQ,우량기업부,여행사 및 기타 여행보조 서비스업
1055,037560,KR7037560000,LG헬로비전,KOSPI,,2255,1,45,2.04,2240,2295,2230,691354,1561825076,174642680575,77446865,STK,,텔레비전 방송업
1056,264450,KR7264450008,유비쿼스,KOSDAQ,우량기업부,11900,1,300,2.59,11800,12000,11580,38074,448983525,174519366700,14665493,KSQ,우량기업부,통신 및 방송 장비 제조업
1057,000860,KR7000860007,강남제비스코,KOSPI,,13420,1,520,4.03,12980,13490,12920,26784,356155840,174460000000,13000000,STK,,기타 화학제품 제조업
1058,488280,KR7488280009,에스투더블유,KOSDAQ,기술성장기업부,16140,1,1080,7.17,16890,16900,15870,82306,1333079195,174368264040,10803486,KSQ,기술성장기업부,소프트웨어 개발 및 공급업
1059,039860,KR7039860002,나노엔텍,KOSDAQ,중견기업부,4570,1,170,3.86,4490,4605,4420,139585,630976922,174085252210,38093053,KSQ,중견기업부,의료용 기기 제조업
1060,000300,KR7000300004,DH오토넥스,KOSPI,,4200,0,0,0.0,0,0,0,0,0,174035631000,41437055,STK,,자동차 신품 부품 제조업
1061,079960,KR7079960001,동양이엔피,KOSDAQ,우량기업부,22100,1,900,4.25,21650,22350,21450,12842,281504250,173706000000,7860000,KSQ,우량기업부,"전동기, 발전기 및 전기 변환 · 공급 · 제어 장치 제조업"
1062,044820,KR7044820009,코스맥스비티아이,KOSPI,,18080,1,290,1.63,17790,18450,17580,10529,188131010,173638891680,9603921,STK,,기타 금융업
1063,264850,KR7264850009,이랜시스,KOSDAQ,중견기업부,5730,1,500,9.56,5430,5800,5340,361018,2015872385,173588126760,30294612,KSQ,중견기업부,전자부품 제조업
1064,361390,KR7361390008,제노코,KOSDAQ,벤처기업부,17810,1,1090,6.52,17500,18360,17140,45856,808164975,173404945610,9736381,KSQ,벤처기업부,통신 및 방송 장비 제조업
1065,226590,KR7226590008,엠디바이스,KOSDAQ,기술성장기업부,16130,1,710,4.6,15710,16200,15600,72261,1152150915,172861725920,10716784,KSQ,기술성장기업부,전자부품 제조업
1066,418420,KR7418420006,라온텍,KOSDAQ,기술성장기업부,5630,1,170,3.11,5660,5790,5370,496009,2736380910,172846252790,30700933,KSQ,기술성장기업부,전자부품 제조업
1067,024800,KR7024800005,유성티엔에스,KOSDAQ,우량기업부,4660,1,160,3.56,4500,4690,4480,33045,152922221,172661443920,37051812,KSQ,우량기업부,육상 여객 운송업
1068,445180,KR7445180003,퓨릿,KOSDAQ,우량기업부,10040,1,670,7.15,9450,10100,9450,44955,442818500,172579447520,17189188,KSQ,우량기업부,기초 화학물질 제조업
1069,458650,KR7458650009,성우,KOSDAQ,벤처기업부,11470,1,330,2.96,11190,11600,11190,20312,231980560,172573834900,15045670,KSQ,벤처기업부,일차전지 및 이차전지 제조업
1070,092130,KR7092130004,이크레더블,KOSDAQ,중견기업부,14300,1,310,2.22,14090,14310,13990,4376,62036190,172223480000,12043600,KSQ,중견기업부,기타 정보 서비스업
1071,092220,KR7092220003,KEC,KOSPI,,4285,1,275,6.86,4210,4430,4165,703666,3018082888,172054010980,40152628,STK,,반도체 제조업
1072,308080,KR7308080001,바이젠셀,KOSDAQ,기술성장기업부,8390,2,-880,-9.49,9350,9890,8290,663460,5739355930,171988791400,20499260,KSQ,기술성장기업부,자연과학 및 공학 연구개발업
1073,462520,KR7462520008,조선내화,KOSPI,,14470,1,260,1.83,14570,14570,14230,4370,62745070,171544280960,11855168,STK,,"내화, 비내화 요업제품 제조업"
1074,015230,KR7015230006,대창단조,KOSPI,,6300,1,280,4.65,6160,6320,6160,17499,109056750,171004806000,27143620,STK,,자동차 신품 부품 제조업
1075,403850,KR7403850001,더핑크퐁컴퍼니,KOSDAQ,중견기업부,11890,1,470,4.12,11520,11970,11110,100096,1143787515,170633508900,14351010,KSQ,중견기업부,"영화, 비디오물, 방송프로그램 제작 및 배급업"
1076,119830,KR7119830008,아이텍,KOSDAQ,중견기업부,6420,1,200,3.22,6280,6550,6250,156537,998395240,170377401120,26538536,KSQ,중견기업부,"그외 기타 전문, 과학 및 기술 서비스업"
1077,118990,KR7118990001,모트렉스,KOSDAQ,우량기업부,6940,1,260,3.89,6730,6950,6730,80769,555314760,170289354740,24537371,KSQ,우량기업부,자동차 신품 부품 제조업
1078,452450,KR7452450000,피아이이,KOSDAQ,벤처기업부,4725,1,385,8.87,4385,4790,4385,105940,490840405,170234662500,36028500,KSQ,벤처기업부,특수 목적용 기계 제조업
1079,109740,KR7109740001,디에스케이,KOSDAQ,벤처기업부,6620,1,250,3.92,6500,6800,6410,87809,581490680,170202781800,25710390,KSQ,벤처기업부,특수 목적용 기계 제조업
1080,012200,KR7012200002,계양전기,KOSPI,,6250,1,340,5.75,6060,6400,6060,486659,3042859775,170142681250,27222829,STK,,일반 목적용 기계 제조업
1081,101530,KR7101530004,해태제과식품,KOSPI,,5840,1,250,4.47,5610,5850,5610,19684,113436730,170042240480,29116822,STK,,기타 식품 제조업
1082,001045,KR7001041003,CJ우,KOSPI,,75100,1,2100,2.88,73100,75500,73000,2109,155828000,169742747300,2260223,STK,,
1083,086670,KR7086670007,비엠티,KOSDAQ,우량기업부,16990,1,1690,11.05,15590,17330,15430,126021,2098183055,168640786150,9925885,KSQ,우량기업부,일반 목적용 기계 제조업
1084,048870,KR7048870000,시너지이노베이션,KOSDAQ,중견기업부,1911,1,61,3.3,1835,1914,1835,372737,699346354,168372406293,88106963,KSQ,중견기업부,의료용 기기 제조업
1085,049430,KR7049430002,코메론,KOSDAQ,우량기업부,18540,1,540,3.0,18020,18860,18020,29756,550632360,167749920000,9048000,KSQ,우량기업부,"측정, 시험, 항해, 제어 및 기타 정밀기기 제조업; 광학기기 제외"
1086,143160,KR7143160000,아이디스,KOSDAQ,우량기업부,15630,1,130,0.84,15500,15810,15500,1668,26027060,167497175700,10716390,KSQ,우량기업부,통신 및 방송 장비 제조업
1087,041020,KR7041020009,폴라리스오피스,KOSDAQ,벤처기업부,3365,2,-20,-0.59,3480,3570,3280,1177596,3956284862,167185963445,49683793,KSQ,벤처기업부,소프트웨어 개발 및 공급업
1088,245620,KR7245620000,EDGC,KOSDAQ,관리종목(소속부없음),741,0,0,0.0,0,0,0,0,0,167118555474,225531114,KSQ,관리종목(소속부없음),자연과학 및 공학 연구개발업
1089,058820,KR7058820002,CMG제약,KOSDAQ,중견기업부,1130,1,30,2.73,1124,1139,1108,177762,199720632,167061666790,147842183,KSQ,중견기업부,의약품 제조업
1090,007570,KR7007570005,일양약품,KOSPI,,8750,1,550,6.71,8270,8750,8200,19784,169077120,166999560000,19085664,STK,,의약품 제조업
1091,388050,KR7388050007,지투파워,KOSDAQ,우량기업부,8920,1,450,5.31,8810,9000,8660,191264,1691322670,166888178040,18709437,KSQ,우량기업부,"전동기, 발전기 및 전기 변환 · 공급 · 제어 장치 제조업"
1092,032620,KR7032620007,GC메디아이,KOSDAQ,우량기업부,3195,1,70,2.24,3135,3210,3135,66492,211514861,166769859105,52197139,KSQ,우량기업부,소프트웨어 개발 및 공급업
1093,083500,KR7083500009,에프엔에스테크,KOSDAQ,우량기업부,20050,1,1740,9.5,19370,20700,18810,161250,3175079385,166542858850,8306377,KSQ,우량기업부,특수 목적용 기계 제조업
1094,126640,KR7126640002,화신정공,KOSDAQ,우량기업부,4745,1,135,2.93,4710,5390,4170,15543356,76099844666,166340292950,35055910,KSQ,우량기업부,자동차 신품 부품 제조업
1095,017550,KR7017550005,수산세보틱스,KOSPI,,2665,1,385,16.89,2690,2930,2555,3884000,10602835124,166293681450,62399130,STK,,특수 목적용 기계 제조업
1096,097955,KR7097951008,CJ제일제당 우,KOSPI,,124700,1,3200,2.63,121500,125500,121500,4407,546495600,165530895100,1327433,STK,,
1097,377450,KR7377450002,리파인,KOSDAQ,우량기업부,9550,3,0,0.0,9490,9650,9490,10651,101926840,165501500000,17330000,KSQ,우량기업부,기타 정보 서비스업
1098,038390,KR7038390001,레드캡투어,KOSDAQ,우량기업부,9890,1,170,1.75,9760,9940,9710,21914,215932160,165368929580,16720822,KSQ,우량기업부,여행사 및 기타 여행보조 서비스업
1099,400760,KR7400760005,NH올원리츠,KOSPI,,3005,3,0,0.0,3015,3025,3000,56833,170982740,165062471375,54929275,STK,,부동산 임대 및 공급업
1100,417010,KR7417010006,나노팀,KOSDAQ,벤처기업부,8170,1,80,0.99,8320,8750,8000,230926,1922279855,164811187760,20172728,KSQ,벤처기업부,일반 목적용 기계 제조업
1101,042600,KR7042600007,새로닉스,KOSDAQ,중견기업부,13190,1,840,6.8,12950,13450,12770,34093,450566505,163866941060,12423574,KSQ,중견기업부,전자부품 제조업
1102,008350,KR7008350001,남선알미늄,KOSPI,,1264,1,29,2.35,1245,1299,1235,1169322,1469284232,163155969760,129079090,STK,,1차 비철금속 제조업
1103,293480,KR7293480000,하나제약,KOSPI,,9160,1,260,2.92,9000,9200,8980,15858,143959830,162800185360,17772946,STK,,의약품 제조업
1104,011690,KR7011690005,와이투솔루션,KOSPI,,4435,1,165,3.86,4330,4530,4325,132172,584250202,162783987390,36704394,STK,,반도체 제조업
1105,011040,KR7011040003,경동제약,KOSDAQ,중견기업부,5290,1,190,3.73,5100,5420,5100,71174,379304830,162766772140,30768766,KSQ,중견기업부,의약품 제조업
1106,086980,KR7086980000,쇼박스,KOSDAQ,중견기업부,2590,1,45,1.77,2565,2610,2505,169302,434289789,162232420000,62638000,KSQ,중견기업부,"영화, 비디오물, 방송프로그램 제작 및 배급업"
1107,179290,KR7179290002,엠아이텍,KOSDAQ,우량기업부,5010,1,165,3.41,4910,5060,4880,119583,594257125,162152046780,32365678,KSQ,우량기업부,의료용 기기 제조업
1108,066430,KR7066430000,아이로보틱스,KOSDAQ,중견기업부,4140,1,710,20.7,3515,4390,3515,15558407,64426589753,162095390640,39153476,KSQ,중견기업부,기타 전문 도매업
1109,007330,KR7007330004,푸른저축은행,KOSDAQ,투자주의환기종목(소속부없음),10710,1,260,2.49,10270,10880,10270,20338,214943270,161536788000,15082800,KSQ,투자주의환기종목(소속부없음),은행 및 저축기관
1110,104480,KR7104480009,티케이케미칼,KOSDAQ,중견기업부,1774,1,65,3.8,1750,1790,1714,160930,282652854,161248499916,90895434,KSQ,중견기업부,화학섬유 제조업
1111,046440,KR7046440004,KG파이낸셜,KOSDAQ,우량기업부,4240,1,85,2.05,4205,4255,4145,61332,258345623,161165800480,38010802,KSQ,우량기업부,소프트웨어 개발 및 공급업
1112,114840,KR7114840002,아이패밀리에스씨,KOSDAQ,우량기업부,9300,1,260,2.88,9200,9300,9060,14907,137574970,161075070000,17319900,KSQ,우량기업부,기타 화학제품 제조업
1113,011785,KR7011781002,금호석유화학우,KOSPI,,53200,1,1100,2.11,53100,54000,52400,3535,188014400,160849455200,3023486,STK,,
1114,071840,KR7071840003,롯데하이마트,KOSPI,,6800,1,210,3.19,6640,6980,6640,10683,71896530,160532441600,23607712,STK,,가전제품 및 정보통신장비 소매업
1115,002220,KR7002220002,한일철강,KOSPI,,5990,1,250,4.36,5740,6150,5690,183282,1076298505,159917785400,26697460,STK,,1차 철강 제조업
1116,016880,KR7016880007,웅진,KOSPI,,1998,1,83,4.33,1997,2020,1880,223360,437086387,159694305840,79927080,STK,,회사 본부 및 경영 컨설팅 서비스업
1117,460850,KR7460850001,동국씨엠,KOSPI,,5340,1,260,5.12,5130,5360,5130,52757,279788140,159658823040,29898656,STK,,1차 철강 제조업
1118,066410,KR7066410002,버킷스튜디오,KOSDAQ,투자주의환기종목(소속부없음),1153,0,0,0.0,0,0,0,0,0,159637252154,138453818,KSQ,투자주의환기종목(소속부없음),전기 통신업
1119,023910,KR7023910003,대한약품,KOSDAQ,우량기업부,26600,1,250,0.95,26500,26700,26250,5358,141710800,159600000000,6000000,KSQ,우량기업부,의약품 제조업
1120,046070,KR7046070009,코다코,KOSDAQ,관리종목(소속부없음),10280,0,0,0.0,0,0,0,0,0,159196994920,15486089,KSQ,관리종목(소속부없음),자동차 신품 부품 제조업
1121,000520,KR7000520007,삼일제약,KOSPI,,7320,1,230,3.24,7220,7390,7220,47828,349362670,158784056520,21691811,STK,,의약품 제조업
1122,060150,KR7060150000,인선이엔티,KOSDAQ,중견기업부,3470,1,150,4.52,3400,3485,3360,79944,274388855,158105733640,45563612,KSQ,중견기업부,폐기물 처리업
1123,072870,KR7072870009,메가스터디,KOSDAQ,우량기업부,13260,1,400,3.11,12850,13280,12850,15786,206497830,158071916340,11920959,KSQ,우량기업부,"서적, 잡지 및 기타 인쇄물 출판업"
1124,090350,KR7090350000,노루페인트,KOSPI,,7900,1,90,1.15,7830,7970,7800,43315,340804385,158000000000,20000000,STK,,기타 화학제품 제조업
1125,025820,KR7025820002,이구산업,KOSPI,,4720,1,205,4.54,4610,4750,4580,100558,468503238,157846240000,33442000,STK,,1차 비철금속 제조업
1126,293580,KR7293580007,나우IB,KOSDAQ,중견기업부,1660,1,98,6.27,1600,1670,1585,423100,687483857,157583717000,94929950,KSQ,중견기업부,기타 금융업
1127,473980,KR7473980001,노머스,KOSDAQ,기술성장기업부,14200,2,-300,-2.07,14400,14480,14040,23086,328477340,157042372400,11059322,KSQ,기술성장기업부,창작 및 예술관련 서비스업
1128,147830,KR7147830004,제룡산업,KOSDAQ,벤처기업부,7820,1,390,5.25,7700,7870,7610,168242,1300150170,156400000000,20000000,KSQ,벤처기업부,"구조용 금속제품, 탱크 및 증기발생기 제조업"
1129,285490,KR7285490009,노바텍,KOSDAQ,벤처기업부,14780,1,780,5.57,14110,14810,14000,26457,379931750,156310782180,10575831,KSQ,벤처기업부,그외 기타 제품 제조업
1130,380550,KR7380550004,뉴로핏,KOSDAQ,기술성장기업부,12800,1,320,2.56,12590,13440,12200,155318,1958044805,156145484800,12198866,KSQ,기술성장기업부,소프트웨어 개발 및 공급업
1131,213500,KR7213500002,한솔제지,KOSPI,,6550,1,230,3.64,6350,6600,6350,44299,287303545,155893772800,23800576,STK,,"펄프, 종이 및 판지 제조업"
1132,220260,KR7220260004,켐트로스,KOSDAQ,벤처기업부,4840,1,280,6.14,4680,4880,4660,122846,587812583,155228746200,32072055,KSQ,벤처기업부,기타 화학제품 제조업
1133,006060,KR7006060008,화승인더,KOSPI,,2805,1,70,2.56,2770,2805,2745,40143,111774090,155172600000,55320000,STK,,상품 종합 도매업
1134,093190,KR7093190007,빅솔론,KOSDAQ,우량기업부,8050,1,350,4.55,7700,8200,7700,17531,139494670,154873185250,19238905,KSQ,우량기업부,컴퓨터 및 주변장치 제조업
1135,267320,KR7267320000,나인테크,KOSDAQ,벤처기업부,2695,1,160,6.31,2640,2715,2605,372651,992806434,154734220025,57415295,KSQ,벤처기업부,특수 목적용 기계 제조업
1136,049960,KR7049960008,쎌바이오텍,KOSDAQ,벤처기업부,16440,1,290,1.8,16230,16620,16170,3566,58255190,154536000000,9400000,KSQ,벤처기업부,기초 의약물질 제조업
1137,260870,KR7260870001,SK시그넷,KONEX,일반기업부,7120,1,180,2.59,7000,7200,6940,5129,36276020,154324198640,21674747,KNX,일반기업부,"전동기, 발전기 및 전기 변환 · 공급 · 제어 장치 제조업"
1138,032940,KR7032940009,원익,KOSDAQ,우량기업부,8465,1,1265,17.57,7720,8770,7640,542640,4458846325,154005691950,18193230,KSQ,우량기업부,기계장비 및 관련 물품 도매업
1139,003830,KR7003830007,대한화섬,KOSPI,,115800,1,1500,1.31,115900,115900,113400,30,3459500,153782400000,1328000,STK,,화학섬유 제조업
1140,004090,KR7004090007,한국석유,KOSPI,,12110,2,-50,-0.41,12000,12230,11900,158739,1913247085,153725793200,12694120,STK,,기타 비금속 광물제품 제조업
1141,321550,KR7321550006,티움바이오,KOSDAQ,기술성장기업부,5110,2,-60,-1.16,5300,5390,5070,138908,714337280,153496607250,30038475,KSQ,기술성장기업부,자연과학 및 공학 연구개발업
1142,000970,KR7000970004,한국주철관,KOSPI,,6730,1,50,0.75,6690,6750,6610,18741,125153850,153447365000,22800500,STK,,1차 철강 제조업
1143,051980,KR7051980001,중앙첨단소재,KOSDAQ,중견기업부,1381,1,21,1.54,1365,1421,1365,557641,773860713,153417650129,111091709,KSQ,중견기업부,통신 및 방송 장비 제조업
1144,053080,KR7053080008,케이엔솔,KOSDAQ,중견기업부,11780,1,560,4.99,11820,11920,11520,82220,963421010,153137726460,12999807,KSQ,중견기업부,일반 목적용 기계 제조업
1145,002170,KR7002170009,SYTS,KOSPI,,51000,1,1500,3.03,50800,51800,49900,835,42683200,153000000000,3000000,STK,,"가죽, 가방 및 유사제품 제조업"
1146,081000,KR7081000002,일진다이아,KOSPI,,10770,1,570,5.59,10300,10820,10300,24673,263665750,152966040750,14202975,STK,,기타 화학제품 제조업
1147,209640,KR7209640002,와이제이링크,KOSDAQ,중견기업부,5360,2,-100,-1.83,5660,5800,5250,584631,3173941175,152455262560,28443146,KSQ,중견기업부,특수 목적용 기계 제조업
1148,271980,KR7271980005,제일약품,KOSPI,,10340,1,190,1.87,10160,10430,10150,7635,78515930,152048376480,14704872,STK,,의약품 제조업
1149,000020,KR7000020008,동화약품,KOSPI,,5440,1,130,2.45,5360,5470,5330,34751,187914570,151947196800,27931470,STK,,의약품 제조업
1150,289930,KR7289930000,웨이비스,KOSDAQ,기술성장기업부,11530,1,860,8.06,10810,11630,10760,62338,696865185,151608085300,13149010,KSQ,기술성장기업부,반도체 제조업
1151,125210,KR7125210005,아모그린텍,KOSDAQ,우량기업부,9150,1,190,2.12,9280,9320,8970,77978,710175590,150945628500,16496790,KSQ,우량기업부,전자부품 제조업
1152,003480,KR7003480001,한진중공업홀딩스,KOSPI,,5110,1,170,3.44,4950,5140,4950,14361,73021855,150897339320,29529812,STK,,연료용 가스 제조 및 배관공급업
1153,106190,KR7106190002,하이텍팜,KOSDAQ,우량기업부,14190,2,-210,-1.46,14390,14490,13970,16306,229330720,150884724870,10633173,KSQ,우량기업부,기초 의약물질 제조업
1154,038290,KR7038290003,마크로젠,KOSDAQ,중견기업부,13880,1,940,7.26,13500,13930,13300,56028,761354155,150478632000,10841400,KSQ,중견기업부,"그외 기타 전문, 과학 및 기술 서비스업"
1155,105330,KR7105330005,케이엔더블유,KOSDAQ,중견기업부,9370,1,200,2.18,9130,9460,9010,11621,107209575,150102902400,16019520,KSQ,중견기업부,자동차 신품 부품 제조업
1156,264660,KR7264660002,씨앤지하이테크,KOSDAQ,우량기업부,15400,1,930,6.43,15260,15480,14900,63085,958564350,149706048800,9721172,KSQ,우량기업부,특수 목적용 기계 제조업
1157,047310,KR7047310008,파워로직스,KOSDAQ,우량기업부,4085,1,180,4.61,4000,4100,3965,82747,334551715,149554934175,36610755,KSQ,우량기업부,"전동기, 발전기 및 전기 변환 · 공급 · 제어 장치 제조업"
1158,008970,KR7008970006,KBI동양철관,KOSPI,,1441,1,91,6.74,1355,1447,1355,563816,798045813,149528112987,103766907,STK,,1차 철강 제조업
1159,259630,KR7259630002,엠플러스,KOSDAQ,우량기업부,12230,1,500,4.26,12040,12620,11990,67541,822842515,149479903080,12222396,KSQ,우량기업부,특수 목적용 기계 제조업
1160,005960,KR7005960000,동부건설,KOSPI,,6510,1,470,7.78,6410,6550,6270,53672,344652240,149382776130,22946663,STK,,토목 건설업
1161,067280,KR7067280008,멀티캠퍼스,KOSDAQ,우량기업부,25200,3,0,0.0,25250,25400,24900,1988,49861850,149354830800,5926779,KSQ,우량기업부,기타 교육기관
1162,282880,KR7282880004,코윈테크,KOSDAQ,우량기업부,12750,1,520,4.25,12620,12840,12400,18311,231364575,149099545500,11694082,KSQ,우량기업부,특수 목적용 기계 제조업
1163,001540,KR7001540004,안국약품,KOSDAQ,우량기업부,11430,1,350,3.16,11190,11470,11070,78629,888313860,149074860600,13042420,KSQ,우량기업부,의약품 제조업
1164,000700,KR7000700005,유수홀딩스,KOSPI,,5720,1,160,2.88,5520,5750,5520,14644,83158980,148959164640,26041812,STK,,회사 본부 및 경영 컨설팅 서비스업
1165,036010,KR7036010007,아비코전자,KOSDAQ,중견기업부,11200,1,540,5.07,11050,11270,10600,154911,1694500475,148880860800,13292934,KSQ,중견기업부,전자부품 제조업
1166,234690,KR7234690006,녹십자웰빙,KOSDAQ,우량기업부,8280,1,340,4.28,8060,8410,7980,67923,556340595,148736041200,17963290,KSQ,우량기업부,의약품 제조업
1167,331920,KR7331920009,셀레믹스,KOSDAQ,기술성장기업부,15180,1,10,0.07,15300,16190,15100,12424,190773770,148718110860,9796977,KSQ,기술성장기업부,기초 의약물질 제조업
1168,073010,KR7073010001,케이에스피,KOSDAQ,우량기업부,3700,1,210,6.02,3550,3715,3550,140488,510002242,148707625000,40191250,KSQ,우량기업부,일반 목적용 기계 제조업
1169,039560,KR7039560008,다산네트웍스,KOSDAQ,중견기업부,3460,1,285,8.98,3385,3470,3220,423661,1435399582,148394099280,42888468,KSQ,중견기업부,통신 및 방송 장비 제조업
1170,334970,KR7334970001,프레스티지바이오로직스,KOSDAQ,기술성장기업부,1903,1,14,0.74,1850,1928,1850,131763,248767642,147963268211,77752637,KSQ,기술성장기업부,의약품 제조업
1171,115500,KR7115500001,케이씨에스,KOSDAQ,중견기업부,12320,1,540,4.58,12180,12460,12090,106029,1304990790,147840000000,12000000,KSQ,중견기업부,"컴퓨터 프로그래밍, 시스템 통합 및 관리업"
1172,298000,KR7298000001,효성화학,KOSPI,,38900,0,0,0.0,0,0,0,0,0,147501447900,3791811,STK,,기초 화학물질 제조업
1173,004150,KR7004150009,한솔홀딩스,KOSPI,,3595,1,80,2.28,3530,3645,3530,126645,452319635,147490698900,41026620,STK,,기타 금융업
1174,142210,KR7142210004,유니트론텍,KOSDAQ,우량기업부,7090,1,320,4.73,7000,7160,6780,372838,2604014840,147127447270,20751403,KSQ,우량기업부,자동차 부품 및 내장품 판매업
1175,004970,KR7004970000,신라교역,KOSPI,,9190,1,100,1.1,9100,9220,9070,7334,66862395,147040000000,16000000,STK,,어로 어업
1176,054800,KR7054800008,아이디스홀딩스,KOSDAQ,중견기업부,14200,1,240,1.72,13980,14630,13980,626,9005840,146938135200,10347756,KSQ,중견기업부,기타 전문 서비스업
1177,002990,KR7002990000,금호건설,KOSPI,,3935,1,235,6.35,3895,3970,3850,185610,723285464,146617997690,37259974,STK,,건물 건설업
1178,00279K,KR700279K010,아모레퍼시픽홀딩스3우C,KOSPI,,20600,3,0,0.0,20650,21000,20350,2251,46348200,146099320000,7092200,STK,,
1179,187790,KR7187790001,나노,KOSDAQ,벤처기업부,4735,1,50,1.07,4985,4990,4575,166008,780944127,146031330050,30840830,KSQ,벤처기업부,기초 화학물질 제조업
1180,041440,KR7041440009,현대에버다임,KOSDAQ,우량기업부,8180,1,590,7.77,8300,8500,8030,264405,2174433950,145945204160,17841712,KSQ,우량기업부,특수 목적용 기계 제조업
1181,005990,KR7005990007,매일홀딩스,KOSDAQ,우량기업부,10970,2,-10,-0.09,10990,10990,10780,3044,33142400,145882394880,13298304,KSQ,우량기업부,동·식물성 유지 및 낙농제품 제조업
1182,289080,KR7289080004,SV인베스트먼트,KOSDAQ,중견기업부,2425,1,60,2.54,2420,2550,2380,351136,855723053,145835215025,60138233,KSQ,중견기업부,기타 금융업
1183,260970,KR7260970009,에스앤디,KOSDAQ,우량기업부,50400,2,-200,-0.4,51800,52500,50000,9602,485663800,145794801600,2892754,KSQ,우량기업부,기타 식품 제조업
1184,018470,KR7018470005,조일알미늄,KOSPI,,1150,1,47,4.26,1110,1151,1110,608018,687824496,145626479150,126631721,STK,,1차 비철금속 제조업
1185,011280,KR7011280005,태림포장,KOSPI,,2055,1,133,6.92,1922,2110,1922,394341,800577993,145506206700,70805940,STK,,"골판지, 종이 상자 및 종이용기 제조업"
1186,299030,KR7299030007,하나기술,KOSDAQ,벤처기업부,18180,1,710,4.06,18050,18280,17740,31393,564959430,145347463800,7994910,KSQ,벤처기업부,특수 목적용 기계 제조업
1187,317400,KR7317400000,자이에스앤디,KOSPI,,3730,1,315,9.22,3525,3765,3470,157300,575304717,144658799600,38782520,STK,,부동산 임대 및 공급업
1188,037350,KR7037350006,성도이엔지,KOSDAQ,우량기업부,9440,1,450,5.01,9260,9550,9130,190008,1767627425,143582400000,15210000,KSQ,우량기업부,"건축기술, 엔지니어링 및 관련 기술 서비스업"
1189,297890,KR7297890006,HB솔루션,KOSDAQ,우량기업부,1956,1,211,12.09,1774,1960,1773,380606,711827406,143063627784,73140914,KSQ,우량기업부,특수 목적용 기계 제조업
1190,321370,KR7321370009,센서뷰,KOSDAQ,기술성장기업부,2760,3,0,0.0,2850,3060,2700,1596329,4525542106,142595140560,51664906,KSQ,기술성장기업부,전자부품 제조업
1191,293780,KR7293780003,압타바이오,KOSDAQ,기술성장기업부,5070,2,-50,-0.98,5130,5310,4985,42205,213899940,142433563350,28093405,KSQ,기술성장기업부,자연과학 및 공학 연구개발업
1192,094280,KR7094280005,효성ITX,KOSPI,,12230,1,180,1.49,12080,12290,12080,8244,100649010,141356786000,11558200,STK,,기타 사업지원 서비스업
1193,021080,KR7021080007,에이티넘인베스트,KOSDAQ,우량기업부,2940,1,155,5.57,2865,2955,2835,218079,631126906,141120000000,48000000,KSQ,우량기업부,신탁업 및 집합투자업
1194,095700,KR7095700001,제넥신,KOSDAQ,기술성장기업부,3095,1,75,2.48,3025,3145,3025,110360,340245148,140947828930,45540494,KSQ,기술성장기업부,자연과학 및 공학 연구개발업
1195,049720,KR7049720006,고려신용정보,KOSDAQ,우량기업부,9850,1,120,1.23,9730,9870,9730,15575,153113435,140855000000,14300000,KSQ,우량기업부,기타 사업지원 서비스업
1196,015890,KR7015890007,태경산업,KOSPI,,4810,1,125,2.67,4745,4870,4700,29178,139064220,140590287500,29228750,STK,,기초 화학물질 제조업
1197,204610,KR7204610000,티쓰리,KOSDAQ,벤처기업부,2530,1,70,2.85,2450,2555,2400,267111,655797934,140468686600,55521220,KSQ,벤처기업부,소프트웨어 개발 및 공급업
1198,037030,KR7037030004,파워넷,KOSDAQ,우량기업부,5470,1,270,5.19,5420,5640,5190,704200,3823141965,139556066240,25512992,KSQ,우량기업부,"전동기, 발전기 및 전기 변환 · 공급 · 제어 장치 제조업"
1199,023600,KR7023600000,삼보판지,KOSDAQ,우량기업부,8710,1,190,2.23,8550,8770,8550,7223,62823210,139432293000,16008300,KSQ,우량기업부,"펄프, 종이 및 판지 제조업"
1200,210540,KR7210540001,디와이파워,KOSPI,,12600,1,350,2.86,12580,12840,12410,82333,1035119110,139125520800,11041708,STK,,특수 목적용 기계 제조업
1201,272550,KR7272550005,삼양패키징,KOSPI,,9210,1,320,3.6,9010,9290,9000,12343,112599160,138780019260,15068406,STK,,플라스틱제품 제조업
1202,086890,KR7086890001,이수앱지스,KOSDAQ,중견기업부,3400,1,170,5.26,3235,3430,3235,58302,195593170,138633810000,40774650,KSQ,중견기업부,의료용품 및 기타 의약 관련제품 제조업
1203,222040,KR7222040008,코스맥스엔비티,KOSDAQ,중견기업부,6720,2,-180,-2.61,6930,7050,6590,89344,604741790,138620160000,20628000,KSQ,중견기업부,기타 식품 제조업
1204,001520,KR7001520006,동양,KOSPI,,580,1,24,4.32,563,586,561,395257,226939763,138436756540,238684063,STK,,"시멘트, 석회, 플라스터 및 그 제품 제조업"
1205,300080,KR7300080009,플리토,KOSDAQ,기술성장기업부,8340,1,800,10.61,8930,9060,8050,202215,1698888835,137655461340,16505451,KSQ,기술성장기업부,"자료처리, 호스팅, 포털 및 기타 인터넷 정보매개 서비스업"
1206,338220,KR7338220007,뷰노,KOSDAQ,기술성장기업부,9820,1,1990,25.42,7890,9990,7890,324394,3043572680,137497901860,14001823,KSQ,기술성장기업부,소프트웨어 개발 및 공급업
1207,469610,KR7469610000,이노테크,KOSDAQ,중견기업부,15360,1,1130,7.94,15190,15570,14430,52776,802034785,137362944000,8942900,KSQ,중견기업부,특수 목적용 기계 제조업
1208,0117P0,KR70117P0005,피스피스스튜디오,KOSDAQ,중견기업부,9670,1,80,0.83,9710,10230,9130,1449374,14070929075,137013369370,14168911,KSQ,중견기업부,"섬유, 의복, 신발 및 가죽제품 소매업"
1209,166480,KR7166480004,코아스템켐온,KOSDAQ,벤처기업부,2590,1,60,2.37,2580,2685,2525,170096,440369062,136934273840,52870376,KSQ,벤처기업부,의약품 제조업
1210,108230,KR7108230004,톱텍,KOSDAQ,우량기업부,3600,1,130,3.75,3525,3630,3490,19812,70665270,136883682000,38023245,KSQ,우량기업부,특수 목적용 기계 제조업
1211,101170,KR7101170009,우림피티에스,KOSDAQ,벤처기업부,10110,1,750,8.01,9600,10200,9470,138878,1379243870,136485000000,13500000,KSQ,벤처기업부,일반 목적용 기계 제조업
1212,163730,KR7163730005,핑거,KOSDAQ,벤처기업부,14500,1,410,2.91,14300,14610,13930,67079,953433710,136395236000,9406568,KSQ,벤처기업부,소프트웨어 개발 및 공급업
1213,322510,KR7322510009,제이엘케이,KOSDAQ,기술성장기업부,5300,1,1010,23.54,4295,5560,4295,901103,4737909020,136347227600,25725892,KSQ,기술성장기업부,소프트웨어 개발 및 공급업
1214,013990,KR7013990007,아가방컴퍼니,KOSDAQ,우량기업부,4140,1,160,4.02,4080,4400,4020,45232,186405820,136154399040,32887536,KSQ,우량기업부,생활용품 도매업
1215,005160,KR7005160007,동국산업,KOSDAQ,중견기업부,2505,1,60,2.45,2490,2540,2455,113475,282813770,135882427410,54244482,KSQ,중견기업부,1차 철강 제조업
1216,037070,KR7037070000,파세코,KOSDAQ,중견기업부,6790,1,290,4.46,6720,6960,6530,175643,1186502085,135800000000,20000000,KSQ,중견기업부,가정용 기기 제조업
1217,408920,KR7408920007,메쎄이상,KOSDAQ,우량기업부,3135,1,105,3.47,3140,3145,3035,11390,35563475,135533746425,43232455,KSQ,우량기업부,기타 사업지원 서비스업
1218,214420,KR7214420002,토니모리,KOSPI,,5610,1,170,3.13,5520,5710,5490,66368,369627730,134947422390,24054799,STK,,기타 화학제품 제조업
1219,009070,KR7009070004,KCTC,KOSPI,,4495,1,250,5.89,4355,4495,4335,81597,359431600,134850000000,30000000,STK,,도로 화물 운송업
1220,217950,KR7217950005,파마리서치바이오,KONEX,일반기업부,32200,2,-100,-0.31,31700,32300,31700,362,11480450,134700328000,4183240,KNX,일반기업부,의약품 제조업
1221,307750,KR7307750000,국전,KOSDAQ,중견기업부,2495,1,55,2.25,2460,2570,2420,147101,361624285,134695788560,53986288,KSQ,중견기업부,의약품 제조업
1222,107590,KR7107590002,미원홀딩스,KOSPI,,57700,1,500,0.87,58000,58000,57300,50,2890200,133864000000,2320000,STK,,기타 금융업
1223,059120,KR7059120006,아진엑스텍,KOSDAQ,벤처기업부,7300,1,360,5.19,7180,7400,7060,201546,1460809955,133663481800,18310066,KSQ,벤처기업부,반도체 제조업
1224,069510,KR7069510006,에스텍,KOSDAQ,우량기업부,12240,1,250,2.09,12180,12330,11860,11378,137307520,133538400000,10910000,KSQ,우량기업부,영상 및 음향기기 제조업
1225,221800,KR7221800006,지구홀딩스,KOSDAQ,투자주의환기종목(소속부없음),8160,2,-100,-1.21,8200,8750,7810,57511,466192495,133161824160,16318851,KSQ,투자주의환기종목(소속부없음),기타 과학기술 서비스업
1226,089470,KR7089470009,HDC현대EP,KOSPI,,4170,1,155,3.86,4025,4180,4025,83453,342884430,133023000000,31900000,STK,,기타 화학제품 제조업
1227,014280,KR7014280002,금강공업,KOSPI,,4530,1,435,10.62,4215,4665,4215,101859,449629502,132861987210,29329357,STK,,1차 철강 제조업
1228,101970,KR7101970002,우양에이치씨,KOSDAQ,중견기업부,8980,1,710,8.59,8310,9330,8310,7348,64922180,132814280820,14790009,KSQ,중견기업부,"구조용 금속제품, 탱크 및 증기발생기 제조업"
1229,017510,KR7017510009,세명전기,KOSDAQ,벤처기업부,8680,1,390,4.7,8660,8860,8440,125904,1086048925,132335280000,15246000,KSQ,벤처기업부,기타 금속 가공제품 제조업
1230,001360,KR7001360007,삼성제약,KOSPI,,1404,1,64,4.78,1356,1410,1352,348215,480856554,132203558916,94162079,STK,,의약품 제조업
1231,269620,KR7269620001,시스웍,KOSDAQ,관리종목(소속부없음),889,0,0,0.0,0,0,0,0,0,132090012299,148582691,KSQ,관리종목(소속부없음),"측정, 시험, 항해, 제어 및 기타 정밀기기 제조업; 광학기기 제외"
1232,002780,KR7002780005,진흥기업,KOSPI,,908,1,34,3.89,910,947,856,1025074,934219848,132088344460,145471745,STK,,토목 건설업
1233,217270,KR7217270008,넵튠,KOSDAQ,중견기업부,2820,1,75,2.73,2750,2850,2750,22011,61912735,131794513260,46735643,KSQ,중견기업부,소프트웨어 개발 및 공급업
1234,078000,KR7078000007,텔코웨어,KOSPI,,14240,1,260,1.86,13980,14400,13940,2575,36133005,131578696480,9240077,STK,,"자료처리, 호스팅, 포털 및 기타 인터넷 정보매개 서비스업"
1235,0017J0,KR70017J0004,세미티에스,KOSDAQ,벤처기업부,4365,1,495,12.79,4100,4685,4015,9333794,40593116064,131546359395,30136623,KSQ,벤처기업부,특수 목적용 기계 제조업
1236,019180,KR7019180009,티에이치엔,KOSPI,,7280,1,400,5.81,7100,7350,7000,167652,1199798390,131040000000,18000000,STK,,기타 전기장비 제조업
1237,205500,KR7205500002,넥써쓰,KOSDAQ,중견기업부,2040,2,-50,-2.39,2095,2160,2015,285083,592602847,130788681960,64112099,KSQ,중견기업부,소프트웨어 개발 및 공급업
1238,263860,KR7263860009,지니언스,KOSDAQ,벤처기업부,14380,1,380,2.71,14300,14730,14190,21715,313278770,130564648000,9079600,KSQ,벤처기업부,소프트웨어 개발 및 공급업
1239,079430,KR7079430005,현대리바트,KOSPI,,6490,1,320,5.19,6320,6720,6290,104725,677761180,130541170980,20114202,STK,,가구 제조업
1240,214390,KR7214390007,경보제약,KOSPI,,5450,1,190,3.61,5260,5510,5260,31961,171989635,130292387000,23906860,STK,,기초 의약물질 제조업
1241,0011A0,KR70011A0009,액스비스,KOSDAQ,벤처기업부,13930,1,640,4.82,13470,14340,13460,80604,1116210420,130018998200,9333740,KSQ,벤처기업부,기타 전기장비 제조업
1242,004080,KR7004080008,신흥,KOSPI,,13800,1,30,0.22,13780,13930,13700,5064,69852120,129720000000,9400000,STK,,기계장비 및 관련 물품 도매업
1243,008040,KR7008040008,사조동아원,KOSPI,,916,1,38,4.33,880,920,880,134030,121976917,129288453600,141144600,STK,,"곡물가공품, 전분 및 전분제품 제조업"
1244,158430,KR7158430009,아톤,KOSDAQ,벤처기업부,5280,1,260,5.18,5170,5350,5140,182971,959513060,129265445760,24482092,KSQ,벤처기업부,소프트웨어 개발 및 공급업
1245,136540,KR7136540002,윈스테크넷,KOSDAQ,우량기업부,10500,1,140,1.35,10370,10570,10330,39595,413411765,128937333000,12279746,KSQ,우량기업부,"컴퓨터 프로그래밍, 시스템 통합 및 관리업"
1246,256940,KR7256940008,킵스파마,KOSDAQ,벤처기업부,6420,1,120,1.9,6410,6590,6300,23174,148911800,128901703740,20078147,KSQ,벤처기업부,의약품 제조업
1247,016740,KR7016740003,두올,KOSPI,,4495,1,140,3.21,4425,4520,4380,14986,66590920,128889737880,28674024,STK,,자동차 신품 부품 제조업
1248,240550,KR7240550004,동방메디컬,KOSDAQ,중견기업부,6140,1,30,0.49,6280,6280,6090,63320,390950880,128534391600,20933940,KSQ,중견기업부,의료용 기기 제조업
1249,056090,KR7056090004,시지메드텍,KOSDAQ,벤처기업부,1244,2,-6,-0.48,1260,1272,1215,325665,406631075,128454240784,103259036,KSQ,벤처기업부,의료용 기기 제조업
1250,148150,KR7148150006,세경하이테크,KOSDAQ,우량기업부,3605,1,90,2.56,3550,3630,3520,76215,272368722,128131858890,35542818,KSQ,우량기업부,전자부품 제조업
1251,350520,KR7350520003,이지스레지던스리츠,KOSPI,,3465,1,20,0.58,3480,3525,3435,58678,203096535,127741389930,36866202,STK,,부동산 임대 및 공급업
1252,122450,KR7122450000,KX,KOSDAQ,중견기업부,2845,1,95,3.45,2760,2850,2750,40696,114048480,127512427730,44819834,KSQ,중견기업부,텔레비전 방송업
1253,009270,KR7009270000,신원,KOSPI,,1108,1,25,2.31,1089,1117,1083,520764,571626239,127165595444,114770393,STK,,봉제의복 제조업
1254,067990,KR7067990002,도이치모터스,KOSDAQ,우량기업부,4355,1,120,2.83,4325,4385,4240,80324,345010079,127085650250,29181550,KSQ,우량기업부,자동차 판매업
1255,452190,KR7452190002,한빛레이저,KOSDAQ,벤처기업부,5310,1,380,7.71,5110,5360,5100,259673,1359789010,127018157670,23920557,KSQ,벤처기업부,특수 목적용 기계 제조업
1256,115310,KR7115310005,인포바인,KOSDAQ,벤처기업부,7930,1,170,2.19,7790,8160,7700,7422,58295745,126597810950,15964415,KSQ,벤처기업부,전기 통신업
1257,024090,KR7024090003,디씨엠,KOSPI,,11090,1,100,0.91,10820,11190,10810,3703,40808670,126426000000,11400000,STK,,1차 철강 제조업
1258,007540,KR7007540008,샘표,KOSPI,,43950,1,1400,3.29,42850,44150,42650,7450,322785000,126391410000,2875800,STK,,기타 금융업
1259,212560,KR7212560007,네오오토,KOSDAQ,우량기업부,10660,1,960,9.9,9880,11140,9730,158044,1676735910,125918489060,11812241,KSQ,우량기업부,자동차 신품 부품 제조업
1260,453450,KR7453450009,그리드위즈,KOSDAQ,중견기업부,15850,1,830,5.53,15390,16080,15220,16895,264143495,125892587500,7942750,KSQ,중견기업부,"그외 기타 전문, 과학 및 기술 서비스업"
1261,340450,KR7340450006,지씨지놈,KOSDAQ,기술성장기업부,5320,1,120,2.31,5230,5380,5210,44188,233330520,125822218760,23650793,KSQ,기술성장기업부,"그외 기타 전문, 과학 및 기술 서비스업"
1262,036690,KR7036690006,코맥스,KOSDAQ,관리종목(소속부없음),2885,0,0,0.0,0,0,0,0,0,125692107675,43567455,KSQ,관리종목(소속부없음),통신 및 방송 장비 제조업
1263,013520,KR7013520002,화승코퍼레이션,KOSPI,,2510,1,85,3.51,2460,2520,2440,40540,100550682,125628642520,50051252,STK,,자동차 신품 부품 제조업
1264,014710,KR7014710008,사조씨푸드,KOSPI,,7290,1,140,1.96,7160,7410,7110,13493,97633020,125523178470,17218543,STK,,수산물 가공 및 저장 처리업
1265,095190,KR7095190005,신화프리텍,KOSDAQ,중견기업부,1920,1,45,2.4,1875,1940,1855,63663,119759151,125300087040,65260462,KSQ,중견기업부,기타 금속 가공제품 제조업
1266,003100,KR7003100005,선광,KOSDAQ,우량기업부,18970,1,580,3.15,18700,19050,18600,11868,223610970,125202000000,6600000,KSQ,우량기업부,기타 운송관련 서비스업
1267,002460,KR7002460004,HS화성,KOSPI,,12330,1,150,1.23,12170,12450,11500,24667,299345770,125149500000,10150000,STK,,건물 건설업
1268,008830,KR7008830002,대동기어,KOSDAQ,중견기업부,13880,1,900,6.93,13700,14320,13520,52200,722662010,124746777600,8987520,KSQ,중견기업부,특수 목적용 기계 제조업
1269,004960,KR7004960001,한신공영,KOSPI,,10770,1,540,5.28,10650,11130,10600,52372,566324650,124616460540,11570702,STK,,건물 건설업
1270,172670,KR7172670002,에이엘티,KOSDAQ,벤처기업부,13900,1,1340,10.67,13280,14050,12870,91259,1236248145,124547600100,8960259,KSQ,벤처기업부,반도체 제조업
1271,020120,KR7020120002,키다리스튜디오,KOSPI,,3340,1,90,2.77,3250,3370,3250,26208,87092180,123792978440,37063766,STK,,"자료처리, 호스팅, 포털 및 기타 인터넷 정보매개 서비스업"
1272,333430,KR7333430007,일승,KOSDAQ,중견기업부,4020,1,185,4.82,3890,4040,3880,86502,344065690,123521522940,30726747,KSQ,중견기업부,선박 및 보트 건조업
1273,306620,KR7306620006,지아이에스,KOSDAQ,벤처기업부,2575,1,75,3.0,2600,2660,2525,239203,615500268,123451123800,47942184,KSQ,벤처기업부,특수 목적용 기계 제조업
1274,950250,KR8826050005,테라뷰,KOSDAQ,기술성장기업부,3470,1,270,8.44,3265,3660,3265,435557,1515528730,123246526570,35517731,KSQ,기술성장기업부,기타 금융업
1275,396300,KR7396300006,세아메카닉스,KOSDAQ,우량기업부,4640,1,175,3.92,4535,4985,4450,734556,3448626766,122911280000,26489500,KSQ,우량기업부,기타 금속 가공제품 제조업
1276,035000,KR7035000009,HS애드,KOSPI,,7560,1,120,1.61,7490,7600,7440,22423,168299960,122529788640,16207644,STK,,광고업
1277,080420,KR7080420003,모다이노칩,KOSDAQ,중견기업부,1536,1,7,0.46,1516,1645,1500,2441,3715501,122452411392,79721622,KSQ,중견기업부,"섬유, 의복, 신발 및 가죽제품 소매업"
1278,054920,KR7054920004,한컴위드,KOSDAQ,중견기업부,4335,1,255,6.25,4205,4390,4205,224059,961319344,122321046135,28217081,KSQ,중견기업부,소프트웨어 개발 및 공급업
1279,053700,KR7053700001,삼보모터스,KOSDAQ,우량기업부,4580,1,140,3.15,4550,4665,4445,219137,995332089,121957719340,26628323,KSQ,우량기업부,자동차 신품 부품 제조업
1280,090850,KR7090850009,현대이지웰,KOSDAQ,우량기업부,5410,1,170,3.24,5300,5460,5280,32435,174238010,121605455230,22477903,KSQ,우량기업부,소프트웨어 개발 및 공급업
1281,005800,KR7005800008,신영와코루,KOSPI,,13500,1,610,4.73,12940,13600,12940,1339,17875800,121500000000,9000000,STK,,봉제의복 제조업
1282,089600,KR7089600001,KT나스미디어,KOSDAQ,우량기업부,10500,1,220,2.14,10290,10580,10200,15946,166731430,121465711500,11568163,KSQ,우량기업부,광고업
1283,323990,KR7323990002,박셀바이오,KOSDAQ,기술성장기업부,5220,1,130,2.55,5250,5280,5000,60327,311611360,121403340900,23257345,KSQ,기술성장기업부,자연과학 및 공학 연구개발업
1284,336680,KR7336680004,탑런토탈솔루션,KOSDAQ,중견기업부,3100,1,80,2.65,3030,3140,3020,35217,109183656,121351229800,39145558,KSQ,중견기업부,전자부품 제조업
1285,070960,KR7070960000,모나용평,KOSPI,,2520,1,50,2.02,2520,2550,2470,15352,38626035,121295999160,48133333,STK,,일반 및 생활 숙박시설 운영업
1286,013310,KR7013310008,아진산업,KOSDAQ,우량기업부,3125,1,175,5.93,3050,3200,3020,260201,808108170,121270568750,38806582,KSQ,우량기업부,자동차 신품 부품 제조업
1287,149980,KR7149980005,하이로닉,KOSDAQ,중견기업부,5720,1,170,3.06,5550,5800,5500,35429,199588940,121231756360,21194363,KSQ,중견기업부,의료용 기기 제조업
1288,290740,KR7290740000,액트로,KOSDAQ,벤처기업부,12030,1,460,3.98,11650,12100,11650,24645,293165350,121082082330,10065011,KSQ,벤처기업부,전자부품 제조업
1289,323350,KR7323350009,다원넥스뷰,KOSDAQ,기술성장기업부,15060,1,450,3.08,14810,15500,14050,50937,748409590,120642226320,8010772,KSQ,기술성장기업부,특수 목적용 기계 제조업
1290,267290,KR7267290005,경동도시가스,KOSPI,,20450,1,300,1.49,20200,20750,20200,27826,569374000,120561052700,5895406,STK,,연료용 가스 제조 및 배관공급업
1291,297090,KR7297090003,씨에스베어링,KOSDAQ,투자주의환기종목(소속부없음),4410,1,85,1.97,4450,4590,4355,133140,589719910,120260700000,27270000,KSQ,투자주의환기종목(소속부없음),일반 목적용 기계 제조업
1292,115440,KR7115440000,우리넷,KOSDAQ,우량기업부,11140,1,1440,14.85,10200,11420,10020,404339,4351366490,120248412880,10794292,KSQ,우량기업부,통신 및 방송 장비 제조업
1293,021820,KR7021820006,세원정공,KOSPI,,12020,1,210,1.78,11730,12160,11730,12567,151225410,120200000000,10000000,STK,,자동차 신품 부품 제조업
1294,950190,KR8344390008,고스트스튜디오,KOSDAQ,외국기업(소속부없음),9220,1,260,2.9,9050,9400,9010,46197,426450375,120017283980,13017059,KSQ,외국기업(소속부없음),소프트웨어 개발 및 공급업
1295,027710,KR7027710003,팜스토리,KOSDAQ,우량기업부,1077,1,32,3.06,1045,1079,1035,378312,398875868,119995678200,111416600,KSQ,우량기업부,동물용 사료 및 조제식품 제조업
1296,123040,KR7123040008,엠에스오토텍,KOSDAQ,중견기업부,1911,1,66,3.58,1895,1930,1851,199191,379735177,119682679389,62628299,KSQ,중견기업부,자동차 신품 부품 제조업
1297,010100,KR7010100006,한국무브넥스,KOSPI,,3920,1,260,7.1,3715,3955,3715,139940,538354162,119365646400,30450420,STK,,자동차 신품 부품 제조업
1298,290720,KR7290720002,푸드나무,KOSDAQ,중견기업부,3365,1,150,4.67,3220,3405,3140,203291,665203213,119322062115,35459751,KSQ,중견기업부,무점포 소매업
1299,036630,KR7036630002,세종텔레콤,KOSDAQ,우량기업부,11910,2,-400,-3.25,12380,13200,11780,22535,277042990,119100000000,10000000,KSQ,우량기업부,전기 및 통신 공사업
1300,381620,KR7381620004,제닉스로보틱스,KOSDAQ,중견기업부,9070,1,890,10.88,8500,9150,8500,206127,1824274240,118979534400,13117920,KSQ,중견기업부,특수 목적용 기계 제조업
1301,068790,KR7068790005,DMS,KOSDAQ,우량기업부,5270,1,200,3.94,5180,5290,5120,16411,85307290,118945080480,22570224,KSQ,우량기업부,특수 목적용 기계 제조업
1302,235980,KR7235980000,메드팩토,KOSDAQ,기술성장기업부,3470,1,60,1.76,3470,3500,3335,46551,159357085,118934669870,34275121,KSQ,기술성장기업부,자연과학 및 공학 연구개발업
1303,205100,KR7205100001,엑셈,KOSDAQ,벤처기업부,1682,2,-41,-2.38,1736,1771,1682,964018,1642694534,118894563486,70686423,KSQ,벤처기업부,소프트웨어 개발 및 공급업
1304,006620,KR7006620009,동구바이오제약,KOSDAQ,우량기업부,4175,1,155,3.86,4060,4215,4060,77082,319183224,118841341600,28464992,KSQ,우량기업부,의약품 제조업
1305,474610,KR7474610003,RF시스템즈,KOSDAQ,벤처기업부,8300,1,120,1.47,8250,8640,8070,118652,981030255,118753478400,14307648,KSQ,벤처기업부,기타 금속 가공제품 제조업
1306,396270,KR7396270001,넥스트칩,KOSDAQ,벤처기업부,3605,1,230,6.81,3490,3660,3440,241537,857528380,118559188755,32887431,KSQ,벤처기업부,반도체 제조업
1307,067900,KR7067900001,와이엔텍,KOSDAQ,우량기업부,6500,1,230,3.67,6280,6500,6280,17335,110677570,118297783500,18199659,KSQ,우량기업부,폐기물 처리업
1308,156100,KR7156100000,엘앤케이바이오,KOSDAQ,벤처기업부,5290,1,60,1.15,5260,5470,5220,49505,261995140,118237599370,22351153,KSQ,벤처기업부,의료용 기기 제조업
1309,062970,KR7062970009,한국첨단소재,KOSDAQ,중견기업부,2070,1,113,5.77,2065,2170,2020,2217514,4610747656,118173430980,57088614,KSQ,중견기업부,통신 및 방송 장비 제조업
1310,004100,KR7004100004,태양금속,KOSPI,,3215,1,185,6.11,3010,3310,3010,985491,3138420569,117990500000,36700000,STK,,자동차 신품 부품 제조업
1311,088130,KR7088130000,동아엘텍,KOSDAQ,우량기업부,6740,1,90,1.35,6810,6920,6660,133956,907132640,117851016360,17485314,KSQ,우량기업부,특수 목적용 기계 제조업
1312,025620,KR7025620006,차AI헬스케어,KOSPI,,6470,1,160,2.54,6340,6500,6300,5430,34873590,117779705310,18203973,STK,,기타 화학제품 제조업
1313,339950,KR7339950008,아이비김영,KOSDAQ,우량기업부,2620,1,105,4.17,2560,2640,2520,63312,164074975,117760236100,44946655,KSQ,우량기업부,일반 교습 학원
1314,417500,KR7417500006,제이아이테크,KOSDAQ,우량기업부,3590,1,195,5.74,3540,3610,3460,118654,422329512,117697230960,32784744,KSQ,우량기업부,기타 화학제품 제조업
1315,012320,KR7012320008,경동인베스트,KOSPI,,49750,1,900,1.84,48850,50100,48850,5276,260823650,117659894250,2365023,STK,,기타 금융업
1316,322180,KR7322180001,LS티라유텍,KOSDAQ,벤처기업부,5620,1,360,6.84,5360,5690,5360,108477,598287005,117581550080,20921984,KSQ,벤처기업부,소프트웨어 개발 및 공급업
1317,027970,KR7027970003,한국제지,KOSPI,,618,2,-2,-0.32,625,627,611,61580,37971671,117513144960,190150720,STK,,"펄프, 종이 및 판지 제조업"
1318,012800,KR7012800009,대창,KOSPI,,1289,1,39,3.12,1267,1299,1252,617200,787750135,117480103211,91140499,STK,,1차 비철금속 제조업
1319,063570,KR7063570006,NICE인프라,KOSDAQ,우량기업부,3435,1,70,2.08,3365,3460,3355,22197,75738265,117297445680,34147728,KSQ,우량기업부,기타 사업지원 서비스업
1320,041520,KR7041520008,이엘씨,KOSDAQ,투자주의환기종목(소속부없음),9620,1,70,0.73,9600,10050,9380,19650,192627860,117255582600,12188730,KSQ,투자주의환기종목(소속부없음),"측정, 시험, 항해, 제어 및 기타 정밀기기 제조업; 광학기기 제외"
1321,009580,KR7009580002,무림P&P,KOSPI,,1879,1,104,5.86,1776,1880,1770,101522,185832302,117190080796,62368324,STK,,"펄프, 종이 및 판지 제조업"
1322,310200,KR7310200001,애니플러스,KOSDAQ,중견기업부,2240,3,0,0.0,2240,2270,2190,68820,152859385,116844752640,52162836,KSQ,중견기업부,"영화, 비디오물, 방송프로그램 제작 및 배급업"
1323,263720,KR7263720005,디앤씨미디어,KOSDAQ,우량기업부,9400,1,70,0.75,9340,9590,9330,18835,177403140,116678355400,12412591,KSQ,우량기업부,"서적, 잡지 및 기타 인쇄물 출판업"
1324,014530,KR7014530000,극동유화,KOSPI,,3345,1,35,1.06,3270,3380,3255,93106,307472399,116638209900,34869420,STK,,석유 정제품 제조업
1325,054540,KR7054540000,삼영엠텍,KOSDAQ,우량기업부,8970,1,460,5.41,8660,9290,8660,61203,541991090,116610000000,13000000,KSQ,우량기업부,"구조용 금속제품, 탱크 및 증기발생기 제조업"
1326,004250,KR7004250007,NPC,KOSPI,,3175,1,55,1.76,3125,3250,3110,40900,129940925,116586000000,36720000,STK,,플라스틱제품 제조업
1327,475230,KR7475230009,엔알비,KOSDAQ,벤처기업부,10670,1,300,2.89,10510,10990,10390,35630,378786880,116288947610,10898683,KSQ,벤처기업부,기타 금속 가공제품 제조업
1328,054050,KR7054050000,NH농우바이오,KOSDAQ,우량기업부,7250,1,110,1.54,7150,7350,7150,9612,69431495,116221567250,16030561,KSQ,우량기업부,작물 재배업
1329,041590,KR7041590001,플래스크,KOSDAQ,관리종목(소속부없음),2370,0,0,0.0,0,0,0,0,0,116064014460,48972158,KSQ,관리종목(소속부없음),실내건축 및 건축마무리 공사업
1330,234030,KR7234030005,싸이닉솔루션,KOSDAQ,중견기업부,4910,1,280,6.05,4670,4965,4670,90653,437211126,115900550000,23605000,KSQ,중견기업부,반도체 제조업
1331,451220,KR7451220008,아이엠티,KOSDAQ,기술성장기업부,14700,1,1630,12.47,13420,14860,13290,119588,1700113945,115756781700,7874611,KSQ,기술성장기업부,특수 목적용 기계 제조업
1332,071280,KR7071280002,로체시스템즈,KOSDAQ,우량기업부,7550,1,490,6.94,7290,7570,7260,44766,331625550,115489352650,15296603,KSQ,우량기업부,특수 목적용 기계 제조업
1333,002450,KR7002450005,삼익악기,KOSPI,,1275,1,22,1.76,1254,1287,1249,106942,135324241,115426916625,90530915,STK,,악기 제조업
1334,016710,KR7016710006,대성홀딩스,KOSPI,,7170,1,90,1.27,7150,7200,7040,9558,68215120,115361421030,16089459,STK,,회사 본부 및 경영 컨설팅 서비스업
1335,307930,KR7307930008,컴퍼니케이,KOSDAQ,중견기업부,7390,1,260,3.65,7260,7530,7170,66494,487613550,115357900000,15610000,KSQ,중견기업부,기타 금융업
1336,365330,KR7365330000,에스와이스틸텍,KOSDAQ,우량기업부,2290,1,205,9.83,2300,2395,2215,461564,1052892147,114891590000,50171000,KSQ,우량기업부,"구조용 금속제품, 탱크 및 증기발생기 제조업"
1337,052900,KR7052900008,KX하이텍,KOSDAQ,우량기업부,1569,1,107,7.32,1560,1588,1522,1510612,2353680504,114654143109,73074661,KSQ,우량기업부,플라스틱제품 제조업
1338,034590,KR7034590000,인천도시가스,KOSPI,,26150,1,200,0.77,25950,26200,25700,1518,39516900,114399817100,4374754,STK,,연료용 가스 제조 및 배관공급업
1339,192410,KR7192410009,오늘이엔엠,KOSDAQ,중견기업부,4540,2,-190,-4.02,4780,5000,4465,183930,868986740,114344026860,25185909,KSQ,중견기업부,통신 및 방송 장비 제조업
1340,049520,KR7049520000,유아이엘,KOSDAQ,우량기업부,3705,1,65,1.79,3680,3720,3630,45953,168633135,114271925625,30842625,KSQ,우량기업부,전자부품 제조업
1341,366030,KR7366030005,공구우먼,KOSDAQ,중견기업부,5040,1,305,6.44,5000,5090,4775,47773,235485654,114175404000,22653850,KSQ,중견기업부,의복 액세서리 제조업
1342,083420,KR7083420000,그린케미칼,KOSPI,,4750,1,205,4.51,4545,4800,4545,23119,108953865,114000000000,24000000,STK,,기타 화학제품 제조업
1343,228850,KR7228850004,레이언스,KOSDAQ,우량기업부,6870,1,10,0.15,6860,7060,6730,9159,62589780,113980266180,16591014,KSQ,우량기업부,의료용 기기 제조업
1344,475580,KR7475580007,에이럭스,KOSDAQ,벤처기업부,8360,1,510,6.5,8150,8370,7990,70529,578621860,113904164000,13624900,KSQ,벤처기업부,그외 기타 제품 제조업
1345,002620,KR7002620003,제일파마홀딩스,KOSPI,,7130,1,30,0.42,7100,7170,7070,3459,24622110,113890021150,15973355,STK,,회사 본부 및 경영 컨설팅 서비스업
1346,018120,KR7018120006,진로발효,KOSDAQ,우량기업부,17190,1,280,1.66,16930,17300,16930,2826,48305920,113817052800,6621120,KSQ,우량기업부,알코올음료 제조업
1347,396470,KR7396470007,워트,KOSDAQ,중견기업부,7050,1,460,6.98,6790,7110,6790,84519,590298320,113646000000,16120000,KSQ,중견기업부,특수 목적용 기계 제조업
1348,051160,KR7051160000,지어소프트,KOSDAQ,중견기업부,7320,1,150,2.09,7250,7420,7140,22627,163722495,113272827600,15474430,KSQ,중견기업부,소프트웨어 개발 및 공급업
1349,014580,KR7014580005,태경비케이,KOSPI,,4100,1,135,3.4,3990,4115,3985,54609,220945729,113090710000,27583100,STK,,"시멘트, 석회, 플라스터 및 그 제품 제조업"
1350,047560,KR7047560008,이스트소프트,KOSDAQ,중견기업부,9600,2,-380,-3.81,10090,10420,9350,202672,1948589710,112829587200,11753082,KSQ,중견기업부,소프트웨어 개발 및 공급업
1351,131030,KR7131030009,옵투스제약,KOSDAQ,우량기업부,6390,1,600,10.36,6100,6520,5890,176006,1094559500,112761710100,17646590,KSQ,우량기업부,의약품 제조업
1352,203400,KR7203400007,에이비온,KOSDAQ,기술성장기업부,1251,1,18,1.46,1250,1292,1210,556157,691519283,112716731304,90101304,KSQ,기술성장기업부,자연과학 및 공학 연구개발업
1353,120030,KR7120030002,조선선재,KOSPI,,89200,1,2200,2.53,87000,89300,87000,449,39625000,112182469200,1257651,STK,,기타 금속 가공제품 제조업
1354,052260,KR7052260007,현대바이오랜드,KOSDAQ,우량기업부,3735,1,100,2.75,3785,3785,3685,37525,139614425,112050000000,30000000,KSQ,우량기업부,기타 화학제품 제조업
1355,123690,KR7123690000,한국화장품,KOSPI,,6970,1,260,3.87,6770,7030,6730,40692,280868975,111993960000,16068000,STK,,생활용품 도매업
1356,215100,KR7215100009,로보로보,KOSDAQ,벤처기업부,5500,1,480,9.56,5200,5590,5150,275618,1491977835,111916497000,20348454,KSQ,벤처기업부,기타 전기장비 제조업
1357,002390,KR7002390003,한독,KOSPI,,8120,1,320,4.1,7750,8120,7750,6670,53142980,111759887960,13763533,STK,,의약품 제조업
1358,015590,KR7015590003,DKME,KOSPI,,2085,1,15,0.72,2080,2150,2020,109621,228804915,111331302180,53396308,STK,,일반 목적용 기계 제조업
1359,040300,KR7040300006,YTN,KOSDAQ,중견기업부,2335,1,40,1.74,2295,2350,2295,22025,51260622,111325748300,47676980,KSQ,중견기업부,"영화, 비디오물, 방송프로그램 제작 및 배급업"
1360,357580,KR7357580000,아모센스,KOSDAQ,기술성장기업부,9430,1,130,1.4,9670,9750,9150,97161,912279935,111177455660,11789762,KSQ,기술성장기업부,전자부품 제조업
1361,227840,KR7227840006,현대코퍼레이션홀딩스,KOSPI,,12210,1,210,1.75,12000,12300,12000,15157,184105990,111121207560,9100836,STK,,음·식료품 및 담배 도매업
1362,044990,KR7044990000,에이치엔에스하이텍,KOSDAQ,기술성장기업부,14450,1,1170,8.81,13830,14580,13460,32008,450509765,111054391250,7685425,KSQ,기술성장기업부,전자부품 제조업
1363,040160,KR7040160004,누리플렉스,KOSDAQ,중견기업부,9210,1,430,4.9,8820,9550,8660,64645,598934510,111031477350,12055535,KSQ,중견기업부,소프트웨어 개발 및 공급업
1364,073560,KR7073560005,우리손에프앤지,KOSDAQ,우량기업부,1603,1,24,1.52,1580,1604,1500,66841,105460286,110987941729,69237643,KSQ,우량기업부,"도축, 육류 가공 및 저장 처리업"
1365,382840,KR7382840007,원준,KOSDAQ,중견기업부,7260,1,400,5.83,7040,7360,7040,72222,521562900,110871678060,15271581,KSQ,중견기업부,특수 목적용 기계 제조업
1366,009780,KR7009780008,엠에스씨,KOSDAQ,우량기업부,6280,1,120,1.95,6130,6300,6130,8215,51328140,110528000000,17600000,KSQ,우량기업부,기타 식품 제조업
1367,021320,KR7021320007,KCC건설,KOSDAQ,우량기업부,5160,1,225,4.56,5050,5290,4965,79494,406496560,110424000000,21400000,KSQ,우량기업부,건물 건설업
1368,212710,KR7212710008,아이에스티이,KOSDAQ,기술성장기업부,11470,1,1320,13.0,10250,11600,10160,219348,2425155450,110375557660,9622978,KSQ,기술성장기업부,반도체 제조업
1369,086960,KR7086960002,MDS테크,KOSDAQ,우량기업부,2620,1,150,6.07,2560,2640,2550,343616,890869656,110341609160,42115118,KSQ,우량기업부,소프트웨어 개발 및 공급업
1370,107600,KR7107600009,새빗켐,KOSDAQ,벤처기업부,19520,1,1130,6.14,18600,19970,18600,4930,95527170,110111422080,5640954,KSQ,벤처기업부,기타 화학제품 제조업
1371,141000,KR7141000000,비아트론,KOSDAQ,벤처기업부,9050,1,340,3.9,9000,9050,8750,25584,227961020,109638125500,12114710,KSQ,벤처기업부,특수 목적용 기계 제조업
1372,074430,KR7074430000,아미노로직스,KOSDAQ,중견기업부,1247,1,33,2.72,1266,1266,1222,76546,95095189,109520074468,87826844,KSQ,중견기업부,기초 의약물질 제조업
1373,011810,KR7011810009,STX,KOSPI,,3530,0,0,0.0,0,0,0,0,0,109493282310,31017927,STK,,상품 종합 도매업
1374,104460,KR7104460001,디와이피엔에프,KOSDAQ,우량기업부,10400,1,520,5.26,10100,10450,9880,14542,147607505,109388250400,10518101,KSQ,우량기업부,일반 목적용 기계 제조업
1375,214680,KR7214680001,디알텍,KOSDAQ,벤처기업부,1310,3,0,0.0,1312,1357,1307,129360,171026426,109354943360,83477056,KSQ,벤처기업부,의료용 기기 제조업
1376,33626K,KR733626K013,두산퓨얼셀1우,KOSPI,,8180,1,340,4.34,8000,8300,8000,16058,131574780,109319156000,13364200,STK,,
1377,109610,KR7109610006,에스와이,KOSDAQ,중견기업부,2235,1,170,8.23,2195,2270,2150,148761,327484682,109308039000,48907400,KSQ,중견기업부,"구조용 금속제품, 탱크 및 증기발생기 제조업"
1378,093640,KR7093640001,케이알엠,KOSDAQ,벤처기업부,3340,1,15,0.45,3325,3385,3220,47571,158371555,109135989640,32675446,KSQ,벤처기업부,반도체 제조업
1379,002230,KR7002230001,피에스텍,KOSDAQ,우량기업부,5820,1,220,3.93,5650,5820,5620,82462,473052070,108864962400,18705320,KSQ,우량기업부,"측정, 시험, 항해, 제어 및 기타 정밀기기 제조업; 광학기기 제외"
1380,049950,KR7049950009,미래컴퍼니,KOSDAQ,중견기업부,12330,1,930,8.16,12020,12460,11620,24628,298380865,108724509720,8817884,KSQ,중견기업부,특수 목적용 기계 제조업
1381,078890,KR7078890001,가온그룹,KOSDAQ,중견기업부,5890,1,190,3.33,5870,6020,5600,337554,1969529610,108522914270,18424943,KSQ,중견기업부,통신 및 방송 장비 제조업
1382,255440,KR7255440000,야스,KOSDAQ,벤처기업부,8310,1,30,0.36,8280,8540,8280,10362,86473225,108511980000,13058000,KSQ,벤처기업부,특수 목적용 기계 제조업
1383,048550,KR7048550008,SM C&C,KOSDAQ,중견기업부,1121,1,138,14.04,976,1130,976,1295074,1400995692,108417089020,96714620,KSQ,중견기업부,광고업
1384,309960,KR7309960003,LB인베스트먼트,KOSDAQ,중견기업부,4655,1,180,4.02,4515,4680,4515,14176,65124880,108076247545,23217239,KSQ,중견기업부,기타 금융업
1385,250060,KR7250060001,모비스,KOSDAQ,기술성장기업부,3345,1,145,4.53,3260,3380,3230,195775,646608578,107613045330,32171314,KSQ,기술성장기업부,"컴퓨터 프로그래밍, 시스템 통합 및 관리업"
1386,489460,KR7489460006,바이오비쥬,KOSDAQ,벤처기업부,7150,1,70,0.99,7140,7350,7060,32285,231099650,107567674500,15044430,KSQ,벤처기업부,기타 화학제품 제조업
1387,248170,KR7248170003,샘표식품,KOSPI,,23500,1,600,2.62,22750,23600,22750,3480,80943850,107354721000,4568286,STK,,기타 식품 제조업
1388,035080,KR7035080001,그래디언트,KOSDAQ,중견기업부,9360,1,460,5.17,8900,9400,8900,15325,140498300,106996818240,11431284,KSQ,중견기업부,무점포 소매업
1389,182360,KR7182360008,큐브엔터,KOSDAQ,우량기업부,6850,1,490,7.7,6510,6910,6340,39588,266237170,106516465650,15549849,KSQ,우량기업부,오디오물 출판 및 원판 녹음업
1390,047770,KR7047770003,코데즈컴바인,KOSDAQ,중견기업부,2805,1,155,5.85,2725,2840,2715,308740,859252635,106148498610,37842602,KSQ,중견기업부,봉제의복 제조업
1391,217820,KR7217820000,원익피앤이,KOSDAQ,중견기업부,2235,1,95,4.44,2160,2340,2150,137851,302962077,106060939365,47454559,KSQ,중견기업부,특수 목적용 기계 제조업
1392,038540,KR7038540001,상상인,KOSDAQ,중견기업부,1915,1,15,0.79,1920,1934,1897,17068,32675886,105953719395,55328313,KSQ,중견기업부,"컴퓨터 프로그래밍, 시스템 통합 및 관리업"
1393,267850,KR7267850006,아시아나IDT,KOSPI,,9510,1,320,3.48,9320,9600,9280,13015,123224575,105561000000,11100000,STK,,"컴퓨터 프로그래밍, 시스템 통합 및 관리업"
1394,0004V0,KR70004V0003,엔비알모션,KOSDAQ,기술성장기업부,10130,1,180,1.81,10120,10660,9820,177537,1809963520,105397260840,10404468,KSQ,기술성장기업부,기타 금속 가공제품 제조업
1395,007210,KR7007210008,벽산,KOSPI,,1610,1,76,4.95,1541,1613,1541,153003,241088099,105229600000,65360000,STK,,기타 비금속 광물제품 제조업
1396,246710,KR7246710008,티앤알바이오팹,KOSDAQ,기술성장기업부,2195,1,65,3.05,2190,2220,2115,84192,182768266,104623586280,47664504,KSQ,기술성장기업부,기초 의약물질 제조업
1397,059210,KR7059210005,메타바이오메드,KOSDAQ,우량기업부,3850,1,150,4.05,3760,3930,3750,343219,1285719792,104610063250,27171445,KSQ,우량기업부,의료용품 및 기타 의약 관련제품 제조업
1398,264900,KR7264900002,크라운제과,KOSPI,,8350,1,320,3.99,8040,8370,8040,12990,107357450,104574147500,12523850,STK,,"떡, 빵 및 과자류 제조업"
1399,084670,KR7084670009,동양고속,KOSPI,,36050,2,-100,-0.28,35600,37350,35500,73560,2662176375,104385262450,2895569,STK,,육상 여객 운송업
1400,360070,KR7360070007,탑머티리얼,KOSDAQ,중견기업부,12730,1,960,8.16,11830,12830,11830,35906,447185125,104233787390,8188043,KSQ,중견기업부,일차전지 및 이차전지 제조업
1401,013570,KR7013570007,디와이,KOSPI,,3960,1,155,4.07,3835,3980,3835,47976,187884293,104225746680,26319633,STK,,기타 금융업
1402,090470,KR7090470006,제이스로보틱스,KOSDAQ,벤처기업부,5960,1,540,9.96,5460,6150,5460,63604,369604890,104160500240,17476594,KSQ,벤처기업부,특수 목적용 기계 제조업
1403,001290,KR7001290006,상상인증권,KOSPI,,960,1,67,7.5,915,983,915,189967,180149319,104003635200,108337120,STK,,금융 지원 서비스업
1404,025950,KR7025950007,동신건설,KOSDAQ,우량기업부,12340,1,680,5.83,12650,13800,12000,66522,847618595,103656000000,8400000,KSQ,우량기업부,토목 건설업
1405,337930,KR7337930002,젝시믹스,KOSDAQ,우량기업부,3490,1,65,1.9,3445,3510,3415,97231,336745515,103570897750,29676475,KSQ,우량기업부,기타 정보 서비스업
1406,045970,KR7045970001,코아시아,KOSDAQ,중견기업부,3930,1,380,10.7,3800,3945,3620,71147,270007622,103417462680,26314876,KSQ,중견기업부,전자부품 제조업
1407,065450,KR7065450009,빅텍,KOSDAQ,벤처기업부,3505,1,75,2.19,3370,3525,3350,551225,1891303852,103382789515,29495803,KSQ,벤처기업부,"측정, 시험, 항해, 제어 및 기타 정밀기기 제조업; 광학기기 제외"
1408,099750,KR7099750002,이지케어텍,KOSDAQ,벤처기업부,7550,1,80,1.07,7680,7680,7300,4683,35062600,103126756150,13659173,KSQ,벤처기업부,소프트웨어 개발 및 공급업
1409,173130,KR7173130006,오파스넷,KOSDAQ,중견기업부,7890,1,450,6.05,7460,7980,7400,235169,1801603190,102936671970,13046473,KSQ,중견기업부,"컴퓨터 프로그래밍, 시스템 통합 및 관리업"
1410,330730,KR7330730003,스톤브릿지벤처스,KOSDAQ,벤처기업부,5640,1,190,3.49,5520,5720,5450,31432,175744830,102748561200,18217830,KSQ,벤처기업부,기타 금융업
1411,094840,KR7094840006,슈프리마에이치큐,KOSDAQ,벤처기업부,10440,1,360,3.57,10090,10550,10090,14992,155194420,102375777960,9806109,KSQ,벤처기업부,통신 및 방송 장비 제조업
1412,007610,KR7007610009,선도전기,KOSPI,,5670,1,190,3.47,5690,5990,5410,361774,2031468870,102060000000,18000000,STK,,"전동기, 발전기 및 전기 변환 · 공급 · 제어 장치 제조업"
1413,047820,KR7047820006,초록뱀미디어,KOSDAQ,중견기업부,4165,1,365,9.61,3810,4255,3810,54693,225707110,101850618450,24453930,KSQ,중견기업부,"영화, 비디오물, 방송프로그램 제작 및 배급업"
1414,058850,KR7058850009,KTcs,KOSPI,,2455,1,100,4.25,2390,2455,2375,137486,332150542,101647924750,41404450,STK,,기타 정보 서비스업
1415,039340,KR7039340005,한국경제TV,KOSDAQ,우량기업부,4620,2,-75,-1.6,4660,4660,4590,9433,43479730,101640000000,22000000,KSQ,우량기업부,텔레비전 방송업
1416,096240,KR7096240007,크레버스,KOSDAQ,우량기업부,9450,1,270,2.94,9180,9470,9180,16145,150749220,101475801000,10738180,KSQ,우량기업부,일반 교습 학원
1417,085670,KR7085670008,뉴프렉스,KOSDAQ,우량기업부,4135,1,235,6.03,4040,4150,3970,126063,513335135,101310646735,24500761,KSQ,우량기업부,전자부품 제조업
1418,005860,KR7005860002,한일사료,KOSDAQ,우량기업부,2570,1,15,0.59,2530,2590,2485,588244,1492662708,101267470450,39403685,KSQ,우량기업부,동물용 사료 및 조제식품 제조업
1419,0015S0,KR70015S0005,페스카로,KOSDAQ,기술성장기업부,10240,1,680,7.11,9780,10280,9670,59171,589589130,101035315200,9866730,KSQ,기술성장기업부,"그외 기타 전문, 과학 및 기술 서비스업"
1420,067830,KR7067830000,세이브존I&C,KOSPI,,2460,1,85,3.58,2390,2465,2390,45813,111286760,100960601700,41040895,STK,,종합 소매업
1421,457370,KR7457370005,한켐,KOSDAQ,중견기업부,12520,1,430,3.56,12470,13150,12380,754401,9625371040,100937917680,8062134,KSQ,중견기업부,기초 화학물질 제조업
1422,119650,KR7119650000,KC코트렐,KOSPI,,918,0,0,0.0,0,0,0,0,0,100782913662,109785309,STK,,일반 목적용 기계 제조업
1423,225190,KR7225190008,LK삼양,KOSDAQ,중견기업부,1430,1,21,1.49,1431,1479,1375,538078,764000219,100769869200,70468440,KSQ,중견기업부,사진장비 및 광학기기 제조업
1424,014790,KR7014790000,HL D&I,KOSPI,,2650,1,140,5.58,2620,2710,2595,66549,176177429,100325292650,37858601,STK,,토목 건설업
1425,493330,KR7493330005,지에프아이,KOSDAQ,벤처기업부,13030,1,580,4.66,13500,13500,12610,4988,64899330,100098362380,7682146,KSQ,벤처기업부,일반 목적용 기계 제조업
1426,229500,KR7229500004,노브메타파마,KONEX,일반기업부,7780,2,-220,-2.75,8190,8190,7400,3627,27555960,99907290120,12841554,KNX,일반기업부,자연과학 및 공학 연구개발업
1427,136150,KR7136150000,원일티엔아이,KOSDAQ,벤처기업부,11920,1,720,6.43,11620,12190,11600,12226,144433250,99901877600,8381030,KSQ,벤처기업부,일반 목적용 기계 제조업
1428,223250,KR7223250002,드림씨아이에스,KOSDAQ,벤처기업부,4055,1,125,3.18,4050,4115,3950,94766,383784335,99754800420,24600444,KSQ,벤처기업부,자연과학 및 공학 연구개발업
1429,023450,KR7023450000,동남합성,KOSPI,,28500,2,-500,-1.72,29000,29250,28050,1729,49695900,99750000000,3500000,STK,,기초 화학물질 제조업
1430,086710,KR7086710001,선진뷰티사이언스,KOSDAQ,우량기업부,8160,1,630,8.37,7530,8270,7530,30727,242447280,99578764800,12203280,KSQ,우량기업부,기타 화학제품 제조업
1431,456070,KR7456070002,이엔셀,KOSDAQ,기술성장기업부,9020,1,240,2.73,9000,9200,8770,44784,402104620,99486243340,11029517,KSQ,기술성장기업부,기초 의약물질 제조업
1432,246720,KR7246720007,아스타,KOSDAQ,관리종목(소속부없음),6070,0,0,0.0,0,0,0,0,0,99434491000,16381300,KSQ,관리종목(소속부없음),의료용품 및 기타 의약 관련제품 제조업
1433,100590,KR7100590009,머큐리,KOSDAQ,중견기업부,5790,1,770,15.34,5300,5920,5130,734093,4097862480,99237965550,17139545,KSQ,중견기업부,통신 및 방송 장비 제조업
1434,487580,KR7487580003,폴레드,KOSDAQ,벤처기업부,3925,1,60,1.55,3980,4060,3790,315728,1221938790,98842729425,25182861,KSQ,벤처기업부,가정용 기기 제조업
1435,036580,KR7036580009,팜스코,KOSPI,,2690,1,120,4.67,2570,2700,2550,40835,106953800,98798166670,36727943,STK,,"곡물가공품, 전분 및 전분제품 제조업"
1436,288180,KR7288180003,케이피항공산업,KOSDAQ,중견기업부,13360,1,1090,8.88,12240,14150,11770,359466,4685110035,98773980320,7393262,KSQ,중견기업부,"항공기,우주선 및 부품 제조업"
1437,413630,KR7413630005,씨피시스템,KOSDAQ,벤처기업부,2705,1,125,4.84,2585,2720,2580,70785,188664910,98561073330,36436626,KSQ,벤처기업부,플라스틱제품 제조업
1438,282720,KR7282720002,금양그린파워,KOSDAQ,중견기업부,8130,1,280,3.57,8180,8180,7930,41141,332188235,98531535000,12119500,KSQ,중견기업부,전기 및 통신 공사업
1439,006660,KR7006660005,삼성공조,KOSPI,,12110,1,880,7.84,11590,12200,11590,198734,2361824020,98409662540,8126314,STK,,자동차 신품 부품 제조업
1440,032300,KR7032300006,한국파마,KOSDAQ,중견기업부,9000,1,350,4.05,8660,9020,8660,7619,67689320,98160309000,10906701,KSQ,중견기업부,의약품 제조업
1441,023900,KR7023900004,풍국주정,KOSDAQ,우량기업부,7770,1,240,3.19,7540,7800,7540,24044,184713510,97902000000,12600000,KSQ,우량기업부,알코올음료 제조업
1442,120240,KR7120240007,대정화금,KOSDAQ,우량기업부,13610,1,50,0.37,13850,13850,13460,12456,169316270,97861221510,7190391,KSQ,우량기업부,기초 화학물질 제조업
1443,317770,KR7317770006,엑스페릭스,KOSDAQ,벤처기업부,2670,1,95,3.69,2585,2690,2585,116775,308741284,97839864480,36644144,KSQ,벤처기업부,전자부품 제조업
1444,100700,KR7100700004,세운메디칼,KOSDAQ,우량기업부,2230,1,55,2.53,2180,2235,2180,26108,57710205,97674000000,43800000,KSQ,우량기업부,의료용품 및 기타 의약 관련제품 제조업
1445,000440,KR7000440008,중앙에너비스,KOSDAQ,중견기업부,15680,2,-20,-0.13,15430,15700,15210,18883,291098225,97641398400,6227130,KSQ,중견기업부,기타 전문 도매업
1446,352090,KR7352090005,스톰테크,KOSDAQ,우량기업부,3632,1,52,1.45,3590,3665,3545,24057,86588750,97602728736,26872998,KSQ,우량기업부,플라스틱제품 제조업
1447,389030,KR7389030008,지니너스,KOSDAQ,기술성장기업부,2905,1,25,0.87,2895,3050,2895,125969,371923755,97574432725,33588445,KSQ,기술성장기업부,자연과학 및 공학 연구개발업
1448,417970,KR7417970001,모델솔루션,KOSDAQ,우량기업부,15240,1,1390,10.04,17480,17480,14300,221030,3511943495,97485708000,6396700,KSQ,우량기업부,특수 목적용 기계 제조업
1449,039010,KR7039010004,현대에이치티,KOSDAQ,우량기업부,11280,1,390,3.58,10800,11440,10780,72384,802796055,97290000000,8625000,KSQ,우량기업부,통신 및 방송 장비 제조업
1450,066790,KR7066790007,씨씨에스,KOSDAQ,관리종목(소속부없음),1493,0,0,0.0,0,0,0,0,0,97271994227,65152039,KSQ,관리종목(소속부없음),텔레비전 방송업
1451,008700,KR7008700007,아남전자,KOSPI,,1257,1,22,1.78,1245,1275,1240,272528,341630267,96945898740,77124820,STK,,영상 및 음향기기 제조업
1452,004140,KR7004140000,동방,KOSPI,,2020,1,93,4.83,1931,2020,1931,209792,415457906,96902967320,47971766,STK,,기타 운송관련 서비스업
1453,226400,KR7226400000,오스테오닉,KOSDAQ,기술성장기업부,4685,1,145,3.19,4620,4760,4535,57922,265695947,96799600685,20661601,KSQ,기술성장기업부,의료용 기기 제조업
1454,039980,KR7039980008,폴라리스AI,KOSDAQ,중견기업부,6730,1,360,5.65,6520,6880,6470,128955,859811800,96785570220,14381214,KSQ,중견기업부,"컴퓨터 프로그래밍, 시스템 통합 및 관리업"
1455,038110,KR7038110003,에코플라스틱,KOSDAQ,우량기업부,2350,1,70,3.07,2320,2360,2160,364949,839286806,96748019500,41169370,KSQ,우량기업부,자동차 신품 부품 제조업
1456,463020,KR7463020008,뉴엔AI,KOSDAQ,기술성장기업부,10890,4,2510,29.95,8470,10890,8470,334005,3430650015,96694488000,8879200,KSQ,기술성장기업부,소프트웨어 개발 및 공급업
1457,036220,KR7036220002,오상헬스케어,KOSDAQ,우량기업부,6750,1,350,5.47,6400,6770,6400,18345,120759690,96588558000,14309416,KSQ,우량기업부,의료용 기기 제조업
1458,068240,KR7068240001,다원시스,KOSDAQ,관리종목(소속부없음),2530,0,0,0.0,0,0,0,0,0,96553495610,38163437,KSQ,관리종목(소속부없음),"전동기, 발전기 및 전기 변환 · 공급 · 제어 장치 제조업"
1459,331740,KR7331740001,아우토크립트,KOSDAQ,기술성장기업부,9880,1,280,2.92,9640,10050,9610,43315,427153145,96326947080,9749691,KSQ,기술성장기업부,소프트웨어 개발 및 공급업
1460,019680,KR7019680008,대교,KOSPI,,1137,3,0,0.0,1137,1155,1106,29524,33503899,96307140450,84702850,STK,,초등 교육기관
1461,078140,KR7078140001,대봉엘에스,KOSDAQ,우량기업부,8680,1,370,4.45,8350,8680,8350,8245,70515030,96231505720,11086579,KSQ,우량기업부,의약품 제조업
1462,063080,KR7063080006,컴투스홀딩스,KOSDAQ,중견기업부,14590,1,1020,7.52,13600,14590,13600,11281,159008580,96223851280,6595192,KSQ,중견기업부,소프트웨어 개발 및 공급업
1463,217330,KR7217330000,싸이토젠,KOSDAQ,기술성장기업부,4155,1,135,3.36,4100,4200,4040,169344,695948697,96103267785,23129547,KSQ,기술성장기업부,자연과학 및 공학 연구개발업
1464,37550L,KR737550K029,DL이앤씨2우(전환),KOSPI,,45500,1,2700,6.31,45300,46650,44550,2982,135291500,96093770500,2111951,STK,,
1465,389140,KR7389140005,포바이포,KOSDAQ,벤처기업부,6730,1,340,5.32,6580,6800,6430,99326,662144530,96035316550,14269735,KSQ,벤처기업부,"영화, 비디오물, 방송프로그램 제작 및 배급업"
1466,357230,KR7357230002,에이치피오,KOSDAQ,우량기업부,2325,1,65,2.88,2265,2325,2250,31313,71569680,96007331700,41293476,KSQ,우량기업부,기타 식품 제조업
1467,042510,KR7042510008,라온시큐어,KOSDAQ,벤처기업부,8630,1,340,4.1,8450,8740,8380,145693,1243775420,95843295640,11105828,KSQ,벤처기업부,소프트웨어 개발 및 공급업
1468,078935,KR7078931003,GS우,KOSPI,,53700,1,1200,2.29,52800,54000,52800,2445,130673100,95568601200,1779676,STK,,
1469,377480,KR7377480009,마음AI,KOSDAQ,기술성장기업부,13440,1,520,4.02,13500,13620,13050,115668,1545846165,95562096000,7110275,KSQ,기술성장기업부,소프트웨어 개발 및 공급업
1470,035610,KR7035610005,솔본,KOSDAQ,투자주의환기종목(소속부없음),3485,1,130,3.87,3440,3520,3360,60029,210283070,95300799545,27345997,KSQ,투자주의환기종목(소속부없음),회사 본부 및 경영 컨설팅 서비스업
1471,042500,KR7042500009,링네트,KOSDAQ,우량기업부,4275,1,155,3.76,4205,4275,4125,176720,742194890,95294640600,22291144,KSQ,우량기업부,"컴퓨터 프로그래밍, 시스템 통합 및 관리업"
1472,066980,KR7066980004,한성크린텍,KOSDAQ,벤처기업부,1828,1,84,4.82,1765,1899,1765,533478,984313560,94937408500,51935125,KSQ,벤처기업부,"건축기술, 엔지니어링 및 관련 기술 서비스업"
1473,001275,KR7001271006,부국증권우,KOSPI,,31600,1,700,2.27,30900,31700,30900,1042,32639100,94800000000,3000000,STK,,
1474,032560,KR7032560005,황금에스티,KOSPI,,5570,1,120,2.2,5480,5580,5470,6222,34404620,94690000000,17000000,STK,,1차 비철금속 제조업
1475,053260,KR7053260006,금강철강,KOSDAQ,우량기업부,5030,1,140,2.86,5180,5180,4895,25442,126782192,94161600000,18720000,KSQ,우량기업부,1차 철강 제조업
1476,002210,KR7002210003,동성제약,KOSPI,,973,0,0,0.0,0,0,0,0,0,94010780311,96619507,STK,,의약품 제조업
1477,362320,KR7362320004,청담글로벌,KOSDAQ,중견기업부,4440,1,370,9.09,4090,4495,4080,119477,516255440,93911727600,21151290,KSQ,중견기업부,생활용품 도매업
1478,129920,KR7129920005,대성하이텍,KOSDAQ,벤처기업부,5770,1,10,0.17,5750,5885,5540,104729,600063650,93754975920,16248696,KSQ,벤처기업부,특수 목적용 기계 제조업
1479,092040,KR7092040005,아미코젠,KOSDAQ,기술성장기업부,1324,1,29,2.24,1307,1350,1292,418126,550311807,93547732388,70655387,KSQ,기술성장기업부,기타 식품 제조업
1480,311320,KR7311320006,지오엘리먼트,KOSDAQ,기술성장기업부,7410,1,240,3.35,7310,7500,7230,36567,268738940,93473889600,12614560,KSQ,기술성장기업부,전자부품 제조업
1481,066310,KR7066310004,큐에스아이,KOSDAQ,벤처기업부,10080,1,420,4.35,9900,10200,9820,90561,903359625,93457939680,9271621,KSQ,벤처기업부,반도체 제조업
1482,029480,KR7029480001,광무,KOSDAQ,중견기업부,1564,1,33,2.16,1551,1569,1500,80950,125204864,93400722448,59719132,KSQ,중견기업부,통신 및 방송 장비 제조업
1483,023800,KR7023800006,인지컨트롤스,KOSPI,,5900,1,240,4.24,5740,6090,5740,28778,169831050,93274262300,15809197,STK,,자동차 신품 부품 제조업
1484,363280,KR7363280009,티와이홀딩스,KOSPI,,2050,1,110,5.67,1945,2135,1943,119126,243866768,93269532650,45497333,STK,,기타 금융업
1485,302550,KR7302550009,리메드,KOSDAQ,기술성장기업부,2995,1,55,1.87,2920,3000,2910,48289,143981920,92566914250,30907150,KSQ,기술성장기업부,의료용 기기 제조업
1486,303810,KR7303810006,동국생명과학,KOSDAQ,중견기업부,2890,1,65,2.3,2825,2910,2825,24904,71553140,92434164600,31984140,KSQ,중견기업부,의약품 제조업
1487,014440,KR7014440002,영보화학,KOSPI,,4615,1,80,1.76,4550,4620,4470,35044,158612120,92300000000,20000000,STK,,플라스틱제품 제조업
1488,072020,KR7072020001,중앙백신,KOSDAQ,벤처기업부,9750,1,340,3.61,9430,9800,9430,21616,209576890,92222198250,9458687,KSQ,벤처기업부,기초 의약물질 제조업
1489,443670,KR7443670005,에스피소프트,KOSDAQ,중견기업부,3725,1,225,6.43,3540,3750,3530,64027,231551525,92161685200,24741392,KSQ,중견기업부,"컴퓨터 프로그래밍, 시스템 통합 및 관리업"
1490,418470,KR7418470001,KT밀리의서재,KOSDAQ,우량기업부,10750,1,340,3.27,10440,10760,10440,14672,156431080,92082231750,8565789,KSQ,우량기업부,"서적, 잡지 및 기타 인쇄물 출판업"
1491,058860,KR7058860008,KTis,KOSPI,,2645,1,60,2.32,2590,2645,2585,53293,140043580,92051290000,34802000,STK,,기타 정보 서비스업
1492,036420,KR7036420008,콘텐트리중앙,KOSPI,,4760,1,320,7.21,4445,4870,4445,56114,256148852,91688586080,19262308,STK,,"영화, 비디오물, 방송프로그램 제작 및 배급업"
1493,011700,KR7011700002,한신기계,KOSPI,,2825,1,140,5.21,2760,2860,2760,117283,329318527,91660376575,32446151,STK,,일반 목적용 기계 제조업
1494,265740,KR7265740001,엔에프씨,KOSDAQ,벤처기업부,5130,1,50,0.98,5090,5160,5000,24974,127203050,91640268000,17863600,KSQ,벤처기업부,기타 화학제품 제조업
1495,298540,KR7298540006,더네이쳐홀딩스,KOSDAQ,우량기업부,6320,1,200,3.27,6070,6320,6070,19077,119444170,91553959520,14486386,KSQ,우량기업부,의복 액세서리 제조업
1496,089230,KR7089230007,THE E&M,KOSDAQ,중견기업부,2440,1,105,4.5,2405,2495,2220,310718,727396805,91308103760,37421354,KSQ,중견기업부,기타 정보 서비스업
1497,014160,KR7014160006,대영포장,KOSPI,,841,1,28,3.44,820,848,816,279894,233501061,91159815709,108394549,STK,,"골판지, 종이 상자 및 종이용기 제조업"
1498,464490,KR7464490002,쿼드메디슨,KOSDAQ,기술성장기업부,7930,1,150,1.93,7790,8140,7620,24596,192945615,91053156090,11482113,KSQ,기술성장기업부,기초 의약물질 제조업
1499,100130,KR7100130004,동국S&C,KOSDAQ,중견기업부,1593,1,25,1.59,1595,1612,1568,80309,127324222,91028799000,57143000,KSQ,중견기업부,"구조용 금속제품, 탱크 및 증기발생기 제조업"
1500,063170,KR7063170005,서울옥션,KOSDAQ,중견기업부,5120,1,340,7.11,4820,5200,4820,43584,216662444,91004247040,17774267,KSQ,중견기업부,상품 중개업
1501,131370,KR7131370009,알서포트,KOSDAQ,벤처기업부,1707,1,47,2.83,1670,1718,1663,139963,235424932,90926910681,53267083,KSQ,벤처기업부,소프트웨어 개발 및 공급업
1502,033290,KR7033290008,로젠,KOSDAQ,우량기업부,1616,1,67,4.33,1606,1639,1595,31555,51145795,90748582416,56156301,KSQ,우량기업부,"섬유, 의복, 신발 및 가죽제품 소매업"
1503,950130,KR8840090003,엑세스바이오,KOSDAQ,외국기업(소속부없음),2580,1,15,0.58,2585,2620,2550,70427,182671260,90748491720,35173834,KSQ,외국기업(소속부없음),의료용품 및 기타 의약 관련제품 제조업
1504,262260,KR7262260003,에이프로,KOSDAQ,우량기업부,6010,1,90,1.52,6100,6270,5770,76755,454258360,90616736600,15077660,KSQ,우량기업부,기타 전기장비 제조업
1505,408470,KR7408470003,한패스,KOSDAQ,중견기업부,8570,1,450,5.54,8340,8600,8260,41106,346557670,90602040000,10572000,KSQ,중견기업부,기타 금융업
1506,093920,KR7093920007,서원인텍,KOSDAQ,우량기업부,4870,1,110,2.31,4770,4880,4760,16436,79471031,90582000000,18600000,KSQ,우량기업부,통신 및 방송 장비 제조업
1507,059270,KR7059270009,해성에어로보틱스,KOSDAQ,기술성장기업부,8110,1,610,8.13,7670,8200,7670,110429,883414500,90550574890,11165299,KSQ,기술성장기업부,기타 금속 가공제품 제조업
1508,0007J0,KR70007J0006,인벤테라,KOSDAQ,기술성장기업부,11480,1,680,6.3,11000,11590,10950,30520,345296095,90298396720,7865714,KSQ,기술성장기업부,자연과학 및 공학 연구개발업
1509,052860,KR7052860004,아이앤씨,KOSDAQ,벤처기업부,5030,3,0,0.0,5040,5160,4940,23780,119625225,89850155620,17862854,KSQ,벤처기업부,반도체 제조업
1510,066700,KR7066700006,테라젠이텍스,KOSDAQ,중견기업부,2415,1,40,1.68,2385,2445,2375,41191,98624420,89722988040,37152376,KSQ,중견기업부,의약품 제조업
1511,040420,KR7040420002,정상제이엘에스,KOSDAQ,우량기업부,5720,1,40,0.7,5690,5760,5670,11469,65374560,89675597440,15677552,KSQ,우량기업부,일반 교습 학원
1512,330350,KR7330350000,위더스제약,KOSDAQ,우량기업부,6790,1,200,3.03,6770,6800,6450,8627,57760160,89642523810,13202139,KSQ,우량기업부,의약품 제조업
1513,023000,KR7023000003,삼원강재,KOSPI,,2255,1,5,0.22,2250,2285,2235,11671,26230626,89613600780,39739956,STK,,자동차 신품 부품 제조업
1514,096250,KR7096250006,와이즈넛,KOSDAQ,기술성장기업부,6830,2,-370,-5.14,7290,7480,6630,225234,1537913430,89509499520,13105344,KSQ,기술성장기업부,소프트웨어 개발 및 공급업
1515,008260,KR7008260002,NI스틸,KOSPI,,3125,1,165,5.57,2960,3165,2960,78609,240769675,89375365625,28600117,STK,,1차 철강 제조업
1516,412350,KR7412350001,레이저쎌,KOSDAQ,기술성장기업부,6190,1,250,4.21,6260,6470,6070,225835,1404070880,89354395580,14435282,KSQ,기술성장기업부,특수 목적용 기계 제조업
1517,203690,KR7203690003,아크솔루션스,KOSDAQ,관리종목(소속부없음),4425,0,0,0.0,0,0,0,0,0,89196141000,20157320,KSQ,관리종목(소속부없음),"펄프, 종이 및 판지 제조업"
1518,131400,KR7131400004,이브이첨단소재,KOSDAQ,벤처기업부,1495,1,39,2.68,1542,1555,1471,554300,835178056,89089863590,59591882,KSQ,벤처기업부,전자부품 제조업
1519,163560,KR7163560006,동일고무벨트,KOSPI,,6390,1,220,3.57,6240,6450,6240,43600,276816510,88821000000,13900000,STK,,고무제품 제조업
1520,043610,KR7043610005,KT지니뮤직,KOSDAQ,중견기업부,1526,1,67,4.59,1457,1540,1457,56515,84884533,88684158388,58115438,KSQ,중견기업부,영상·오디오물 제공 서비스업
1521,011370,KR7011370004,서한,KOSDAQ,우량기업부,877,1,29,3.42,850,900,850,121697,106161485,88484796605,100894865,KSQ,우량기업부,건물 건설업
1522,024880,KR7024880007,케이피에프,KOSDAQ,우량기업부,4375,1,160,3.8,4250,4420,4240,98579,427884275,88212048750,20162754,KSQ,우량기업부,기타 금속 가공제품 제조업
1523,053580,KR7053580007,웹케시,KOSDAQ,우량기업부,6800,1,160,2.41,6710,6820,6570,11073,74683190,88090164800,12954436,KSQ,우량기업부,소프트웨어 개발 및 공급업
1524,101330,KR7101330009,모베이스,KOSDAQ,중견기업부,3805,1,215,5.99,3720,3830,3630,85108,318586849,88074445345,23147029,KSQ,중견기업부,통신 및 방송 장비 제조업
1525,063160,KR7063160006,종근당바이오,KOSPI,,16040,1,450,2.89,15590,16280,15570,6347,100674020,87994830480,5485962,STK,,의약품 제조업
1526,117670,KR7117670000,알파칩스,KOSDAQ,벤처기업부,13190,1,310,2.41,13000,13490,12860,6612,86433560,87868376980,6661742,KSQ,벤처기업부,반도체 제조업
1527,004890,KR7004890000,동일산업,KOSPI,,36150,2,-250,-0.69,36400,36650,35800,1044,37901400,87671522250,2425215,STK,,1차 철강 제조업
1528,017370,KR7017370008,우신시스템,KOSPI,,4780,1,200,4.37,4600,4830,4580,23925,112964535,87541178120,18314054,STK,,특수 목적용 기계 제조업
1529,072950,KR7072950009,빛샘전자,KOSDAQ,벤처기업부,10860,1,560,5.44,10820,11210,10510,226772,2463041780,87451344600,8052610,KSQ,벤처기업부,전자부품 제조업
1530,005740,KR7005740006,크라운해태홀딩스,KOSPI,,5880,1,170,2.98,5720,5920,5720,5836,33979160,87302400360,14847347,STK,,기타 금융업
1531,348350,KR7348350000,위드텍,KOSDAQ,벤처기업부,8720,1,320,3.81,8790,8890,8530,24659,213872100,87013392000,9978600,KSQ,벤처기업부,"측정, 시험, 항해, 제어 및 기타 정밀기기 제조업; 광학기기 제외"
1532,055490,KR7055490007,테이팩스,KOSPI,,18230,1,1120,6.55,17410,18450,17410,31615,567080310,86950719500,4769650,STK,,플라스틱제품 제조업
1533,006840,KR7006840003,AK홀딩스,KOSPI,,6560,1,240,3.8,6320,6590,6320,4806,30988585,86904000160,13247561,STK,,기타 금융업
1534,009300,KR7009300005,삼아제약,KOSDAQ,우량기업부,13640,1,130,0.96,13510,13900,13400,4042,54605650,86886800000,6370000,KSQ,우량기업부,의약품 제조업
1535,439580,KR7439580002,블루엠텍,KOSDAQ,기술성장기업부,2560,1,135,5.57,2425,2580,2420,225004,565526960,86647160320,33846547,KSQ,기술성장기업부,기타 전문 도매업
1536,030960,KR7030960009,양지사,KOSDAQ,중견기업부,5420,2,-60,-1.09,5250,5460,5220,139892,743046900,86611600000,15980000,KSQ,중견기업부,인쇄 및 인쇄관련 산업
1537,024830,KR7024830002,세원물산,KOSDAQ,관리종목(소속부없음),10360,1,210,2.07,10070,10420,10070,1468,15017010,86506000000,8350000,KSQ,관리종목(소속부없음),자동차 신품 부품 제조업
1538,004650,KR7004650008,창해에탄올,KOSDAQ,우량기업부,9370,1,250,2.74,9120,9400,9120,19576,181891120,86118592450,9190885,KSQ,우량기업부,알코올음료 제조업
1539,019540,KR7019540004,일지테크,KOSDAQ,우량기업부,6370,1,360,5.99,6140,6420,6100,73077,459433500,86080995000,13513500,KSQ,우량기업부,자동차 신품 부품 제조업
1540,347890,KR7347890006,엠엑스온,KOSDAQ,벤처기업부,5070,1,180,3.68,5000,5100,4900,11480,57642445,86003444280,16963204,KSQ,벤처기업부,"측정, 시험, 항해, 제어 및 기타 정밀기기 제조업; 광학기기 제외"
1541,067000,KR7067000000,조이시티,KOSDAQ,중견기업부,1229,1,44,3.71,1201,1240,1191,176031,214625495,85911335134,69903446,KSQ,중견기업부,소프트웨어 개발 및 공급업
1542,004840,KR7004840005,DRB동일,KOSPI,,4435,1,115,2.66,4320,4490,4320,16679,73773491,85472934340,19272364,STK,,고무제품 제조업
1543,052420,KR7052420007,오성첨단소재,KOSDAQ,우량기업부,8750,1,550,6.71,8200,8840,8200,27256,232547025,85242578750,9742009,KSQ,우량기업부,플라스틱제품 제조업
1544,088390,KR7088390000,이녹스,KOSDAQ,중견기업부,9080,1,730,8.74,8510,9360,8510,12221,108514675,85223463520,9385844,KSQ,중견기업부,그외 기타 운송장비 제조업
1545,002200,KR7002200004,한국수출포장,KOSPI,,2540,1,40,1.6,2505,2565,2480,46614,117188290,85089850140,33499941,STK,,"골판지, 종이 상자 및 종이용기 제조업"
1546,208370,KR7208370007,셀바스헬스케어,KOSDAQ,벤처기업부,3295,1,205,6.63,3100,3340,3100,90712,294268650,84815158380,25740564,KSQ,벤처기업부,의료용 기기 제조업
1547,139990,KR7139990006,아주스틸,KOSPI,,2185,1,55,2.58,2160,2225,2140,50818,110303127,84680579590,38755414,STK,,1차 철강 제조업
1548,011000,KR7011000007,진원생명과학,KOSPI,,931,1,13,1.42,921,954,905,820200,761052811,84611986417,90882907,STK,,의약품 제조업
1549,007110,KR7007110000,일신석재,KOSPI,,1092,1,64,6.23,1048,1092,1036,249396,266216343,84582618120,77456610,STK,,"건축자재, 철물 및 난방장치 도매업"
1550,001020,KR7001020007,페이퍼코리아,KOSPI,,2375,1,110,4.86,2240,2410,2240,11444,26811230,84542072250,35596662,STK,,"펄프, 종이 및 판지 제조업"
1551,066590,KR7066590001,스모트로닉,KOSDAQ,중견기업부,2180,1,55,2.59,2105,2210,2105,58978,127489345,84317902660,38677937,KSQ,중견기업부,자동차 신품 부품 제조업
1552,049080,KR7049080005,기가레인,KOSDAQ,벤처기업부,993,0,0,0.0,0,0,0,0,0,84289163571,84883347,KSQ,벤처기업부,전자부품 제조업
1553,007980,KR7007980006,TP,KOSPI,,1797,1,51,2.92,1760,1798,1759,156507,278529839,84274537950,46897350,STK,,봉제의복 제조업
1554,432470,KR7432470003,케이엔에스,KOSDAQ,벤처기업부,9600,1,570,6.31,9100,9730,9100,34112,323070770,84206937600,8771556,KSQ,벤처기업부,특수 목적용 기계 제조업
1555,079810,KR7079810008,APS이노베이션,KOSDAQ,우량기업부,3905,1,225,6.11,3805,3935,3750,115520,443181025,84067207070,21528094,KSQ,우량기업부,기타 전기장비 제조업
1556,124560,KR7124560004,태웅로직스,KOSDAQ,우량기업부,2170,1,75,3.58,2110,2185,2045,65878,140389580,84024159870,38720811,KSQ,우량기업부,기타 운송관련 서비스업
1557,058630,KR7058630005,엠게임,KOSDAQ,우량기업부,4375,1,100,2.34,4290,4375,4245,50379,216831476,84011261250,19202574,KSQ,우량기업부,소프트웨어 개발 및 공급업
1558,049180,KR7049180003,셀루메드,KOSDAQ,투자주의환기종목(소속부없음),1009,0,0,0.0,0,0,0,0,0,83975227728,83226192,KSQ,투자주의환기종목(소속부없음),기초 의약물질 제조업
1559,040910,KR7040910002,아이씨디,KOSDAQ,중견기업부,4615,1,140,3.13,4490,4650,4490,16978,77501172,83874279125,18174275,KSQ,중견기업부,특수 목적용 기계 제조업
1560,183490,KR7183490002,엔지켐생명과학,KOSDAQ,관리종목(소속부없음),990,0,0,0.0,0,0,0,0,0,83793832650,84640235,KSQ,관리종목(소속부없음),기초 의약물질 제조업
1561,000230,KR7000230003,일동홀딩스,KOSPI,,7260,1,260,3.71,7150,7330,7080,6936,50091865,83783304000,11540400,STK,,의약품 제조업
1562,002600,KR7002600005,조흥,KOSPI,,139100,1,1700,1.24,138900,139100,137200,33,4565200,83460000000,600000,STK,,기타 식품 제조업
1563,009190,KR7009190000,대양금속,KOSPI,,1893,1,18,0.96,1875,1994,1758,361632,667520762,83266018575,43986275,STK,,1차 철강 제조업
1564,251120,KR7251120002,바이오에프디엔씨,KOSDAQ,기술성장기업부,9565,1,205,2.19,9460,9770,9290,13716,129564485,83174370500,8695700,KSQ,기술성장기업부,기초 의약물질 제조업
1565,000590,KR7000590000,CS홀딩스,KOSPI,,71900,2,-800,-1.1,72700,72700,71600,109,7851900,83007255800,1154482,STK,,기타 금융업
1566,033340,KR7033340001,좋은사람들,KOSDAQ,중견기업부,856,1,42,5.16,818,871,818,428272,362520419,82989677648,96950558,KSQ,중견기업부,봉제의복 제조업
1567,142280,KR7142280007,녹십자엠에스,KOSDAQ,중견기업부,3460,2,-5,-0.14,3500,3545,3420,291428,1009192873,82912087260,23963031,KSQ,중견기업부,의료용품 및 기타 의약 관련제품 제조업
1568,261780,KR7261780001,아리바이오랩,KOSDAQ,기술성장기업부,3080,1,385,14.29,2695,3220,2695,1511577,4560398338,82892027680,26912996,KSQ,기술성장기업부,자연과학 및 공학 연구개발업
1569,037760,KR7037760006,쎄니트,KOSDAQ,중견기업부,2450,1,10,0.41,2440,2465,2320,4799,11658915,82890656450,33832921,KSQ,중견기업부,1차 철강 제조업
1570,321260,KR7321260002,프로이천,KOSDAQ,벤처기업부,2940,3,0,0.0,3070,3075,2840,876987,2614227451,82884726960,28192084,KSQ,벤처기업부,반도체 제조업
1571,130580,KR7130580004,나이스디앤비,KOSDAQ,우량기업부,5380,1,10,0.19,5390,5530,5360,10910,59128410,82852000000,15400000,KSQ,우량기업부,기타 사업지원 서비스업
1572,004590,KR7004590006,한국가구,KOSDAQ,중견기업부,5520,1,150,2.79,5500,5550,5330,48642,265953930,82800000000,15000000,KSQ,중견기업부,기타 상품 전문 소매업
1573,041930,KR7041930009,SY동아,KOSDAQ,우량기업부,5440,1,180,3.42,5290,5460,5290,35872,193146360,82688000000,15200000,KSQ,우량기업부,고무제품 제조업
1574,424960,KR7424960003,스마트레이더시스템,KOSDAQ,기술성장기업부,5000,1,320,6.84,4680,5040,4680,51919,254760126,82425550000,16485110,KSQ,기술성장기업부,"측정, 시험, 항해, 제어 및 기타 정밀기기 제조업; 광학기기 제외"
1575,054670,KR7054670005,대한뉴팜,KOSDAQ,우량기업부,5740,1,80,1.41,5700,5840,5690,27799,159796980,82397240800,14354920,KSQ,우량기업부,의약품 제조업
1576,225530,KR7225530005,HC보광산업,KOSDAQ,우량기업부,2260,1,10,0.44,2295,2295,2215,13079,29366160,82125523020,36338727,KSQ,우량기업부,기타 비금속 광물제품 제조업
1577,265560,KR7265560003,영화테크,KOSDAQ,우량기업부,7660,1,160,2.13,7550,7700,7510,7958,60544365,81886778800,10690180,KSQ,우량기업부,자동차 신품 부품 제조업
1578,084650,KR7084650001,랩지노믹스,KOSDAQ,중견기업부,1103,2,-12,-1.08,1101,1182,1080,1904005,2131613520,81886708970,74239990,KSQ,중견기업부,자연과학 및 공학 연구개발업
1579,253840,KR7253840003,수젠텍,KOSDAQ,중견기업부,4890,1,15,0.31,4900,5070,4850,130076,638398550,81874248000,16743200,KSQ,중견기업부,의료용품 및 기타 의약 관련제품 제조업
1580,189330,KR7189330004,씨이랩,KOSDAQ,기술성장기업부,8710,1,490,5.96,8550,8890,8220,112594,969722125,81719693640,9382284,KSQ,기술성장기업부,소프트웨어 개발 및 공급업
1581,411080,KR7411080005,샌즈랩,KOSDAQ,기술성장기업부,5340,1,280,5.53,5150,5410,5150,16206,85301000,81529186920,15267638,KSQ,기술성장기업부,소프트웨어 개발 및 공급업
1582,175250,KR7175250000,아이큐어,KOSDAQ,관리종목(소속부없음),2170,0,0,0.0,0,0,0,0,0,81501658560,37558368,KSQ,관리종목(소속부없음),기타 화학제품 제조업
1583,054620,KR7054620000,APS,KOSDAQ,중견기업부,4430,1,225,5.35,4280,4450,4280,42698,186729947,81486399030,18394221,KSQ,중견기업부,기타 금융업
1584,054040,KR7054040001,한국컴퓨터,KOSDAQ,우량기업부,5070,1,135,2.74,4970,5110,4970,25214,126920375,81481440300,16071290,KSQ,우량기업부,전자부품 제조업
1585,002700,KR7002700003,신일전자,KOSPI,,1161,1,33,2.93,1135,1164,1132,271875,311563667,81325171881,70047521,STK,,기계장비 및 관련 물품 도매업
1586,170030,KR7170030001,현대공업,KOSDAQ,우량기업부,5300,1,230,4.54,5090,5320,5090,47854,251017125,81302000000,15340000,KSQ,우량기업부,자동차 신품 부품 제조업
1587,412540,KR7412540007,제일엠앤에스,KOSDAQ,관리종목(소속부없음),3935,0,0,0.0,0,0,0,0,0,81063616775,20600665,KSQ,관리종목(소속부없음),특수 목적용 기계 제조업
1588,413390,KR7413390006,엠오티,KOSDAQ,중견기업부,6990,1,430,6.55,6570,7050,6570,23075,158902985,80945458200,11580180,KSQ,중견기업부,특수 목적용 기계 제조업
1589,048530,KR7048530000,인트론바이오,KOSDAQ,기술성장기업부,2620,1,65,2.54,2570,2645,2570,33135,86276170,80936405960,30891758,KSQ,기술성장기업부,기초 의약물질 제조업
1590,475430,KR7475430005,키스트론,KOSDAQ,중견기업부,4530,1,215,4.98,4415,4555,4365,170103,755584095,80851938300,17848110,KSQ,중견기업부,절연선 및 케이블 제조업
1591,476040,KR7476040001,오가노이드사이언스,KOSDAQ,기술성장기업부,12270,1,430,3.63,11900,12390,11600,23171,279157105,80807275200,6585760,KSQ,기술성장기업부,자연과학 및 공학 연구개발업
1592,370090,KR7370090003,퓨런티어,KOSDAQ,기술성장기업부,9440,1,890,10.41,8700,9450,8700,34195,310723625,80776475200,8556830,KSQ,기술성장기업부,"측정, 시험, 항해, 제어 및 기타 정밀기기 제조업; 광학기기 제외"
1593,111380,KR7111380002,동인기연,KOSPI,,13170,1,270,2.09,12920,13300,12870,23790,310409000,80705760000,6128000,STK,,"가죽, 가방 및 유사제품 제조업"
1594,382480,KR7382480002,지아이텍,KOSDAQ,벤처기업부,2050,1,98,5.02,2005,2130,1987,277635,572293025,80682137000,39357140,KSQ,벤처기업부,특수 목적용 기계 제조업
1595,388870,KR7388870008,파로스아이바이오,KOSDAQ,기술성장기업부,6220,1,50,0.81,6220,6490,6100,69261,432825485,80523697040,12945932,KSQ,기술성장기업부,자연과학 및 공학 연구개발업
1596,084730,KR7084730001,팅크웨어,KOSDAQ,중견기업부,7240,1,90,1.26,7200,7280,6980,10461,74882715,80432229760,11109424,KSQ,중견기업부,통신 및 방송 장비 제조업
1597,238090,KR7238090005,앤디포스,KOSDAQ,벤처기업부,2635,1,210,8.66,2425,2785,2425,55441,144792799,80342309400,30490440,KSQ,벤처기업부,플라스틱제품 제조업
1598,234300,KR7234300002,에스트래픽,KOSDAQ,우량기업부,2950,1,65,2.25,2890,2955,2885,87232,253407985,80262951000,27207780,KSQ,우량기업부,"컴퓨터 프로그래밍, 시스템 통합 및 관리업"
1599,009180,KR7009180001,한솔로지스틱스,KOSPI,,2845,1,95,3.45,2750,2885,2750,60644,171602900,80103322125,28155825,STK,,기타 운송관련 서비스업
1600,290660,KR7290660000,다이나믹솔루션,KOSDAQ,기술성장기업부,939,0,0,0.0,0,0,0,0,0,80052794238,85253242,KSQ,기술성장기업부,의료용 기기 제조업
1601,460940,KR7460940000,피앤에스로보틱스,KOSDAQ,기술성장기업부,5930,1,660,12.52,5410,5990,5410,68803,397621645,79789810400,13455280,KSQ,기술성장기업부,의료용 기기 제조업
1602,109070,KR7109070003,주성코퍼레이션,KOSPI,,1510,2,-2,-0.13,1525,1597,1494,228091,348566786,79743447300,52810230,STK,,통신 및 방송 장비 제조업
1603,001470,KR7001470004,삼부토건,KOSPI,,347,0,0,0.0,0,0,0,0,0,79699592928,229681824,STK,,토목 건설업
1604,005870,KR7005870001,휴니드,KOSPI,,5640,1,60,1.08,5600,5800,5470,120347,671102020,79614324600,14116015,STK,,통신 및 방송 장비 제조업
1605,222160,KR7222160004,NPX,KOSDAQ,관리종목(소속부없음),8040,0,0,0.0,0,0,0,0,0,79551289560,9894439,KSQ,관리종목(소속부없음),특수 목적용 기계 제조업
1606,277880,KR7277880001,티에스아이,KOSDAQ,우량기업부,4002,1,152,3.95,3950,4015,3870,54395,214361529,79412534424,19843212,KSQ,우량기업부,특수 목적용 기계 제조업
1607,294630,KR7294630009,서남,KOSDAQ,기술성장기업부,3010,1,95,3.26,3050,3060,2950,110989,333573966,79362620190,26366319,KSQ,기술성장기업부,기타 전기장비 제조업
1608,007590,KR7007590003,동방아그로,KOSPI,,5820,3,0,0.0,5840,5850,5800,4421,25710860,79254298140,13617577,STK,,"비료, 농약 및 살균, 살충제 제조업"
1609,007815,KR7007811003,코리아써우,KOSPI,,26700,1,700,2.69,26100,26700,26100,702,18641650,79157223000,2964690,STK,,
1610,011320,KR7011320009,유니크,KOSDAQ,우량기업부,4095,3,0,0.0,4095,4155,4060,17459,71685060,79118246025,19320695,KSQ,우량기업부,자동차 신품 부품 제조업
1611,065510,KR7065510000,휴비츠,KOSDAQ,우량기업부,7260,1,260,3.71,7080,7260,7080,14699,105911265,78973517700,10877895,KSQ,우량기업부,의료용 기기 제조업
1612,017480,KR7017480005,삼현철강,KOSDAQ,우량기업부,5110,1,60,1.19,5050,5150,5010,27034,137183000,78913167900,15442890,KSQ,우량기업부,1차 철강 제조업
1613,001260,KR7001260009,남광토건,KOSPI,,8020,1,720,9.86,7900,8120,7570,60419,481583925,78857227440,9832572,STK,,토목 건설업
1614,067170,KR7067170001,오텍,KOSDAQ,중견기업부,2985,1,265,9.74,2980,3145,2845,3955343,11857788496,78856855395,26417707,KSQ,중견기업부,자동차 재제조 부품 제조업
1615,096775,KR7096771001,SK이노베이션우,KOSPI,,63100,1,2800,4.64,60900,63300,59700,2233,138458750,78775680600,1248426,STK,,
1616,101670,KR7101670008,하이드로리튬,KOSDAQ,중견기업부,1385,1,57,4.29,1340,1392,1340,317801,435276309,78636403995,56777187,KSQ,중견기업부,"구조용 금속제품, 탱크 및 증기발생기 제조업"
1617,110790,KR7110790003,크리스에프앤씨,KOSDAQ,우량기업부,3350,1,65,1.98,3240,3400,3240,7568,25112550,78493716000,23430960,KSQ,우량기업부,봉제의복 제조업
1618,060590,KR7060590007,씨티씨바이오,KOSDAQ,중견기업부,3245,1,100,3.18,3180,3300,3180,26104,83889275,78467409900,24181020,KSQ,중견기업부,의약품 제조업
1619,419050,KR7419050000,삼기에너지솔루션즈,KOSDAQ,중견기업부,1368,1,60,4.59,1315,1371,1315,97750,132353602,78244456320,57196240,KSQ,중견기업부,자동차 신품 부품 제조업
1620,006090,KR7006090005,사조오양,KOSPI,,8300,1,110,1.34,8210,8300,8120,1704,13971720,78208733700,9422739,STK,,수산물 가공 및 저장 처리업
1621,451250,KR7451250005,삐아,KOSDAQ,벤처기업부,7630,1,310,4.23,7250,7720,7250,20463,155038035,78023441510,10225877,KSQ,벤처기업부,기타 화학제품 제조업
1622,095720,KR7095720009,웅진씽크빅,KOSPI,,1372,1,65,4.97,1309,1385,1309,46558,63158151,77966760620,56827085,STK,,초등 교육기관
1623,036640,KR7036640001,HRS,KOSDAQ,우량기업부,4760,1,60,1.28,4740,4780,4680,42419,200699649,77848848000,16354800,KSQ,우량기업부,합성고무 및 플라스틱 물질 제조업
1624,014970,KR7014970008,삼륭물산,KOSDAQ,중견기업부,5250,1,150,2.94,5100,5300,5100,16110,83894060,77831250000,14825000,KSQ,중견기업부,"골판지, 종이 상자 및 종이용기 제조업"
1625,013870,KR7013870001,지엠비코리아,KOSPI,,4075,1,150,3.82,3945,4120,3945,16955,68499635,77719541000,19072280,STK,,자동차 신품 부품 제조업
1626,010960,KR7010960003,삼호개발,KOSPI,,3220,1,95,3.04,3160,3260,3160,11539,37129175,77666400000,24120000,STK,,기반조성 및 시설물 축조관련 전문공사업
1627,010280,KR7010280006,아이티센엔텍,KOSDAQ,우량기업부,5960,1,170,2.94,6070,6070,5820,33507,199806810,77627551720,13024757,KSQ,우량기업부,"컴퓨터 프로그래밍, 시스템 통합 및 관리업"
1628,000105,KR7000101006,유한양행우,KOSPI,,65600,1,1800,2.82,63800,66500,63800,974,63733400,77469664000,1180940,STK,,
1629,007460,KR7007460009,에이프로젠,KOSPI,,3280,1,185,5.98,3100,3300,3100,127830,409840399,77391380240,23594933,STK,,의약품 제조업
1630,067570,KR7067570002,엔브이에이치코리아,KOSDAQ,중견기업부,1835,1,48,2.69,1799,1856,1799,138778,252416320,77381950000,42170000,KSQ,중견기업부,자동차 신품 부품 제조업
1631,067290,KR7067290007,JW신약,KOSDAQ,중견기업부,1377,1,76,5.84,1301,1388,1301,102275,138623386,77163090831,56037103,KSQ,중견기업부,의약품 제조업
1632,006140,KR7006140008,피제이전자,KOSDAQ,우량기업부,5190,1,220,4.43,5000,5380,5000,34799,178509300,77149350000,14865000,KSQ,우량기업부,의료용 기기 제조업
1633,024740,KR7024740003,한일단조,KOSDAQ,우량기업부,2345,1,15,0.64,2325,2385,2310,224220,524691100,77143579905,32897049,KSQ,우량기업부,자동차 신품 부품 제조업
1634,453860,KR7453860009,에이에스텍,KOSDAQ,벤처기업부,11970,1,880,7.94,11100,11970,11100,16424,190895400,77139743310,6444423,KSQ,벤처기업부,기타 화학제품 제조업
1635,003580,KR7003580008,HLB글로벌,KOSPI,,1521,1,62,4.25,1503,1544,1486,92824,140979576,77059191105,50663505,STK,,종합 소매업
1636,307870,KR7307870006,비투엔,KOSDAQ,벤처기업부,1036,2,-8,-0.77,1056,1099,996,301806,311536868,76974059260,74299285,KSQ,벤처기업부,소프트웨어 개발 및 공급업
1637,012700,KR7012700001,리드코프,KOSDAQ,우량기업부,2935,1,110,3.89,2840,2945,2830,29002,83935720,76881890620,26194852,KSQ,우량기업부,기타 전문 도매업
1638,017650,KR7017650003,대림제지,KOSDAQ,우량기업부,8750,2,-40,-0.46,8800,8840,8650,2542,22121560,76868750000,8785000,KSQ,우량기업부,기타 종이 및 판지 제품 제조업
1639,147760,KR7147760003,피엠티,KOSDAQ,벤처기업부,7100,1,100,1.43,7360,7380,6630,79705,557069165,76821048600,10819866,KSQ,벤처기업부,"측정, 시험, 항해, 제어 및 기타 정밀기기 제조업; 광학기기 제외"
1640,201490,KR7201490000,미투온,KOSDAQ,중견기업부,2355,1,90,3.97,2290,2365,2280,103444,240278255,76758422550,32593810,KSQ,중견기업부,소프트웨어 개발 및 공급업
1641,019550,KR7019550003,SBI인베스트먼트,KOSDAQ,중견기업부,947,1,3,0.32,950,969,946,188594,180162699,76738522789,81033287,KSQ,중견기업부,신탁업 및 집합투자업
1642,0015N0,KR70015N0000,아로마티카,KOSDAQ,벤처기업부,6020,1,280,4.88,5770,6050,5770,58654,345795330,76544601000,12715050,KSQ,벤처기업부,기타 화학제품 제조업
1643,340360,KR7340360007,다보링크,KOSDAQ,투자주의환기종목(소속부없음),1469,1,107,7.86,1418,1503,1370,241282,353679001,76480212068,52062772,KSQ,투자주의환기종목(소속부없음),통신 및 방송 장비 제조업
1644,069730,KR7069730000,DSR제강,KOSPI,,5310,1,140,2.71,5180,5330,5180,20978,111111570,76464000000,14400000,STK,,1차 철강 제조업
1645,123010,KR7123010001,알엔티엑스,KOSDAQ,기술성장기업부,2230,2,-20,-0.89,2110,2420,2110,658191,1478151691,76281748260,34207062,KSQ,기술성장기업부,전자부품 제조업
1646,348150,KR7348150004,고바이오랩,KOSDAQ,기술성장기업부,3925,1,95,2.48,3830,4025,3820,49465,193912631,76219139325,19418889,KSQ,기술성장기업부,자연과학 및 공학 연구개발업
1647,020710,KR7020710000,시공테크,KOSDAQ,우량기업부,3800,1,110,2.98,3720,3825,3710,79836,301476470,76182286000,20047970,KSQ,우량기업부,전문디자인업
1648,302430,KR7302430004,이노메트리,KOSDAQ,벤처기업부,7720,1,130,1.71,7850,7930,7600,33916,260785045,75912365760,9833208,KSQ,벤처기업부,특수 목적용 기계 제조업
1649,217190,KR7217190008,제너셈,KOSDAQ,벤처기업부,5770,1,330,6.07,5740,5900,5550,152020,865260465,75897200970,13153761,KSQ,벤처기업부,특수 목적용 기계 제조업
1650,011150,KR7011150000,CJ씨푸드,KOSPI,,2110,1,75,3.69,2050,2130,2050,40638,85642896,75813931030,35930773,STK,,기타 식품 제조업
1651,320000,KR7320000003,한울반도체,KOSDAQ,중견기업부,11360,3,0,0.0,12000,12190,11250,141986,1639455265,75757681600,6668810,KSQ,중견기업부,특수 목적용 기계 제조업
1652,006890,KR7006890008,태경케미컬,KOSPI,,6530,1,150,2.35,6400,6550,6350,36862,238681780,75748000000,11600000,STK,,기초 화학물질 제조업
1653,001560,KR7001560002,제일연마,KOSPI,,9960,1,160,1.63,9810,10000,9720,1094,10730010,75696000000,7600000,STK,,기타 비금속 광물제품 제조업
1654,002720,KR7002720001,국제약품,KOSPI,,3575,1,120,3.47,3550,3575,3455,28738,101394980,75646399400,21159832,STK,,의약품 제조업
1655,076610,KR7076610005,해성옵틱스,KOSDAQ,벤처기업부,1340,1,20,1.52,1370,1439,1327,732955,1016819913,75478867420,56327513,KSQ,벤처기업부,사진장비 및 광학기기 제조업
1656,026150,KR7026150003,특수건설,KOSDAQ,중견기업부,4300,1,200,4.88,4170,4350,4170,32195,137362785,75449223300,17546331,KSQ,중견기업부,토목 건설업
1657,171120,KR7171120009,라이온켐텍,KOSDAQ,우량기업부,2100,1,40,1.94,2060,2115,2055,78493,163248417,75393696000,35901760,KSQ,우량기업부,기타 화학제품 제조업
1658,018500,KR7018500009,동원금속,KOSPI,,1611,1,165,11.41,1455,1625,1453,216116,329731543,75322197063,46754933,STK,,자동차 신품 부품 제조업
1659,273640,KR7273640003,와이엠텍,KOSDAQ,벤처기업부,6860,1,270,4.1,6630,7100,6630,18070,124946365,75226760000,10966000,KSQ,벤처기업부,"전동기, 발전기 및 전기 변환 · 공급 · 제어 장치 제조업"
1660,031820,KR7031820004,아이티센씨티에스,KOSPI,,6190,1,240,4.03,6000,6190,5960,22423,136155040,74930853740,12105146,STK,,"컴퓨터 프로그래밍, 시스템 통합 및 관리업"
1661,317830,KR7317830008,에스피시스템스,KOSDAQ,벤처기업부,6950,1,720,11.56,6340,7000,6340,60813,411621375,74878035100,10773818,KSQ,벤처기업부,특수 목적용 기계 제조업
1662,35320K,KR735320K011,대덕전자1우,KOSPI,,35700,1,2050,6.09,35500,36000,33650,19571,683016875,74810028300,2095519,STK,,
1663,058400,KR7058400003,KNN,KOSDAQ,우량기업부,564,1,9,1.62,565,565,553,200624,112175097,74690362080,132429720,KSQ,우량기업부,텔레비전 방송업
1664,037440,KR7037440005,희림,KOSDAQ,우량기업부,5360,1,640,13.56,5610,6130,5290,3830573,22035033800,74624466000,13922475,KSQ,우량기업부,"건축기술, 엔지니어링 및 관련 기술 서비스업"
1665,102370,KR7102370004,케이옥션,KOSDAQ,기술성장기업부,2740,1,95,3.59,2690,2760,2660,18096,49009670,74608035400,27229210,KSQ,기술성장기업부,상품 중개업
1666,005750,KR7005750005,대림바스,KOSPI,,4490,1,95,2.16,4550,4550,4405,10238,45736454,74499157600,16592240,STK,,"내화, 비내화 요업제품 제조업"
1667,900250,KYG2115T1076,크리스탈신소재,KOSDAQ,외국기업(소속부없음),519,0,0,0.0,0,0,0,0,0,74351942076,143260004,KSQ,외국기업(소속부없음),기타 금융업
1668,032540,KR7032540007,TJ미디어,KOSDAQ,우량기업부,3555,1,5,0.14,3695,3695,3500,3570,12590530,74290303215,20897413,KSQ,우량기업부,영상 및 음향기기 제조업
1669,187420,KR7187420005,HLB제넥스,KOSDAQ,기술성장기업부,2280,1,25,1.11,2260,2320,2250,29007,66196595,74223772080,32554286,KSQ,기술성장기업부,기초 의약물질 제조업
1670,048430,KR7048430003,유라테크,KOSDAQ,우량기업부,6440,1,210,3.37,6240,6460,6240,14148,90244000,74188800000,11520000,KSQ,우량기업부,"전동기, 발전기 및 전기 변환 · 공급 · 제어 장치 제조업"
1671,096350,KR7096350004,대창솔루션,KOSDAQ,벤처기업부,2010,1,149,8.01,1900,2025,1900,245563,484053439,74078071620,36854762,KSQ,벤처기업부,"구조용 금속제품, 탱크 및 증기발생기 제조업"
1672,085310,KR7085310001,엔케이,KOSPI,,9980,1,630,6.74,9360,10050,9360,29187,288616920,74032378520,7418074,STK,,"구조용 금속제품, 탱크 및 증기발생기 제조업"
1673,208140,KR7208140004,정다운,KOSDAQ,우량기업부,2265,1,25,1.12,2260,2280,2235,69060,155725948,74029817190,32684246,KSQ,우량기업부,"도축, 육류 가공 및 저장 처리업"
1674,091120,KR7091120006,이엠텍,KOSDAQ,중견기업부,4315,1,45,1.05,4310,4430,4210,52402,225395615,73928618840,17132936,KSQ,중견기업부,전자부품 제조업
1675,900260,HK0000295359,로스웰,KOSDAQ,외국기업(소속부없음),1605,2,-6,-0.37,1595,1619,1595,915,1473859,73877678130,46029706,KSQ,외국기업(소속부없음),기타 금융업
1676,299660,KR7299660001,셀리드,KOSDAQ,기술성장기업부,2495,1,100,4.18,2440,2560,2405,123884,304254054,73609927615,29502977,KSQ,기술성장기업부,자연과학 및 공학 연구개발업
1677,263800,KR7263800005,데이타솔루션,KOSDAQ,중견기업부,4525,1,200,4.62,4355,4580,4355,39748,177301385,73419844500,16225380,KSQ,중견기업부,기계장비 및 관련 물품 도매업
1678,014470,KR7014470009,부방,KOSDAQ,벤처기업부,1221,1,52,4.45,1175,1246,1172,86940,105894274,73323809460,60052260,KSQ,벤처기업부,부동산 임대 및 공급업
1679,056360,KR7056360001,코위버,KOSDAQ,벤처기업부,7480,1,640,9.36,7150,7710,7090,162408,1203403140,73280064000,9796800,KSQ,벤처기업부,통신 및 방송 장비 제조업
1680,041910,KR7041910001,폴라리스AI파마,KOSDAQ,우량기업부,5510,1,230,4.36,5360,5690,5300,74082,407279470,73191258500,13283350,KSQ,우량기업부,의약품 제조업
1681,391710,KR7391710001,코닉오토메이션,KOSDAQ,벤처기업부,1716,1,124,7.79,1600,1718,1600,71411,120284222,73136726520,42620470,KSQ,벤처기업부,특수 목적용 기계 제조업
1682,373200,KR7373200005,엑스플러스,KOSDAQ,벤처기업부,2915,1,265,10.0,2700,2915,2675,84955,236745085,73001035855,25043237,KSQ,벤처기업부,그외 기타 제품 제조업
1683,004720,KR7004720009,팜젠사이언스,KOSPI,,3215,1,95,3.04,3125,3275,3105,57552,183693905,72833783475,22654365,STK,,의약품 제조업
1684,241690,KR7241690007,유니테크노,KOSDAQ,우량기업부,2975,1,185,6.63,2815,2980,2815,31766,91754816,72800350350,24470706,KSQ,우량기업부,자동차 신품 부품 제조업
1685,459100,KR7459100004,위츠,KOSDAQ,중견기업부,5400,1,200,3.85,5320,5420,5000,46977,247923970,72716940000,13466100,KSQ,중견기업부,전자부품 제조업
1686,000850,KR7000850008,화천기공,KOSPI,,33050,1,750,2.32,32350,33200,32350,4254,140182050,72710000000,2200000,STK,,특수 목적용 기계 제조업
1687,053280,KR7053280004,예스24,KOSDAQ,중견기업부,2905,1,65,2.29,2845,2910,2835,12613,36283030,72625000000,25000000,KSQ,중견기업부,무점포 소매업
1688,120115,KR7120111000,코오롱인더우,KOSPI,,26200,1,1150,4.59,25400,26700,25400,14854,387602875,72517932000,2767860,STK,,
1689,216050,KR7216050005,인크로스,KOSDAQ,중견기업부,5940,1,120,2.06,5830,6000,5740,65623,386407695,72459814680,12198622,KSQ,중견기업부,광고업
1690,126880,KR7126880004,제이엔케이글로벌,KOSDAQ,우량기업부,3115,1,30,0.97,3050,3195,2985,49717,155203154,72283272845,23204903,KSQ,우량기업부,일반 목적용 기계 제조업
1691,081180,KR7081180002,쎄크,KOSDAQ,기술성장기업부,8180,1,270,3.41,8100,8300,8000,40791,332948700,72192876300,8825535,KSQ,기술성장기업부,일반 목적용 기계 제조업
1692,100220,KR7100220003,비상교육,KOSPI,,5550,1,180,3.35,5360,5590,5300,33376,181710970,72131912550,12996741,STK,,"서적, 잡지 및 기타 인쇄물 출판업"
1693,228670,KR7228670006,레이,KOSDAQ,벤처기업부,4610,1,60,1.32,4590,4780,4510,51121,235155907,72100496810,15640021,KSQ,벤처기업부,의료용 기기 제조업
1694,448710,KR7448710004,코츠테크놀로지,KOSDAQ,벤처기업부,13640,1,290,2.17,13800,13800,13120,43133,580258765,72091382880,5285292,KSQ,벤처기업부,컴퓨터 및 주변장치 제조업
1695,478560,KR7478560006,블랙야크아이앤씨,KOSDAQ,벤처기업부,2785,1,85,3.15,2745,2900,2745,10573,29672796,71937379930,25830298,KSQ,벤처기업부,신발 및 신발 부분품 제조업
1696,234920,KR7234920007,자이글,KOSDAQ,관리종목(소속부없음),5310,0,0,0.0,0,0,0,0,0,71849132100,13530910,KSQ,관리종목(소속부없음),가정용 기기 제조업
1697,000180,KR7000180000,성창기업지주,KOSPI,,5140,1,100,1.98,5010,5170,5010,13247,67373380,71704644800,13950320,STK,,회사 본부 및 경영 컨설팅 서비스업
1698,168330,KR7168330009,내츄럴엔도텍,KOSDAQ,투자주의환기종목(소속부없음),2255,1,35,1.58,2220,2305,2150,21038,47022210,71607299500,31754900,KSQ,투자주의환기종목(소속부없음),자연과학 및 공학 연구개발업
1699,128660,KR7128660008,피제이메탈,KOSDAQ,우량기업부,2885,1,85,3.04,2815,2890,2815,72625,207230850,71557719565,24803369,KSQ,우량기업부,1차 비철금속 제조업
1700,111710,KR7111710000,남화산업,KOSDAQ,중견기업부,3475,1,30,0.87,3450,3490,3395,711,2456570,71543300000,20588000,KSQ,중견기업부,스포츠 서비스업
1701,007820,KR7007820004,엠엑스로보틱스,KOSDAQ,중견기업부,3570,1,260,7.85,3325,3630,3325,237353,832673575,71521187220,20033946,KSQ,중견기업부,일반 목적용 기계 제조업
1702,033130,KR7033130006,디지틀조선,KOSDAQ,중견기업부,1927,1,15,0.78,1961,2075,1921,59624,118725218,71521119509,37115267,KSQ,중견기업부,"자료처리, 호스팅, 포털 및 기타 인터넷 정보매개 서비스업"
1703,032850,KR7032850000,비트컴퓨터,KOSDAQ,벤처기업부,4300,1,105,2.5,4235,4350,4200,20291,86807135,71480159900,16623293,KSQ,벤처기업부,소프트웨어 개발 및 공급업
1704,002800,KR7002800001,신신제약,KOSDAQ,우량기업부,4695,1,160,3.53,4535,4725,4535,24542,113071980,71225497500,15170500,KSQ,우량기업부,의약품 제조업
1705,094860,KR7094860004,네오리진,KOSDAQ,중견기업부,1341,1,20,1.51,1365,1388,1321,84726,114575229,71220528774,53110014,KSQ,중견기업부,소프트웨어 개발 및 공급업
1706,347860,KR7347860009,알체라,KOSDAQ,중견기업부,1721,1,1,0.06,1720,1742,1662,214238,365108587,71078940113,41300953,KSQ,중견기업부,소프트웨어 개발 및 공급업
1707,079980,KR7079980009,휴비스,KOSPI,,2060,1,85,4.3,2000,2125,1980,114081,231678393,71070000000,34500000,STK,,화학섬유 제조업
1708,443250,KR7443250006,레뷰코퍼레이션,KOSDAQ,벤처기업부,6370,1,250,4.08,6150,6380,6080,8622,53886190,70947531200,11137760,KSQ,벤처기업부,광고업
1709,045660,KR7045660008,에이텍,KOSDAQ,우량기업부,8580,1,100,1.18,8450,8700,8450,18470,158851160,70870800000,8260000,KSQ,우량기업부,일반 목적용 기계 제조업
1710,105740,KR7105740005,디케이락,KOSDAQ,우량기업부,6960,1,210,3.11,6900,7290,6830,37908,262833610,70772850480,10168513,KSQ,우량기업부,일반 목적용 기계 제조업
1711,081150,KR7081150005,티플랙스,KOSDAQ,중견기업부,2915,1,150,5.42,2820,2940,2810,225304,648589625,70742391830,24268402,KSQ,중견기업부,1차 비철금속 제조업
1712,003780,KR7003780004,진양산업,KOSPI,,5440,1,140,2.64,5300,5480,5270,128336,689089500,70720000000,13000000,STK,,플라스틱제품 제조업
1713,463480,KR7463480004,모티브링크,KOSDAQ,중견기업부,5700,1,90,1.6,5660,5770,5480,47850,268451420,70625040600,12390358,KSQ,중견기업부,전자부품 제조업
1714,039610,KR7039610001,화성밸브,KOSDAQ,우량기업부,6780,1,480,7.62,6500,6850,6500,55402,370751190,70582512000,10410400,KSQ,우량기업부,일반 목적용 기계 제조업
1715,299170,KR7299170001,더블유에스아이,KOSDAQ,중견기업부,1700,1,105,6.58,1600,1700,1600,201409,332340248,70569189600,41511288,KSQ,중견기업부,생활용품 도매업
1716,036000,KR7036000008,예림당,KOSDAQ,중견기업부,3060,1,45,1.49,3180,3180,3020,51245,156690830,70484887620,23034277,KSQ,중견기업부,"서적, 잡지 및 기타 인쇄물 출판업"
1717,067370,KR7067370007,선바이오,KOSDAQ,기술성장기업부,5780,2,-30,-0.52,5810,6090,5550,8118,46105980,70478747900,12193555,KSQ,기술성장기업부,의약품 제조업
1718,038460,KR7038460002,바이오스마트,KOSDAQ,우량기업부,2780,1,90,3.35,2715,2815,2715,130703,360871069,70263226760,25274542,KSQ,우량기업부,전자부품 제조업
1719,162300,KR7162300008,신스틸,KOSDAQ,우량기업부,1692,1,65,4.0,1613,1694,1595,31023,50935865,70169578344,41471382,KSQ,우량기업부,1차 철강 제조업
1720,060310,KR7060310000,3S,KOSDAQ,벤처기업부,1318,1,108,8.93,1225,1347,1225,403463,522711859,69931814720,53059040,KSQ,벤처기업부,"측정, 시험, 항해, 제어 및 기타 정밀기기 제조업; 광학기기 제외"
1721,073640,KR7073640005,테라사이언스,KOSDAQ,관리종목(소속부없음),654,0,0,0.0,0,0,0,0,0,69571715580,106378770,KSQ,관리종목(소속부없음),기타 금속 가공제품 제조업
1722,044340,KR7044340008,위닉스,KOSDAQ,중견기업부,3890,1,295,8.21,3615,3920,3615,14302,54547715,69527623250,17873425,KSQ,중견기업부,가정용 기기 제조업
1723,016090,KR7016090003,대현,KOSPI,,1570,1,29,1.88,1545,1589,1545,28205,44214778,69523226700,44282310,STK,,봉제의복 제조업
1724,101140,KR7101140002,인바이오젠,KOSPI,,6920,1,120,1.76,6830,7170,6800,3171,21955110,69505974720,10044216,STK,,기계장비 및 관련 물품 도매업
1725,082850,KR7082850009,우리바이오,KOSDAQ,중견기업부,1434,1,47,3.39,1387,1450,1387,86264,122923287,69486732852,48456578,KSQ,중견기업부,기타 식품 제조업
1726,097800,KR7097800007,윈팩,KOSDAQ,중견기업부,2545,1,110,4.52,3000,3160,2440,1940908,5367940788,69453164525,27290045,KSQ,중견기업부,반도체 제조업
1727,263600,KR7263600009,덕우전자,KOSDAQ,중견기업부,4355,1,160,3.81,4300,4390,4235,26977,116128100,69376500050,15930310,KSQ,중견기업부,전자부품 제조업
1728,038680,KR7038680005,에스넷,KOSDAQ,우량기업부,3475,1,110,3.27,3410,3510,3380,64840,224571672,69196430950,19912642,KSQ,우량기업부,"컴퓨터 프로그래밍, 시스템 통합 및 관리업"
1729,048770,KR7048770002,TPC로보틱스,KOSDAQ,벤처기업부,4405,1,200,4.76,4290,4560,4290,316461,1402906528,69149650355,15697991,KSQ,벤처기업부,일반 목적용 기계 제조업
1730,196490,KR7196490007,디에이테크놀로지,KOSDAQ,투자주의환기종목(소속부없음),6090,0,0,0.0,0,0,0,0,0,69131518050,11351645,KSQ,투자주의환기종목(소속부없음),특수 목적용 기계 제조업
1731,039020,KR7039020003,이건홀딩스,KOSDAQ,중견기업부,3060,1,105,3.55,2955,3080,2955,54155,164651820,69109209540,22584709,KSQ,중견기업부,제재 및 목재 가공업
1732,092300,KR7092300003,현우산업,KOSDAQ,우량기업부,3425,1,35,1.03,3460,3555,3395,79453,273571222,69013308175,20149871,KSQ,우량기업부,전자부품 제조업
1733,043710,KR7043710003,코스리거글로벌,KOSDAQ,중견기업부,3985,1,45,1.14,3910,4070,3900,1211,4788720,68990320470,17312502,KSQ,중견기업부,기타 전문 도매업
1734,025550,KR7025550005,한국선재,KOSDAQ,중견기업부,2700,1,95,3.65,2650,2730,2635,152487,408757147,68887810800,25514004,KSQ,중견기업부,1차 철강 제조업
1735,153710,KR7153710009,옵티팜,KOSDAQ,기술성장기업부,4695,1,115,2.51,4785,4785,4555,2011,9297747,68875452810,14669958,KSQ,기술성장기업부,의료용품 및 기타 의약 관련제품 제조업
1736,013360,KR7013360003,일성건설,KOSPI,,1273,1,71,5.91,1273,1409,1241,408742,537160221,68773672240,54024880,STK,,토목 건설업
1737,049480,KR7049480007,오픈베이스,KOSDAQ,우량기업부,2180,1,50,2.35,2145,2195,2120,165268,355169131,68500794940,31422383,KSQ,우량기업부,"컴퓨터 프로그래밍, 시스템 통합 및 관리업"
1738,155660,KR7155660004,DSR,KOSPI,,4280,1,120,2.88,4195,4280,4170,21407,90540545,68480000000,16000000,STK,,1차 비철금속 제조업
1739,204840,KR7204840003,지엘팜텍,KOSDAQ,기술성장기업부,883,2,-7,-0.79,890,934,872,44961,39851963,68475772298,77549006,KSQ,기술성장기업부,생활용품 도매업
1740,338100,KR7338100001,NH프라임리츠,KOSPI,,3660,1,25,0.69,3640,3735,3610,28625,104283080,68295600000,18660000,STK,,부동산 임대 및 공급업
1741,315640,KR7315640003,딥노이드,KOSDAQ,기술성장기업부,2325,1,105,4.73,2240,2380,2240,113983,265567050,68290439400,29372232,KSQ,기술성장기업부,소프트웨어 개발 및 공급업
1742,068290,KR7068290006,삼성출판사,KOSPI,,6800,1,180,2.72,6620,6950,6620,18019,122556840,68000000000,10000000,STK,,"서적, 잡지 및 기타 인쇄물 출판업"
1743,002795,KR7002791002,아모레퍼시픽홀딩스우,KOSPI,,10650,2,-30,-0.28,10720,10840,10520,11391,121424830,67959481800,6381172,STK,,
1744,003310,KR7003310000,대주산업,KOSDAQ,우량기업부,1919,1,49,2.62,1875,1920,1866,235412,446375950,67917919650,35392350,KSQ,우량기업부,동물용 사료 및 조제식품 제조업
1745,013700,KR7013700000,까뮤이앤씨,KOSPI,,1133,1,12,1.07,1178,1181,1120,44025,50505258,67697690390,59750830,STK,,건물 건설업
1746,137950,KR7137950002,제이씨케미칼,KOSDAQ,우량기업부,3040,2,-30,-0.98,3070,3075,2975,60147,181568680,67694154560,22267814,KSQ,우량기업부,기타 화학제품 제조업
1747,060570,KR7060570009,드림어스컴퍼니,KOSDAQ,중견기업부,913,1,79,9.47,815,926,792,159739,141263561,67654736149,74101573,KSQ,중견기업부,영상·오디오물 제공 서비스업
1748,000220,KR7000220004,유유제약,KOSPI,,3970,1,115,2.98,3860,3990,3860,77085,303712710,67618433470,17032351,STK,,의약품 제조업
1749,109860,KR7109860007,동일금속,KOSDAQ,우량기업부,7430,1,50,0.68,7390,7430,7340,1013,7479440,67613000000,9100000,KSQ,우량기업부,금속 주조업
1750,347000,KR7347000002,센코,KOSDAQ,기술성장기업부,1786,1,59,3.42,1770,1820,1736,23747,42051441,67530170956,37810846,KSQ,기술성장기업부,"측정, 시험, 항해, 제어 및 기타 정밀기기 제조업; 광학기기 제외"
1751,332370,KR7332370006,아이디피,KOSDAQ,벤처기업부,5080,3,0,0.0,5080,5110,5080,7088,36075620,67430528080,13273726,KSQ,벤처기업부,컴퓨터 및 주변장치 제조업
1752,003925,KR7003921004,남양유업우,KOSPI,,33700,2,-50,-0.15,33750,35700,33700,1639,55836600,67400000000,2000000,STK,,
1753,214260,KR7214260002,라파스,KOSDAQ,기술성장기업부,7550,1,550,7.86,7000,7560,7000,20550,151458690,67364595650,8922463,KSQ,기술성장기업부,기타 화학제품 제조업
1754,251630,KR7251630000,브이원텍,KOSDAQ,벤처기업부,4220,1,190,4.71,4130,4240,4040,47888,199352435,67278978920,15942886,KSQ,벤처기업부,특수 목적용 기계 제조업
1755,205470,KR7205470008,휴마시스,KOSDAQ,중견기업부,2720,1,70,2.64,2650,2805,2650,33676,92012316,67116002720,24675001,KSQ,중견기업부,의료용품 및 기타 의약 관련제품 제조업
1756,417790,KR7417790003,트루엔,KOSDAQ,벤처기업부,6400,1,80,1.27,6360,6550,6320,10098,64532175,66997702400,10468391,KSQ,벤처기업부,영상 및 음향기기 제조업
1757,080010,KR7080010002,이상네트웍스,KOSDAQ,중견기업부,6800,1,120,1.8,6680,6910,6600,1400,9299820,66878482800,9835071,KSQ,중견기업부,상품 중개업
1758,046210,KR7046210001,HLB파나진,KOSDAQ,벤처기업부,1464,1,37,2.59,1430,1475,1427,39481,57316921,66652933440,45527960,KSQ,벤처기업부,의료용품 및 기타 의약 관련제품 제조업
1759,041460,KR7041460007,한국전자인증,KOSDAQ,중견기업부,3505,1,310,9.7,3405,3550,3345,129424,445336646,66595000000,19000000,KSQ,중견기업부,소프트웨어 개발 및 공급업
1760,065530,KR7065530008,와이어블,KOSDAQ,우량기업부,1391,1,61,4.59,1378,1400,1360,105281,146048643,66543713769,47838759,KSQ,우량기업부,전기 통신업
1761,083790,KR7083790006,CG인바이츠,KOSDAQ,벤처기업부,865,1,24,2.85,841,875,836,56809,48666782,66513467430,76894182,KSQ,벤처기업부,자연과학 및 공학 연구개발업
1762,064800,KR7064800006,포니링크,KOSDAQ,중견기업부,2595,1,5,0.19,2600,2830,2510,20591,53598710,66331986105,25561459,KSQ,중견기업부,"섬유, 의복, 신발 및 가죽제품 소매업"
1763,048910,KR7048910004,대원미디어,KOSDAQ,우량기업부,5260,1,230,4.57,5100,5310,5100,24842,129416870,66165255960,12578946,KSQ,우량기업부,기타 전문 도매업
1764,461030,KR7461030009,아이엠비디엑스,KOSDAQ,기술성장기업부,4605,1,245,5.62,4370,4700,4370,17873,82106160,66010450785,14334517,KSQ,기술성장기업부,자연과학 및 공학 연구개발업
1765,191420,KR7191420009,테고사이언스,KOSDAQ,벤처기업부,8140,1,240,3.04,7920,8290,7900,2638,21248850,66005908760,8108834,KSQ,벤처기업부,기초 의약물질 제조업
1766,012790,KR7012790002,신일제약,KOSDAQ,우량기업부,5500,1,160,3.0,5290,5560,5290,30819,169415120,65925282500,11986415,KSQ,우량기업부,의약품 제조업
1767,061250,KR7061250007,화일약품,KOSDAQ,우량기업부,7820,1,120,1.56,7990,7990,7620,3400,26490550,65825506880,8417584,KSQ,우량기업부,의약품 제조업
1768,010040,KR7010040004,한국내화,KOSPI,,1602,1,95,6.3,1577,1630,1535,38169,59363257,65789433324,41067062,STK,,"내화, 비내화 요업제품 제조업"
1769,140070,KR7140070004,서플러스글로벌,KOSDAQ,벤처기업부,1776,1,9,0.51,1790,1830,1751,95901,170295954,65690688000,36988000,KSQ,벤처기업부,기계장비 및 관련 물품 도매업
1770,198440,KR7198440000,강동씨앤엘,KOSDAQ,중견기업부,1078,1,28,2.67,1031,1100,1026,125111,130971523,65684583888,60931896,KSQ,중견기업부,"시멘트, 석회, 플라스터 및 그 제품 제조업"
1771,123420,KR7123420002,위메이드플레이,KOSDAQ,우량기업부,6310,1,220,3.61,6100,6340,6100,22780,141248290,65630568710,10401041,KSQ,우량기업부,소프트웨어 개발 및 공급업
1772,215360,KR7215360009,우리산업,KOSDAQ,우량기업부,7180,1,250,3.61,7180,7340,7070,9748,69761340,65568930340,9132163,KSQ,우량기업부,자동차 신품 부품 제조업
1773,072130,KR7072130008,유엔젤,KOSPI,,5150,1,50,0.98,5100,5240,5080,43860,226678580,65381588100,12695454,STK,,"자료처리, 호스팅, 포털 및 기타 인터넷 정보매개 서비스업"
1774,222110,KR7222110009,팬젠,KOSDAQ,기술성장기업부,4830,1,230,5.0,4600,4830,4595,20244,96189025,65275078470,13514509,KSQ,기술성장기업부,의약품 제조업
1775,099220,KR7099220006,SDN,KOSDAQ,중견기업부,1004,1,54,5.68,952,1017,952,327403,325223495,65204127400,64944350,KSQ,중견기업부,기계장비 및 관련 물품 도매업
1776,033230,KR7033230004,인성정보,KOSDAQ,중견기업부,1285,1,40,3.21,1256,1298,1252,128456,163521365,64912263300,50515380,KSQ,중견기업부,"컴퓨터 프로그래밍, 시스템 통합 및 관리업"
1777,003010,KR7003010006,혜인,KOSPI,,5100,1,400,8.51,5000,5160,4990,189437,958111710,64835009700,12712747,STK,,기계장비 및 관련 물품 도매업
1778,311690,KR7311690002,CJ 바이오사이언스,KOSDAQ,기술성장기업부,4950,1,50,1.02,4905,5040,4900,4752,23505405,64674036900,13065462,KSQ,기술성장기업부,자연과학 및 공학 연구개발업
1779,010240,KR7010240000,흥국,KOSDAQ,우량기업부,5510,1,190,3.57,5370,5530,5330,11016,59812310,64500060000,11706000,KSQ,우량기업부,특수 목적용 기계 제조업
1780,009770,KR7009770009,삼정펄프,KOSPI,,25750,1,200,0.78,25500,25850,25400,964,24642500,64374253250,2499971,STK,,"펄프, 종이 및 판지 제조업"
1781,155650,KR7155650005,와이엠씨,KOSDAQ,우량기업부,3385,1,85,2.58,3305,3410,3270,42066,140666635,64228201830,18974358,KSQ,우량기업부,전자부품 제조업
1782,104620,KR7104620000,노랑풍선,KOSDAQ,중견기업부,3815,1,150,4.09,3900,3900,3780,48890,186435775,64132255880,16810552,KSQ,중견기업부,여행사 및 기타 여행보조 서비스업
1783,071670,KR7071670004,에이테크솔루션,KOSDAQ,중견기업부,6400,1,480,8.11,6140,6400,5960,16620,103478430,64000000000,10000000,KSQ,중견기업부,특수 목적용 기계 제조업
1784,061040,KR7061040002,알에프텍,KOSDAQ,중견기업부,7060,1,410,6.17,6720,7070,6720,13100,89910050,63880454380,9048223,KSQ,중견기업부,통신 및 방송 장비 제조업
1785,424980,KR7424980001,마이크로투나노,KOSDAQ,기술성장기업부,10750,1,1550,16.85,9360,10850,9360,27146,275248120,63628067500,5918890,KSQ,기술성장기업부,반도체 제조업
1786,053450,KR7053450003,세코닉스,KOSDAQ,우량기업부,4300,1,135,3.24,4200,4375,4200,23006,98637830,63609052900,14792803,KSQ,우량기업부,사진장비 및 광학기기 제조업
1787,007280,KR7007280001,한국특강,KOSPI,,2220,1,80,3.74,2155,2255,2095,32279,70612440,63595318800,28646540,STK,,1차 철강 제조업
1788,452400,KR7452400005,이닉스,KOSDAQ,우량기업부,7010,1,470,7.19,6760,7030,6640,8139,56098430,63590710280,9071428,KSQ,우량기업부,자동차 신품 부품 제조업
1789,010660,KR7010660009,화천기계,KOSPI,,2890,1,70,2.48,2870,2935,2820,233672,671477476,63580000000,22000000,STK,,특수 목적용 기계 제조업
1790,033320,KR7033320003,제이씨현시스템,KOSDAQ,벤처기업부,3325,1,85,2.62,3260,3350,3260,43528,143858800,63555486400,19114432,KSQ,벤처기업부,기계장비 및 관련 물품 도매업
1791,091440,KR7091440008,한울소재과학,KOSDAQ,투자주의환기종목(소속부없음),1903,1,61,3.31,1930,2030,1840,102328,192420370,63526893694,33382498,KSQ,투자주의환기종목(소속부없음),통신 및 방송 장비 제조업
1792,094850,KR7094850005,참좋은여행,KOSDAQ,우량기업부,4515,1,215,5.0,4355,4535,4355,18055,80509462,63210000000,14000000,KSQ,우량기업부,여행사 및 기타 여행보조 서비스업
1793,215790,KR7215790007,이노인스트루먼트,KOSDAQ,중견기업부,1569,1,24,1.55,1635,1700,1540,3351901,5369018114,63204260781,40283149,KSQ,중견기업부,통신 및 방송 장비 제조업
1794,071090,KR7071090005,하이스틸,KOSPI,,3130,1,120,3.99,3050,3165,3050,84947,264922230,63199304230,20191471,STK,,1차 철강 제조업
1795,024910,KR7024910002,경창산업,KOSDAQ,중견기업부,1764,1,41,2.38,1725,1791,1700,97907,171124822,63184724820,35819005,KSQ,중견기업부,자동차 신품 부품 제조업
1796,070300,KR7070300009,엑스큐어,KOSDAQ,중견기업부,1777,1,67,3.92,1814,1920,1620,1394002,2430550138,63127443433,35524729,KSQ,중견기업부,소프트웨어 개발 및 공급업
1797,241790,KR7241790005,티이엠씨씨엔에스,KOSDAQ,우량기업부,6310,1,510,8.79,5950,6310,5950,29436,182476610,63116620540,10002634,KSQ,우량기업부,특수 목적용 기계 제조업
1798,384470,KR7384470001,코어라인소프트,KOSDAQ,기술성장기업부,3510,1,210,6.36,3300,3570,3300,84155,291773473,62992888920,17946692,KSQ,기술성장기업부,소프트웨어 개발 및 공급업
1799,095270,KR7095270005,웨이브일렉트로,KOSDAQ,벤처기업부,4380,1,95,2.22,4325,4490,4290,115002,503975580,62951138280,14372406,KSQ,벤처기업부,"측정, 시험, 항해, 제어 및 기타 정밀기기 제조업; 광학기기 제외"
1800,046940,KR7046940003,우원개발,KOSDAQ,우량기업부,3475,1,145,4.35,3430,3650,3380,115496,399503620,62808366250,18074350,KSQ,우량기업부,기반조성 및 시설물 축조관련 전문공사업
1801,109080,KR7109080002,옵티시스,KOSDAQ,벤처기업부,11140,1,530,5.0,10750,11250,10750,29853,330527825,62785040000,5636000,KSQ,벤처기업부,통신 및 방송 장비 제조업
1802,094940,KR7094940004,푸른로보틱스,KOSDAQ,벤처기업부,7500,1,460,6.53,7350,7670,7190,75881,565243865,62710395000,8361386,KSQ,벤처기업부,컴퓨터 및 주변장치 제조업
1803,006880,KR7006880009,신송홀딩스,KOSPI,,5300,1,100,1.92,5240,5360,5080,30248,158990790,62692947400,11828858,STK,,산업용 농·축산물 및 동·식물 도매업
1804,027830,KR7027830009,대성창투,KOSDAQ,중견기업부,1160,1,37,3.29,1145,1170,1129,99008,112940286,62640000000,54000000,KSQ,중견기업부,신탁업 및 집합투자업
1805,246690,KR7246690002,TS인베스트먼트,KOSDAQ,중견기업부,1317,0,0,0.0,0,0,0,0,0,62631711633,47556349,KSQ,중견기업부,신탁업 및 집합투자업
1806,009200,KR7009200007,무림페이퍼,KOSPI,,1505,1,43,2.94,1464,1518,1464,68462,102281138,62622011550,41609310,STK,,"펄프, 종이 및 판지 제조업"
1807,005670,KR7005670005,푸드웰,KOSDAQ,우량기업부,6260,1,70,1.13,6200,6280,6100,7560,46714830,62600000000,10000000,KSQ,우량기업부,"과실, 채소 가공 및 저장 처리업"
1808,001840,KR7001840008,이화공영,KOSDAQ,관리종목(소속부없음),2215,0,0,0.0,0,0,0,0,0,62588831935,28256809,KSQ,관리종목(소속부없음),건물 건설업
1809,024900,KR7024900003,디와이덕양,KOSPI,,1920,1,49,2.62,1872,1975,1872,108718,209612666,62524761600,32564980,STK,,자동차 신품 부품 제조업
1810,012690,KR7012690004,모나리자,KOSPI,,1709,1,40,2.4,1669,1715,1669,12941,22023380,62500274795,36571255,STK,,기타 종이 및 판지 제품 제조업
1811,217500,KR7217500008,러셀,KOSDAQ,벤처기업부,1964,1,139,7.62,1887,1970,1848,279404,531967262,62478768000,31812000,KSQ,벤처기업부,특수 목적용 기계 제조업
1812,039420,KR7039420005,케이엘넷,KOSDAQ,중견기업부,2720,1,60,2.26,2670,2750,2665,41472,112065010,62415823680,22946994,KSQ,중견기업부,전기 통신업
1813,010770,KR7010770006,평화홀딩스,KOSPI,,4260,2,-50,-1.16,4355,4355,4225,36285,154652344,62304485160,14625466,STK,,자동차 신품 부품 제조업
1814,294090,KR7294090006,이오플로우,KOSDAQ,관리종목(소속부없음),1490,0,0,0.0,0,0,0,0,0,62295566450,41809105,KSQ,관리종목(소속부없음),의료용 기기 제조업
1815,088910,KR7088910005,동우팜투테이블,KOSDAQ,우량기업부,2410,1,70,2.99,2345,2495,2345,214527,518908255,62254551240,25831764,KSQ,우량기업부,"도축, 육류 가공 및 저장 처리업"
1816,331380,KR7331380006,포커스에이아이,KOSDAQ,투자주의환기종목(소속부없음),1918,1,110,6.08,1821,1945,1799,32466,59884655,62165235902,32411489,KSQ,투자주의환기종목(소속부없음),영상 및 음향기기 제조업
1817,089850,KR7089850002,유비벨록스,KOSDAQ,우량기업부,4215,1,60,1.44,4170,4265,4120,15257,63622870,62087788785,14730199,KSQ,우량기업부,소프트웨어 개발 및 공급업
1818,004780,KR7004780003,대륙제관,KOSDAQ,우량기업부,3900,1,65,1.69,3865,3900,3835,22492,87135160,62022476100,15903199,KSQ,우량기업부,기타 금속 가공제품 제조업
1819,145170,KR7145170007,노브랜드,KOSDAQ,중견기업부,3665,1,90,2.52,3620,3675,3580,42150,152691150,61969304325,16908405,KSQ,중견기업부,편조의복 제조업
1820,088280,KR7088280003,쏘닉스,KOSDAQ,기술성장기업부,3580,1,180,5.29,3630,3650,3410,82788,294119156,61957234200,17306490,KSQ,기술성장기업부,반도체 제조업
1821,317850,KR7317850006,대모,KOSDAQ,벤처기업부,7440,1,710,10.55,7350,8000,7060,180452,1345116455,61933684800,8324420,KSQ,벤처기업부,특수 목적용 기계 제조업
1822,136410,KR7136410008,아셈스,KOSDAQ,벤처기업부,5620,1,150,2.74,5590,5700,5530,6869,38557310,61927375720,11019106,KSQ,벤처기업부,플라스틱제품 제조업
1823,043650,KR7043650001,국순당,KOSDAQ,중견기업부,3455,1,55,1.62,3500,3500,3425,12264,42355380,61700440320,17858304,KSQ,중견기업부,알코올음료 제조업
1824,033560,KR7033560004,블루콤,KOSDAQ,중견기업부,3605,2,-80,-2.17,3685,3720,3530,21181,76160315,61645500000,17100000,KSQ,중견기업부,영상 및 음향기기 제조업
1825,185490,KR7185490000,아이진,KOSDAQ,벤처기업부,1419,2,-13,-0.91,1432,1465,1401,260844,371709547,61343063496,43229784,KSQ,벤처기업부,자연과학 및 공학 연구개발업
1826,019990,KR7019990001,에너토크,KOSDAQ,중견기업부,6270,1,290,4.85,6070,6290,6070,26446,163908245,61170671760,9756088,KSQ,중견기업부,일반 목적용 기계 제조업
1827,016250,KR7016250003,SGC E&C,KOSDAQ,중견기업부,12120,1,710,6.22,11440,12280,11440,6703,79847625,61048270320,5036986,KSQ,중견기업부,건물 건설업
1828,111110,KR7111110003,호전실업,KOSPI,,6680,1,170,2.61,6560,6710,6560,3417,22749730,60560880000,9066000,STK,,봉제의복 제조업
1829,192250,KR7192250009,케이사인,KOSDAQ,벤처기업부,8560,1,290,3.51,8490,8610,8290,15539,131978720,60494590000,7067125,KSQ,벤처기업부,소프트웨어 개발 및 공급업
1830,294140,KR7294140009,레몬,KOSDAQ,관리종목(소속부없음),2695,1,175,6.94,2595,2760,2560,36817,97624986,60407934510,22414818,KSQ,관리종목(소속부없음),화학섬유 제조업
1831,129260,KR7129260006,인터지스,KOSPI,,2030,1,79,4.05,1952,2035,1951,22737,45221050,60388184220,29747874,STK,,도로 화물 운송업
1832,049550,KR7049550007,잉크테크,KOSDAQ,우량기업부,3080,1,35,1.15,3040,3090,2995,13509,40917680,60387333160,19606277,KSQ,우량기업부,기타 화학제품 제조업
1833,004060,KR7004060000,SG세계물산,KOSPI,,2980,1,40,1.36,3015,3055,2975,55963,168245445,60322638080,20242496,STK,,상품 종합 도매업
1834,456570,KR7456570001,아이엠지티,KONEX,일반기업부,11430,1,170,1.51,11490,11490,11300,28,319350,60176709720,5264804,KNX,일반기업부,의료용품 및 기타 의약 관련제품 제조업
1835,053050,KR7053050001,지에스이,KOSDAQ,우량기업부,2005,1,22,1.11,1983,2070,1975,115329,229555158,60125131985,29987597,KSQ,우량기업부,연료용 가스 제조 및 배관공급업
1836,432430,KR7432430007,와이랩,KOSDAQ,기술성장기업부,3640,1,210,6.12,3410,3690,3350,102853,362954488,60090284800,16508320,KSQ,기술성장기업부,"영화, 비디오물, 방송프로그램 제작 및 배급업"
1837,134580,KR7134580000,탑코미디어,KOSDAQ,중견기업부,1215,2,-7,-0.57,1222,1258,1170,21519,25900707,59892391035,49294149,KSQ,중견기업부,"자료처리, 호스팅, 포털 및 기타 인터넷 정보매개 서비스업"
1838,004440,KR7004440004,삼일씨엔에스,KOSPI,,4700,1,55,1.18,4650,4790,4590,14936,69717000,59840150900,12731947,STK,,"시멘트, 석회, 플라스터 및 그 제품 제조업"
1839,027050,KR7027050004,코리아나,KOSDAQ,중견기업부,1496,1,51,3.53,1451,1499,1440,48595,71783722,59840000000,40000000,KSQ,중견기업부,기타 화학제품 제조업
1840,333620,KR7333620003,엔시스,KOSDAQ,벤처기업부,5440,1,150,2.84,5350,5500,5250,8000,43253480,59828630400,10997910,KSQ,벤처기업부,기타 전기장비 제조업
1841,004540,KR7004540001,깨끗한나라,KOSPI,,1606,2,-4,-0.25,1610,1636,1560,106262,169264302,59808552958,37240693,STK,,"펄프, 종이 및 판지 제조업"
1842,214270,KR7214270001,FSN,KOSDAQ,중견기업부,1320,1,3,0.23,1317,1358,1298,54010,71055442,59736052200,45254585,KSQ,중견기업부,소프트웨어 개발 및 공급업
1843,396690,KR7396690000,미래에셋글로벌리츠,KOSPI,,1508,1,24,1.62,1495,1510,1465,65131,97051718,59725757520,39605940,STK,,부동산 임대 및 공급업
1844,317690,KR7317690006,퀀타매트릭스,KOSDAQ,기술성장기업부,2965,1,85,2.95,2990,3015,2845,24755,72719660,59700360985,20135029,KSQ,기술성장기업부,의료용 기기 제조업
1845,246960,KR7246960009,SCL사이언스,KOSDAQ,기술성장기업부,1754,2,-16,-0.9,1732,1799,1702,19133,33606301,59665900438,34017047,KSQ,기술성장기업부,의료용품 및 기타 의약 관련제품 제조업
1846,296160,KR7296160005,프로젠,KONEX,일반기업부,3880,2,-15,-0.39,3900,3995,3600,2014,7379355,59655306520,15375079,KNX,일반기업부,자연과학 및 공학 연구개발업
1847,198080,KR7198080004,캐프,KOSDAQ,우량기업부,2770,1,115,4.33,2695,2825,2695,44663,124172800,59652462450,21535185,KSQ,우량기업부,전자부품 제조업
1848,014950,KR7014950000,삼익제약,KOSDAQ,벤처기업부,5960,1,270,4.75,5800,6000,5690,33104,192214660,59645224480,10007588,KSQ,벤처기업부,의약품 제조업
1849,008370,KR7008370009,원풍,KOSDAQ,우량기업부,4970,1,60,1.22,4910,4970,4875,19023,93943122,59640000000,12000000,KSQ,우량기업부,플라스틱제품 제조업
1850,042110,KR7042110007,에스씨디,KOSDAQ,우량기업부,1234,1,27,2.24,1207,1244,1207,60935,74425722,59638681976,48329564,KSQ,우량기업부,가정용 기기 제조업
1851,036670,KR7036670008,삼양케이씨아이,KOSDAQ,우량기업부,5290,1,10,0.19,5290,5310,5180,4578,24211010,59618300000,11270000,KSQ,우량기업부,기타 화학제품 제조업
1852,004770,KR7004770004,써니전자,KOSPI,,1679,1,33,2.0,1646,1690,1643,89554,148952611,59616988402,35507438,STK,,전자부품 제조업
1853,036120,KR7036120004,서울평가정보,KOSDAQ,중견기업부,1695,1,41,2.48,1654,1700,1650,91788,153535396,59570775000,35145000,KSQ,중견기업부,기타 정보 서비스업
1854,054930,KR7054930003,유신,KOSDAQ,우량기업부,19850,1,1250,6.72,19520,20200,19310,13612,267218850,59550000000,3000000,KSQ,우량기업부,"건축기술, 엔지니어링 및 관련 기술 서비스업"
1855,045340,KR7045340007,토탈소프트,KOSDAQ,벤처기업부,6950,2,-10,-0.14,6940,7120,6900,24761,173463390,59478378000,8558040,KSQ,벤처기업부,소프트웨어 개발 및 공급업
1856,163280,KR7163280001,에어레인,KOSDAQ,기술성장기업부,4370,1,240,5.81,4150,4385,4150,24225,104060162,59445450860,13603078,KSQ,기술성장기업부,일반 목적용 기계 제조업
1857,175140,KR7175140003,휴먼테크놀로지,KOSDAQ,투자주의환기종목(소속부없음),2380,1,10,0.42,2440,2440,2250,43535,100964255,59367322140,24944253,KSQ,투자주의환기종목(소속부없음),통신 및 방송 장비 제조업
1858,039240,KR7039240007,경남스틸,KOSDAQ,우량기업부,2200,1,70,3.29,2190,2215,2140,62824,137114425,59355128800,26979604,KSQ,우량기업부,1차 철강 제조업
1859,378850,KR7378850002,화승알앤에이,KOSPI,,3125,1,100,3.31,3075,3130,3030,26011,80141285,59355071875,18993623,STK,,자동차 신품 부품 제조업
1860,065440,KR7065440000,이루온,KOSDAQ,벤처기업부,2175,1,100,4.82,2155,2220,2117,284503,620121010,59323168500,27275020,KSQ,벤처기업부,소프트웨어 개발 및 공급업
1861,064240,KR7064240005,홈캐스트,KOSDAQ,벤처기업부,1708,1,78,4.79,1670,1708,1631,72875,121977973,59257780708,34694251,KSQ,벤처기업부,기타 전문 도매업
1862,222420,KR7222420002,쎄노텍,KOSDAQ,벤처기업부,1222,1,42,3.56,1240,1240,1191,94929,115599874,59167435106,48418523,KSQ,벤처기업부,기타 비금속 광물제품 제조업
1863,263690,KR7263690000,디알젬,KOSDAQ,우량기업부,5210,1,90,1.76,5130,5250,5090,15260,78753130,59006428100,11325610,KSQ,우량기업부,의료용 기기 제조업
1864,010470,KR7010470003,오리콤,KOSDAQ,우량기업부,4925,1,195,4.12,4825,4940,4800,8336,40615534,58977121250,11975050,KSQ,우량기업부,광고업
1865,000725,KR7000721001,현대건설우,KOSPI,,55900,1,3600,6.88,56500,57800,55000,4105,229920100,58957338700,1054693,STK,,
1866,382150,KR7382150001,온코크로스,KOSDAQ,기술성장기업부,4820,1,140,2.99,4725,4945,4650,24451,116917870,58784512740,12195957,KSQ,기술성장기업부,자연과학 및 공학 연구개발업
1867,002630,KR7002630002,오리엔트바이오,KOSPI,,991,1,13,1.33,978,1020,960,279475,274692479,58757878482,59291502,STK,,의약품 제조업
1868,0013V0,KR70013V0002,삼진식품,KOSDAQ,중견기업부,5900,1,250,4.42,5690,5940,5650,43914,254482495,58520070400,9918656,KSQ,중견기업부,수산물 가공 및 저장 처리업
1869,347740,KR7347740003,피엔케이피부임상연구센타,KOSDAQ,벤처기업부,1947,1,50,2.64,1900,1950,1899,27635,53029829,58430591472,30010576,KSQ,벤처기업부,"그외 기타 전문, 과학 및 기술 서비스업"
1870,053620,KR7053620001,태양,KOSDAQ,우량기업부,6790,1,10,0.15,6790,6800,6740,3126,21149580,58394000000,8600000,KSQ,우량기업부,기타 금속 가공제품 제조업
1871,073110,KR7073110009,엘엠에스,KOSDAQ,벤처기업부,6560,1,100,1.55,6550,6850,6480,20183,134082750,58356152800,8895755,KSQ,벤처기업부,전자부품 제조업
1872,092780,KR7092780006,DYP,KOSPI,,4420,1,95,2.2,4480,4480,4325,14898,65677700,58204593200,13168460,STK,,자동차용 엔진 및 자동차 제조업
1873,004830,KR7004830006,덕성,KOSPI,,3710,1,110,3.06,3635,3735,3635,46051,169450125,58172800000,15680000,STK,,플라스틱제품 제조업
1874,452200,KR7452200009,민테크,KOSDAQ,기술성장기업부,2400,1,110,4.8,2360,2475,2355,167611,405086832,58158720000,24232800,KSQ,기술성장기업부,"측정, 시험, 항해, 제어 및 기타 정밀기기 제조업; 광학기기 제외"
1875,099520,KR7099520009,DGI,KOSDAQ,관리종목(소속부없음),1284,0,0,0.0,0,0,0,0,0,58141862016,45281824,KSQ,관리종목(소속부없음),영상 및 음향기기 제조업
1876,067920,KR7067920009,이글루,KOSDAQ,우량기업부,5260,1,50,0.96,5220,5310,5180,40581,212427180,57839585940,10996119,KSQ,우량기업부,기타 정보 서비스업
1877,250030,KR7250030004,진코스텍,KONEX,일반기업부,19980,1,170,0.86,20000,22650,19000,397,7699080,57780821340,2891933,KNX,일반기업부,기타 화학제품 제조업
1878,075180,KR7075180000,새론오토모티브,KOSPI,,3005,2,-20,-0.66,3035,3035,3000,801,2416355,57696000000,19200000,STK,,자동차 신품 부품 제조업
1879,100030,KR7100030006,인지소프트,KOSDAQ,중견기업부,17560,1,60,0.34,17530,17790,17410,4529,79557290,57662017840,3283714,KSQ,중견기업부,소프트웨어 개발 및 공급업
1880,199550,KR7199550005,레이저옵텍,KOSDAQ,벤처기업부,3880,1,150,4.02,3700,3900,3700,23469,88878050,57601669080,14845791,KSQ,벤처기업부,의료용 기기 제조업
1881,007370,KR7007370000,진양제약,KOSDAQ,우량기업부,4070,1,100,2.52,4070,4095,4005,9398,38076654,57527769090,14134587,KSQ,우량기업부,의약품 제조업
1882,009835,KR7009831009,한화솔루션우,KOSPI,,22250,1,1400,6.71,20850,22400,20850,11708,255921650,57301515250,2575349,STK,,
1883,180060,KR7180060006,탑선,KONEX,일반기업부,6130,1,130,2.17,6200,6200,6130,112,690890,57301192580,9347666,KNX,일반기업부,기타 전기장비 제조업
1884,417860,KR7417860004,오브젠,KOSDAQ,벤처기업부,12150,1,100,0.83,12250,12800,11780,416994,5084962515,57067407900,4696906,KSQ,벤처기업부,소프트웨어 개발 및 공급업
1885,006980,KR7006980007,우성,KOSPI,,18450,1,940,5.37,17370,18455,17370,1910,34534540,57010500000,3090000,STK,,"곡물가공품, 전분 및 전분제품 제조업"
1886,092440,KR7092440007,기신정기,KOSPI,,1949,1,61,3.23,1890,1975,1890,21898,42322636,56910800000,29200000,STK,,특수 목적용 기계 제조업
1887,273060,KR7273060004,와이즈버즈,KOSDAQ,중견기업부,1123,1,27,2.46,1100,1165,1097,110882,125308765,56666110586,50459582,KSQ,중견기업부,광고업
1888,271830,KR7271830002,팸텍,KOSDAQ,벤처기업부,1920,2,-40,-2.04,1990,2180,1781,3198535,6328293195,56621187840,29490202,KSQ,벤처기업부,특수 목적용 기계 제조업
1889,002760,KR7002760007,보락,KOSPI,,941,1,27,2.95,915,942,915,86063,80129782,56365900000,59900000,STK,,기타 화학제품 제조업
1890,480370,KR7480370006,씨케이솔루션,KOSPI,,1730,1,100,6.13,1606,1749,1606,120644,202217612,56192835840,32481408,STK,,일반 목적용 기계 제조업
1891,446840,KR7446840001,지슨,KOSDAQ,기술성장기업부,1020,1,12,1.19,1000,1029,956,48885,48027292,56184744660,55083083,KSQ,기술성장기업부,"측정, 시험, 항해, 제어 및 기타 정밀기기 제조업; 광학기기 제외"
1892,460470,KR7460470008,아이빔테크놀로지,KOSDAQ,기술성장기업부,3710,1,185,5.25,3685,3835,3545,50046,187355935,56092862700,15119370,KSQ,기술성장기업부,사진장비 및 광학기기 제조업
1893,950220,KR8840140006,네오이뮨텍,KOSDAQ,기술성장기업부,1671,1,71,4.44,1600,1699,1550,234195,384573709,56025087480,33527880,KSQ,기술성장기업부,자연과학 및 공학 연구개발업
1894,016600,KR7016600009,큐캐피탈,KOSDAQ,중견기업부,3925,2,-205,-4.96,4065,4125,3920,84193,337573906,55969589400,14259768,KSQ,중견기업부,기타 금융업
1895,053270,KR7053270005,구영테크,KOSDAQ,우량기업부,2030,1,134,7.07,1900,2050,1900,78546,154975745,55643122150,27410405,KSQ,우량기업부,자동차 신품 부품 제조업
1896,033310,KR7033310004,엠투엔,KOSDAQ,중견기업부,1392,2,-5,-0.36,1386,1428,1378,18629,26084145,55641658752,39972456,KSQ,중견기업부,전자부품 제조업
1897,340930,KR7340930007,유일에너테크,KOSDAQ,관리종목(소속부없음),806,0,0,0.0,0,0,0,0,0,55513882710,68875785,KSQ,관리종목(소속부없음),특수 목적용 기계 제조업
1898,001550,KR7001550003,조비,KOSPI,,10690,1,300,2.89,10410,10740,10360,23525,248302920,55505034910,5192239,STK,,"비료, 농약 및 살균, 살충제 제조업"
1899,001465,KR7001461003,BYC우,KOSPI,,25750,1,850,3.41,25100,25800,25100,989,25158050,55461637500,2153850,STK,,
1900,260930,KR7260930003,씨티케이,KOSDAQ,중견기업부,2860,1,65,2.33,2810,2940,2690,25534,72775640,55316950260,19341591,KSQ,중견기업부,기타 화학제품 제조업
1901,001620,KR7001620004,케이비아이동국실업,KOSPI,,2485,1,110,4.63,2375,2500,2375,88980,217861105,55312635910,22258606,STK,,자동차 신품 부품 제조업
1902,372910,KR7372910000,한컴라이프케어,KOSPI,,1997,1,31,1.58,1954,2025,1954,46383,92787742,55265788782,27674406,STK,,의료용 기기 제조업
1903,036090,KR7036090009,위지트,KOSDAQ,중견기업부,1398,1,17,1.23,1410,1425,1375,102683,143105330,55170804810,39464095,KSQ,중견기업부,특수 목적용 기계 제조업
1904,352910,KR7352910004,오비고,KOSDAQ,기술성장기업부,4365,1,130,3.07,4235,4375,4225,11171,47868805,55164005730,12637802,KSQ,기술성장기업부,"컴퓨터 프로그래밍, 시스템 통합 및 관리업"
1905,104540,KR7104540000,코렌텍,KOSDAQ,기술성장기업부,4290,1,140,3.37,4150,4300,4130,18343,77236030,54850824600,12785740,KSQ,기술성장기업부,의료용 기기 제조업
1906,021050,KR7021050000,서원,KOSPI,,1154,1,32,2.85,1138,1180,1138,182698,210220047,54785676860,47474590,STK,,금속 주조업
1907,217480,KR7217480003,에스디생명공학,KOSDAQ,투자주의환기종목(소속부없음),499,0,0,0.0,0,0,0,0,0,54756837359,109733141,KSQ,투자주의환기종목(소속부없음),기타 화학제품 제조업
1908,053350,KR7053350005,이니텍,KOSDAQ,중견기업부,2485,1,100,4.19,2385,2620,2385,19890,48635240,54722346525,22021065,KSQ,중견기업부,소프트웨어 개발 및 공급업
1909,006370,KR7006370001,대구백화점,KOSPI,,5050,1,75,1.51,4840,5050,4840,17638,86926515,54649135550,10821611,STK,,종합 소매업
1910,004450,KR7004450003,삼화왕관,KOSPI,,25350,1,400,1.6,25000,25350,24950,310,7778800,54613507650,2154379,STK,,기타 금속 가공제품 제조업
1911,065130,KR7065130007,탑엔지니어링,KOSDAQ,중견기업부,3405,1,55,1.64,3420,3475,3360,37220,126739357,54493620000,16004000,KSQ,중견기업부,특수 목적용 기계 제조업
1912,040610,KR7040610008,SG&G,KOSDAQ,중견기업부,3195,1,90,2.9,3200,3265,3130,21292,67511445,54454295610,17043598,KSQ,중견기업부,자동차 신품 부품 제조업
1913,003475,KR7003471000,유안타증권우,KOSPI,,4250,1,185,4.55,4100,4270,4100,35433,149157244,54448322500,12811370,STK,,
1914,479960,KR7479960007,위너스일렉,KOSDAQ,중견기업부,7640,1,290,3.95,7370,7900,7370,12426,95771530,54442640000,7126000,KSQ,중견기업부,기타 전기장비 제조업
1915,072990,KR7072990005,에이치시티,KOSDAQ,우량기업부,3755,1,180,5.03,3575,3775,3575,19331,71479424,54440763530,14498206,KSQ,우량기업부,기타 과학기술 서비스업
1916,303360,KR7303360002,프로티아,KOSDAQ,기술성장기업부,4225,1,170,4.19,4070,4270,4070,3038,12740730,54416795875,12879715,KSQ,기술성장기업부,의료용 기기 제조업
1917,072470,KR7072470008,우리산업홀딩스,KOSDAQ,중견기업부,2880,1,80,2.86,2815,2900,2755,13858,39138988,54395542080,18887341,KSQ,중견기업부,자동차 신품 부품 제조업
1918,005305,KR7005301007,롯데칠성우,KOSPI,,70000,1,700,1.01,70000,70600,69200,698,48575650,54271700000,775310,STK,,
1919,023810,KR7023810005,인팩,KOSPI,,5420,1,130,2.46,5450,5510,5300,12604,68193340,54200000000,10000000,STK,,자동차 신품 부품 제조업
1920,318160,KR7318160009,셀바이오휴먼텍,KOSDAQ,벤처기업부,5800,1,140,2.47,5660,6080,5400,12381,72007880,54157575400,9337513,KSQ,벤처기업부,기타 섬유제품 제조업
1921,038010,KR7038010005,제일테크노스,KOSDAQ,우량기업부,6010,1,230,3.98,5870,6040,5870,9968,59157595,54090000000,9000000,KSQ,우량기업부,"구조용 금속제품, 탱크 및 증기발생기 제조업"
1922,003465,KR7003461001,유화증권우,KOSPI,,3095,1,200,6.91,3135,3135,2905,11,33050,54089535375,17476425,STK,,
1923,004920,KR7004920005,씨아이테크,KOSPI,,1036,1,56,5.71,1019,1048,996,176034,179695475,54058347392,52179872,STK,,영상 및 음향기기 제조업
1924,256630,KR7256630005,포인트엔지니어링,KOSDAQ,벤처기업부,4660,2,-40,-0.85,4715,4715,4405,4759,21571135,54053269240,11599414,KSQ,벤처기업부,기타 금속 가공제품 제조업
1925,099410,KR7099410003,동방선기,KOSDAQ,벤처기업부,3850,1,200,5.48,3710,3885,3710,66767,255094305,53900000000,14000000,KSQ,벤처기업부,선박 및 보트 건조업
1926,299900,KR7299900001,위지윅스튜디오,KOSDAQ,중견기업부,315,1,11,3.62,304,320,301,285825,88590139,53880398460,171048884,KSQ,중견기업부,"영화, 비디오물, 방송프로그램 제작 및 배급업"
1927,170790,KR7170790000,파이오링크,KOSDAQ,우량기업부,8400,1,200,2.44,8260,8490,8200,11014,91822910,53737614000,6397335,KSQ,우량기업부,통신 및 방송 장비 제조업
1928,219550,KR7219550001,디와이디,KOSDAQ,관리종목(소속부없음),1383,1,28,2.07,1355,1400,1333,45424,62035724,53485113048,38673256,KSQ,관리종목(소속부없음),생활용품 도매업
1929,214330,KR7214330003,금호에이치티,KOSPI,,2555,0,0,0.0,0,0,0,0,0,53434909745,20913859,STK,,자동차 신품 부품 제조업
1930,015710,KR7015710007,코콤,KOSDAQ,우량기업부,3040,1,50,1.67,2995,3065,2945,12845,38490290,53292720000,17530500,KSQ,우량기업부,통신 및 방송 장비 제조업
1931,002410,KR7002410009,범양건영,KOSPI,,1935,0,0,0.0,0,0,0,0,0,53173451700,27479820,STK,,건물 건설업
1932,471820,KR7471820001,셀로맥스사이언스,KOSDAQ,벤처기업부,4700,1,110,2.4,4555,4775,4555,4336,20144425,53123531300,11302879,KSQ,벤처기업부,기타 식품 제조업
1933,159580,KR7159580000,제로투세븐,KOSDAQ,중견기업부,2650,1,65,2.51,2585,2660,2560,17926,47093459,53086485400,20032636,KSQ,중견기업부,생활용품 도매업
1934,053980,KR7053980009,오상자이엘,KOSDAQ,우량기업부,2790,1,130,4.89,2665,2800,2665,22331,61477211,52961964570,18982783,KSQ,우량기업부,소프트웨어 개발 및 공급업
1935,360350,KR7360350003,코셈,KOSDAQ,기술성장기업부,9230,2,-210,-2.22,9470,9470,8730,43905,397772940,52961463100,5737970,KSQ,기술성장기업부,"측정, 시험, 항해, 제어 및 기타 정밀기기 제조업; 광학기기 제외"
1936,950200,KR8840150005,소마젠,KOSDAQ,외국기업(소속부없음),2750,1,20,0.73,2735,2760,2610,16515,44844940,52899145750,19236053,KSQ,외국기업(소속부없음),"그외 기타 전문, 과학 및 기술 서비스업"
1937,278650,KR7278650007,HLB바이오스텝,KOSDAQ,중견기업부,3025,1,35,1.17,3030,3050,2962,23775,71486309,52732997900,17432396,KSQ,중견기업부,자연과학 및 공학 연구개발업
1938,050960,KR7050960004,수산아이앤티,KOSDAQ,벤처기업부,7800,2,-10,-0.13,7850,7970,7720,2315,18048750,52657800000,6751000,KSQ,벤처기업부,소프트웨어 개발 및 공급업
1939,089790,KR7089790000,제이티,KOSDAQ,벤처기업부,5100,1,460,9.91,4900,5150,4735,60260,301236944,52609116300,10315513,KSQ,벤처기업부,특수 목적용 기계 제조업
1940,082210,KR7082210006,옵트론텍,KOSDAQ,중견기업부,1504,1,27,1.83,1479,1526,1442,43715,64918308,52584848320,34963330,KSQ,중견기업부,사진장비 및 광학기기 제조업
1941,317530,KR7317530004,에피소드컴퍼니,KOSDAQ,기술성장기업부,3000,2,-30,-0.99,3035,3150,2940,7120,21261925,52484646000,17494882,KSQ,기술성장기업부,"영화, 비디오물, 방송프로그램 제작 및 배급업"
1942,058730,KR7058730003,다스코,KOSPI,,2630,1,70,2.73,2690,2710,2580,171073,452674260,52463821230,19948221,STK,,"구조용 금속제품, 탱크 및 증기발생기 제조업"
1943,378800,KR7378800007,샤페론,KOSDAQ,기술성장기업부,1133,1,58,5.4,1085,1177,1085,280910,317157841,52393354123,46243031,KSQ,기술성장기업부,기초 의약물질 제조업
1944,063440,KR7063440002,SM Life Design,KOSDAQ,중견기업부,1155,1,42,3.77,1106,1174,1106,153429,176127231,52343865420,45319364,KSQ,중견기업부,기록매체 복제업
1945,435570,KR7435570007,에르코스,KOSDAQ,벤처기업부,6870,1,310,4.73,6610,6900,6560,4246,28532695,52328673210,7616983,KSQ,벤처기업부,도시락 및 식사용 조리식품 제조업
1946,348080,KR7348080003,큐라티스,KOSDAQ,중견기업부,452,1,7,1.57,431,463,428,126994,56684482,52183301012,115449781,KSQ,중견기업부,자연과학 및 공학 연구개발업
1947,290670,KR7290670009,대보마그네틱,KOSDAQ,중견기업부,6630,1,370,5.91,6300,6640,6300,6853,44830690,52096285800,7857660,KSQ,중견기업부,기타 전기장비 제조업
1948,291650,KR7291650000,압타머사이언스,KOSDAQ,기술성장기업부,852,2,-18,-2.07,880,991,839,121762,106276975,52005434184,61039242,KSQ,기술성장기업부,자연과학 및 공학 연구개발업
1949,321820,KR7321820003,아티스트컴퍼니,KOSDAQ,기술성장기업부,3335,1,225,7.23,3135,3390,3135,37237,120847970,51997238960,15591376,KSQ,기술성장기업부,창작 및 예술관련 서비스업
1950,177900,KR7177900008,쓰리에이로직스,KOSDAQ,기술성장기업부,5400,1,150,2.86,5400,5450,5280,28419,152607505,51989040000,9627600,KSQ,기술성장기업부,반도체 제조업
1951,122310,KR7122310006,제노레이,KOSDAQ,우량기업부,3570,1,75,2.15,3500,3600,3500,1547,5498575,51957223080,14553844,KSQ,우량기업부,의료용 기기 제조업
1952,060560,KR7060560000,HC홈센타,KOSDAQ,중견기업부,2045,1,30,1.49,2015,2100,1994,27568,56391816,51918462045,25388001,KSQ,중견기업부,기타 전문 도매업
1953,025530,KR7025530007,SJM홀딩스,KOSPI,,3475,1,60,1.76,3490,3535,3420,8099,28114135,51895677800,14934008,STK,,자동차 부품 및 내장품 판매업
1954,123700,KR7123700007,SJM,KOSPI,,3310,1,65,2.0,3250,3325,3250,38146,125164715,51652212380,15604898,STK,,자동차 신품 부품 제조업
1955,007680,KR7007680002,대원,KOSDAQ,중견기업부,3835,1,60,1.59,3815,3835,3750,2609,9900090,51567227790,13446474,KSQ,중견기업부,건물 건설업
1956,096610,KR7096610001,알에프세미,KOSDAQ,투자주의환기종목(소속부없음),2965,0,0,0.0,0,0,0,0,0,51550708615,17386411,KSQ,투자주의환기종목(소속부없음),반도체 제조업
1957,041650,KR7041650003,상신브레이크,KOSPI,,2400,1,110,4.8,2350,2400,2330,34072,80541615,51531480000,21471450,STK,,자동차 신품 부품 제조업
1958,104040,KR7104040001,디에스엠,KOSDAQ,벤처기업부,1920,1,26,1.37,1897,1976,1896,24645,47378059,51482044800,26813565,KSQ,벤처기업부,자동차 신품 부품 제조업
1959,033170,KR7033170002,시그네틱스,KOSDAQ,중견기업부,600,1,36,6.38,609,609,574,176858,105437549,51436991400,85728319,KSQ,중견기업부,반도체 제조업
1960,052220,KR7052220001,iMBC,KOSDAQ,중견기업부,2225,1,75,3.49,2135,2240,2135,29028,64322335,51175000000,23000000,KSQ,중견기업부,영상·오디오물 제공 서비스업
1961,373160,KR7373160001,데이원컴퍼니,KOSDAQ,기술성장기업부,3705,1,85,2.35,3550,3755,3550,14952,54389327,51156672645,13807469,KSQ,기술성장기업부,기타 교육기관
1962,219420,KR7219420007,링크제니시스,KOSDAQ,기술성장기업부,4460,1,70,1.59,4400,4535,4400,15184,67681141,51154001220,11469507,KSQ,기술성장기업부,소프트웨어 개발 및 공급업
1963,020760,KR7020760005,일진디스플,KOSPI,,902,0,0,0.0,0,0,0,0,0,50984432422,56523761,STK,,반도체 제조업
1964,440290,KR7440290005,HB인베스트먼트,KOSDAQ,중견기업부,1845,1,50,2.79,1819,1858,1795,86954,158167727,50749363350,27506430,KSQ,중견기업부,기타 금융업
1965,37550K,KR737550K011,DL이앤씨우,KOSPI,,24000,1,1200,5.26,24850,24850,23100,7105,169168800,50733240000,2113885,STK,,
1966,066670,KR7066670001,디티씨,KOSDAQ,중견기업부,2710,1,5,0.18,2700,2750,2615,38054,100819575,50655097780,18691918,KSQ,중견기업부,부동산 임대 및 공급업
1967,393970,KR7393970009,대진첨단소재,KOSDAQ,관리종목(소속부없음),2825,0,0,0.0,0,0,0,0,0,50428566500,17850820,KSQ,관리종목(소속부없음),플라스틱제품 제조업
1968,051390,KR7051390003,YW,KOSDAQ,중견기업부,4440,1,15,0.34,4405,4495,4355,5648,25109990,50417833920,11355368,KSQ,중견기업부,상품 종합 도매업
1969,002140,KR7002140002,고려산업,KOSPI,,2020,1,50,2.54,1972,2020,1972,61857,123659128,50377638500,24939425,STK,,"곡물가공품, 전분 및 전분제품 제조업"
1970,068330,KR7068330000,일신바이오,KOSDAQ,중견기업부,1139,1,40,3.64,1100,1143,1099,111042,125261380,50362183460,44216140,KSQ,중견기업부,일반 목적용 기계 제조업
1971,261520,KR7261520001,이지스,KOSDAQ,기술성장기업부,4900,1,360,7.93,4540,4920,4540,23240,111760150,50361220000,10277800,KSQ,기술성장기업부,소프트웨어 개발 및 공급업
1972,042940,KR7042940007,상지건설,KOSDAQ,중견기업부,7350,1,820,12.56,7890,8480,7020,883525,6875102140,50191033200,6828712,KSQ,중견기업부,건물 건설업
1973,460870,KR7460870009,에스엠씨지,KOSDAQ,벤처기업부,2500,1,20,0.81,2490,2535,2430,37126,92165350,50183260000,20073304,KSQ,벤처기업부,유리 및 유리제품 제조업
1974,000910,KR7000910000,유니온,KOSPI,,3205,1,105,3.39,3105,3220,3100,21325,67253575,50035238895,15611619,STK,,"시멘트, 석회, 플라스터 및 그 제품 제조업"
1975,207760,KR7207760000,미스터블루,KOSDAQ,중견기업부,602,2,-14,-2.27,607,635,597,207814,125828728,50014029366,83079783,KSQ,중견기업부,기타 정보 서비스업
1976,361570,KR7361570005,알비더블유,KOSDAQ,중견기업부,1727,1,79,4.79,1648,1740,1648,44825,76247244,49639663557,28743291,KSQ,중견기업부,오디오물 출판 및 원판 녹음업
1977,011390,KR7011390002,부산산업,KOSPI,,47000,1,2200,4.91,45250,47200,45250,1732,80688600,49632000000,1056000,STK,,"시멘트, 석회, 플라스터 및 그 제품 제조업"
1978,090080,KR7090080003,평화산업,KOSPI,,904,1,44,5.12,860,915,860,86161,76910176,49631642136,54902259,STK,,자동차 신품 부품 제조업
1979,065500,KR7065500001,오리엔트정공,KOSDAQ,중견기업부,1491,1,59,4.12,1433,1493,1431,136102,200504039,49565181792,33242912,KSQ,중견기업부,자동차 신품 부품 제조업
1980,288620,KR7288620008,에스프리즘,KOSDAQ,벤처기업부,7100,1,390,5.81,6750,7440,6750,19380,138979820,49553143600,6979316,KSQ,벤처기업부,"전동기, 발전기 및 전기 변환 · 공급 · 제어 장치 제조업"
1981,037330,KR7037330008,인지디스플레,KOSDAQ,우량기업부,1128,1,48,4.44,1091,1132,1091,19867,22014728,49502532672,43885224,KSQ,우량기업부,전자부품 제조업
1982,023350,KR7023350002,한국종합기술,KOSPI,,4520,1,160,3.67,4540,4540,4360,34913,154415105,49494000000,10950000,STK,,"건축기술, 엔지니어링 및 관련 기술 서비스업"
1983,054300,KR7054300009,팬스타엔터프라이즈,KOSDAQ,벤처기업부,854,1,22,2.64,827,868,827,54472,46035447,49421787030,57870945,KSQ,벤처기업부,일반 목적용 기계 제조업
1984,286750,KR7286750005,나노실리칸첨단소재,KOSDAQ,투자주의환기종목(소속부없음),1542,1,198,14.73,1350,1580,1350,309876,469327270,49388497494,32028857,KSQ,투자주의환기종목(소속부없음),기초 화학물질 제조업
1985,229000,KR7229000005,젠큐릭스,KOSDAQ,기술성장기업부,2100,1,35,1.69,2100,2185,2085,156698,330975205,49199146500,23428165,KSQ,기술성장기업부,의료용품 및 기타 의약 관련제품 제조업
1986,095910,KR7095910006,에스에너지,KOSDAQ,중견기업부,1318,2,-7,-0.53,1341,1385,1290,476117,627326427,49157326062,37296909,KSQ,중견기업부,"전동기, 발전기 및 전기 변환 · 공급 · 제어 장치 제조업"
1987,014190,KR7014190003,원익큐브,KOSDAQ,우량기업부,1388,1,52,3.89,1333,1404,1333,51247,70370062,49128358548,35395071,KSQ,우량기업부,기타 전문 도매업
1988,094970,KR7094970001,제이엠티,KOSDAQ,벤처기업부,2920,1,95,3.36,2845,2970,2845,77250,224492830,48904860800,16748240,KSQ,벤처기업부,전자부품 제조업
1989,317870,KR7317870004,엔바이오니아,KOSDAQ,기술성장기업부,5520,1,90,1.66,5430,5900,5430,22399,124178610,48807260400,8841895,KSQ,기술성장기업부,그외 기타 제품 제조업
1990,065170,KR7065170003,비엘팜텍,KOSDAQ,투자주의환기종목(소속부없음),1743,1,55,3.26,1680,1755,1655,166745,285393165,48653741199,27913793,KSQ,투자주의환기종목(소속부없음),음·식료품 및 담배 도매업
1991,314140,KR7314140005,알피바이오,KOSDAQ,우량기업부,5610,1,30,0.54,5580,5680,5130,32985,175912500,48618285210,8666361,KSQ,우량기업부,의약품 제조업
1992,408900,KR7408900009,스튜디오미르,KOSDAQ,중견기업부,1482,2,-1,-0.07,1483,1533,1465,43537,64682051,48539840778,32752929,KSQ,중견기업부,"영화, 비디오물, 방송프로그램 제작 및 배급업"
1993,189980,KR7189980006,흥국에프엔비,KOSDAQ,우량기업부,1208,2,-3,-0.25,1210,1219,1175,33118,39790212,48486495016,40137827,KSQ,우량기업부,비알코올음료 및 얼음 제조업
1994,28513K,KR728513K010,SK케미칼우,KOSPI,,22850,1,400,1.78,22700,23100,22100,1384,31439600,48337552650,2115429,STK,,
1995,277070,KR7277070009,린드먼아시아,KOSDAQ,중견기업부,3530,1,35,1.0,3515,3575,3485,1527,5364185,48332760000,13692000,KSQ,중견기업부,신탁업 및 집합투자업
1996,143540,KR7143540003,영우디에스피,KOSDAQ,벤처기업부,1082,1,82,8.2,1030,1099,1030,186911,200305563,48257086390,44599895,KSQ,벤처기업부,특수 목적용 기계 제조업
1997,137080,KR7137080008,나래나노텍,KOSDAQ,중견기업부,4360,1,150,3.56,4285,4395,4220,9590,41164468,48219079920,11059422,KSQ,중견기업부,특수 목적용 기계 제조업
1998,038070,KR7038070009,서린바이오,KOSDAQ,중견기업부,5180,1,195,3.91,5030,5220,5030,15829,80793995,48177501680,9300676,KSQ,중견기업부,기타 전문 도매업
1999,413640,KR7413640004,비아이매트릭스,KOSDAQ,벤처기업부,6660,1,70,1.06,6600,6850,6580,17673,117453475,47998220400,7206940,KSQ,벤처기업부,소프트웨어 개발 및 공급업
2000,355390,KR7355390006,크라우드웍스,KOSDAQ,기술성장기업부,3020,2,-90,-2.89,3110,3145,2980,290154,878973863,47940518880,15874344,KSQ,기술성장기업부,소프트웨어 개발 및 공급업
2001,104200,KR7104200001,NHN벅스,KOSDAQ,중견기업부,3230,1,165,5.38,3200,3300,3115,59446,191172548,47892986500,14827550,KSQ,중견기업부,기타 정보 서비스업
2002,082660,KR7082660002,코스나인,KOSDAQ,관리종목(소속부없음),480,0,0,0.0,0,0,0,0,0,47827617120,99640869,KSQ,관리종목(소속부없음),기타 화학제품 제조업
2003,226330,KR7226330009,신테카바이오,KOSDAQ,기술성장기업부,1971,2,-4,-0.2,1962,2005,1918,63861,125408309,47813454225,24258475,KSQ,기술성장기업부,소프트웨어 개발 및 공급업
2004,189690,KR7189690001,포시에스,KOSDAQ,벤처기업부,1750,1,12,0.69,1771,1799,1724,10820,18897193,47813445750,27321969,KSQ,벤처기업부,소프트웨어 개발 및 공급업
2005,024950,KR7024950008,삼천리자전거,KOSDAQ,중견기업부,3850,2,-80,-2.04,3915,3920,3705,71339,271651975,47740000000,12400000,KSQ,중견기업부,생활용품 도매업
2006,418250,KR7418250007,시큐레터,KOSDAQ,관리종목(소속부없음),6550,0,0,0.0,0,0,0,0,0,47629012750,7271605,KSQ,관리종목(소속부없음),소프트웨어 개발 및 공급업
2007,393210,KR7393210000,토마토시스템,KOSDAQ,기술성장기업부,3035,1,120,4.12,2835,3070,2835,56052,165585855,47390141040,15614544,KSQ,기술성장기업부,소프트웨어 개발 및 공급업
2008,189860,KR7189860000,서전기전,KOSDAQ,벤처기업부,4870,1,225,4.84,4795,4975,4655,76956,372864335,47233058600,9698780,KSQ,벤처기업부,"전동기, 발전기 및 전기 변환 · 공급 · 제어 장치 제조업"
2009,127980,KR7127980001,화인써키트,KOSDAQ,중견기업부,3985,1,240,6.41,3745,4000,3745,9071,35638150,47185125740,11840684,KSQ,중견기업부,전자부품 제조업
2010,053160,KR7053160008,프리엠스,KOSDAQ,중견기업부,7860,1,190,2.48,7990,8160,7800,7042,55902820,47160000000,6000000,KSQ,중견기업부,"전동기, 발전기 및 전기 변환 · 공급 · 제어 장치 제조업"
2011,305090,KR7305090003,마이크로디지탈,KOSDAQ,기술성장기업부,2530,3,0,0.0,2600,2645,2460,80275,202431730,47110753030,18620851,KSQ,기술성장기업부,의료용 기기 제조업
2012,052790,KR7052790003,액토즈소프트,KOSDAQ,중견기업부,4310,1,105,2.5,4205,4385,4205,70665,302037985,47084797570,10924547,KSQ,중견기업부,소프트웨어 개발 및 공급업
2013,023440,KR7023440001,제이스코홀딩스,KOSDAQ,관리종목(소속부없음),521,0,0,0.0,0,0,0,0,0,46964378481,90142761,KSQ,관리종목(소속부없음),1차 철강 제조업
2014,047400,KR7047400007,유니온머티리얼,KOSPI,,1117,1,37,3.43,1080,1120,1080,140978,155872703,46914000000,42000000,STK,,"내화, 비내화 요업제품 제조업"
2015,037230,KR7037230000,한국팩키지,KOSDAQ,우량기업부,1574,1,17,1.09,1546,1580,1545,135134,210198099,46905714698,29800327,KSQ,우량기업부,"골판지, 종이 상자 및 종이용기 제조업"
2016,014910,KR7014910004,성문전자,KOSPI,,2145,1,45,2.14,2185,2220,2100,377660,818452293,46883816265,21857257,STK,,전자부품 제조업
2017,232830,KR7232830000,아이티센피엔에스,KOSDAQ,벤처기업부,2835,1,155,5.78,2800,2925,2650,16971,46864650,46873113210,16533726,KSQ,벤처기업부,소프트웨어 개발 및 공급업
2018,008420,KR7008420002,문배철강,KOSPI,,2285,1,20,0.88,2285,2400,2195,175387,395057779,46850508925,20503505,STK,,1차 철강 제조업
2019,466410,KR7466410008,사이냅소프트,KOSDAQ,벤처기업부,9300,1,40,0.43,9270,9450,9200,9011,83796330,46844313900,5037023,KSQ,벤처기업부,소프트웨어 개발 및 공급업
2020,007530,KR7007530009,와이엠,KOSDAQ,중견기업부,2100,2,-35,-1.64,2145,2145,2080,8862,18647520,46733885100,22254231,KSQ,중견기업부,기타 금속 가공제품 제조업
2021,238120,KR7238120000,얼라인드,KOSDAQ,기술성장기업부,3250,2,-65,-1.96,3320,3350,3225,5500,17973735,46731412000,14378896,KSQ,기술성장기업부,사진장비 및 광학기기 제조업
2022,006125,KR7006121008,SK디스커버리우,KOSPI,,37850,1,500,1.34,37250,38350,37250,169,6412850,46620034250,1231705,STK,,
2023,357250,KR7357250000,미래에셋맵스리츠,KOSPI,,1860,1,16,0.87,1844,1861,1844,29530,54807626,46490895300,24995105,STK,,부동산 임대 및 공급업
2024,476080,KR7476080007,M83,KOSDAQ,중견기업부,5740,1,280,5.13,5530,5800,5370,181336,1018027390,46361980000,8077000,KSQ,중견기업부,"영화, 비디오물, 방송프로그램 제작 및 배급업"
2025,069460,KR7069460004,대호에이엘,KOSPI,,2660,0,0,0.0,0,0,0,0,0,46322277400,17414390,STK,,1차 비철금속 제조업
2026,376930,KR7376930004,노을,KOSDAQ,기술성장기업부,903,1,69,8.27,841,903,841,303606,265058560,46316064669,51291323,KSQ,기술성장기업부,의료용 기기 제조업
2027,009320,KR7009320003,아진전자부품,KOSPI,,938,1,28,3.08,910,969,910,88807,84280392,46243184260,49299770,STK,,자동차 신품 부품 제조업
2028,190650,KR7190650002,코리아에셋투자증권,KOSDAQ,우량기업부,7220,1,210,3.0,7060,7290,7060,6439,46305295,46121360000,6388000,KSQ,우량기업부,금융 지원 서비스업
2029,365590,KR7365590009,하이딥,KOSDAQ,기술성장기업부,1482,4,342,30.0,1141,1482,1140,159377,226405901,45950571888,31005784,KSQ,기술성장기업부,반도체 제조업
2030,459550,KR7459550000,알트,KOSDAQ,중견기업부,1813,1,13,0.72,1830,1944,1791,1415487,2610390879,45725239693,25220761,KSQ,중견기업부,통신 및 방송 장비 제조업
2031,171010,KR7171010002,램테크놀러지,KOSDAQ,벤처기업부,3195,1,135,4.41,3100,3235,3100,23796,75953625,45684512640,14298752,KSQ,벤처기업부,기초 화학물질 제조업
2032,027740,KR7027740000,마니커,KOSPI,,1436,1,96,7.16,1503,1620,1385,5557077,8170211685,45601061704,31755614,STK,,"도축, 육류 가공 및 저장 처리업"
2033,051630,KR7051630002,진양화학,KOSPI,,2150,2,-120,-5.29,2175,2300,2110,624090,1354014980,45580000000,21200000,STK,,플라스틱제품 제조업
2034,006490,KR7006490007,인스코비,KOSPI,,308,1,11,3.7,281,314,281,263525,80131073,45548923728,147886116,STK,,전기 통신업
2035,060850,KR7060850005,영림원소프트랩,KOSDAQ,벤처기업부,5600,1,140,2.56,5460,5640,5420,22124,121656450,45533600000,8131000,KSQ,벤처기업부,소프트웨어 개발 및 공급업
2036,179530,KR7179530001,애드바이오텍,KOSDAQ,기술성장기업부,2310,2,-70,-2.94,2380,2485,2200,71736,164340288,45459945300,19679630,KSQ,기술성장기업부,의약품 제조업
2037,056700,KR7056700008,신화인터텍,KOSDAQ,중견기업부,1560,1,3,0.19,1562,1562,1543,17341,26894277,45450741960,29135091,KSQ,중견기업부,플라스틱제품 제조업
2038,444530,KR7444530000,심플랫폼,KOSDAQ,기술성장기업부,7080,2,-400,-5.35,7350,7560,7050,15961,114979975,45443999520,6418644,KSQ,기술성장기업부,소프트웨어 개발 및 공급업
2039,004910,KR7004910006,조광페인트,KOSPI,,3550,1,50,1.43,3500,3600,3490,26819,94945294,45440000000,12800000,STK,,기타 화학제품 제조업
2040,006920,KR7006920003,모헨즈,KOSDAQ,중견기업부,4160,1,145,3.61,3950,4280,3950,441104,1809784508,45427200000,10920000,KSQ,중견기업부,"시멘트, 석회, 플라스터 및 그 제품 제조업"
2041,038060,KR7038060000,루멘스,KOSDAQ,중견기업부,942,1,1,0.11,950,989,930,119987,114300586,45313090998,48103069,KSQ,중견기업부,반도체 제조업
2042,066130,KR7066130006,하츠,KOSDAQ,우량기업부,3540,1,115,3.36,3425,3590,3425,6893,24431270,45312000000,12800000,KSQ,우량기업부,가정용 기기 제조업
2043,196450,KR7196450001,코아시아씨엠,KOSDAQ,중견기업부,999,1,39,4.06,960,1019,960,80385,80054597,45274262418,45319582,KSQ,중견기업부,사진장비 및 광학기기 제조업
2044,419080,KR7419080007,엔젯,KOSDAQ,기술성장기업부,4230,1,45,1.08,4145,4500,4145,27128,116737604,45198129510,10685137,KSQ,기술성장기업부,특수 목적용 기계 제조업
2045,000950,KR7000950006,전방,KOSPI,,26850,1,200,0.75,26450,26950,26450,663,17785300,45108000000,1680000,STK,,방적 및 가공사 제조업
2046,005030,KR7005030002,부산주공,KOSPI,,486,0,0,0.0,0,0,0,0,0,45092532168,92782988,STK,,자동차 신품 부품 제조업
2047,074610,KR7074610007,이엔플러스,KOSPI,,5110,0,0,0.0,0,0,0,0,0,44815400070,8770137,STK,,일반 목적용 기계 제조업
2048,307280,KR7307280008,원바이오젠,KOSDAQ,벤처기업부,6310,1,30,0.48,6340,6420,6250,6246,39528835,44767096370,7094627,KSQ,벤처기업부,의료용품 및 기타 의약 관련제품 제조업
2049,200580,KR7200580009,메디쎄이,KONEX,일반기업부,11970,1,200,1.7,11770,11970,11770,155,1824590,44601165630,3726079,KNX,일반기업부,의료용 기기 제조업
2050,003080,KR7003080009,SB성보,KOSPI,,2225,3,0,0.0,2265,2285,2210,115976,259660632,44544500000,20020000,STK,,"비료, 농약 및 살균, 살충제 제조업"
2051,351330,KR7351330006,이삭엔지니어링,KOSDAQ,벤처기업부,5370,1,190,3.67,5330,5420,5240,9535,51078610,44509352400,8288520,KSQ,벤처기업부,"컴퓨터 프로그래밍, 시스템 통합 및 관리업"
2052,196300,KR7196300008,HLB펩,KOSDAQ,관리종목(소속부없음),4740,2,-40,-0.84,4800,4855,4645,3292,15468605,44444320860,9376439,KSQ,관리종목(소속부없음),기초 의약물질 제조업
2053,105760,KR7105760003,포스뱅크,KOSDAQ,우량기업부,4360,1,310,7.65,4095,4380,4095,39172,167064196,44373407320,10177387,KSQ,우량기업부,일반 목적용 기계 제조업
2054,129890,KR7129890000,앱코,KOSDAQ,벤처기업부,972,1,15,1.57,958,997,958,56844,55351189,44270325144,45545602,KSQ,벤처기업부,컴퓨터 및 주변장치 제조업
2055,037950,KR7037950003,엘컴텍,KOSDAQ,중견기업부,2620,1,30,1.16,2515,2650,2515,11771,30332890,44250497860,16889503,KSQ,중견기업부,전자부품 제조업
2056,263020,KR7263020000,디케이앤디,KOSDAQ,벤처기업부,3195,2,-50,-1.54,3290,3320,3140,141535,451855605,44206486470,13836146,KSQ,벤처기업부,플라스틱제품 제조업
2057,288330,KR7288330004,파라택시스코리아,KOSDAQ,관리종목(소속부없음),416,0,0,0.0,0,0,0,0,0,44129674368,106080948,KSQ,관리종목(소속부없음),"그외 기타 전문, 과학 및 기술 서비스업"
2058,369370,KR7369370002,블리츠웨이엔터테인먼트,KOSDAQ,벤처기업부,884,1,2,0.23,880,907,879,84944,75222185,44086769324,49871911,KSQ,벤처기업부,창작 및 예술관련 서비스업
2059,002920,KR7002920007,유성기업,KOSPI,,1699,1,35,2.1,1662,1708,1660,16836,28490241,44084802500,25947500,STK,,자동차 신품 부품 제조업
2060,419120,KR7419120001,산돌,KOSDAQ,중견기업부,2995,1,145,5.09,2855,3005,2855,10500,30954761,44081494190,14718362,KSQ,중견기업부,소프트웨어 개발 및 공급업
2061,097870,KR7097870000,효성오앤비,KOSDAQ,중견기업부,5190,1,170,3.39,5040,5210,5040,25594,130695700,44063100000,8490000,KSQ,중견기업부,"비료, 농약 및 살균, 살충제 제조업"
2062,153460,KR7153460001,네이블,KOSDAQ,중견기업부,6740,1,200,3.06,6800,6900,6700,4681,31631810,44012294360,6530014,KSQ,중견기업부,소프트웨어 개발 및 공급업
2063,052460,KR7052460003,아이크래프트,KOSDAQ,벤처기업부,3010,1,140,4.88,2895,3035,2895,47525,141852142,43969887360,14607936,KSQ,벤처기업부,"컴퓨터 프로그래밍, 시스템 통합 및 관리업"
2064,173940,KR7173940008,에프엔씨엔터,KOSDAQ,중견기업부,2855,2,-90,-3.06,3070,3070,2810,6331,18349530,43946466840,15392808,KSQ,중견기업부,창작 및 예술관련 서비스업
2065,017180,KR7017180001,명문제약,KOSPI,,1289,1,22,1.74,1251,1292,1251,48215,61420352,43766002206,33953454,STK,,의약품 제조업
2066,090410,KR7090410002,덕신이피씨,KOSDAQ,우량기업부,946,1,46,5.11,958,958,921,69385,65266798,43595553870,46084095,KSQ,우량기업부,"구조용 금속제품, 탱크 및 증기발생기 제조업"
2067,465480,KR7465480002,인스피언,KOSDAQ,벤처기업부,4300,1,55,1.3,4245,4400,4215,13590,58504025,43592419600,10137772,KSQ,벤처기업부,소프트웨어 개발 및 공급업
2068,002290,KR7002290005,삼일기업공사,KOSDAQ,우량기업부,3515,1,100,2.93,3500,3545,3440,11080,38732250,43586000000,12400000,KSQ,우량기업부,건물 건설업
2069,105550,KR7105550008,엣지파운드리,KOSDAQ,중견기업부,554,1,10,1.84,552,571,531,126187,69411930,43382106254,78307051,KSQ,중견기업부,전자부품 제조업
2070,100660,KR7100660000,서암기계공업,KOSDAQ,중견기업부,3440,1,155,4.72,3350,3490,3350,22759,76681551,43344000000,12600000,KSQ,중견기업부,일반 목적용 기계 제조업
2071,093240,KR7093240000,형지엘리트,KOSPI,,705,1,19,2.77,705,720,690,353255,248086819,43280132595,61390259,STK,,봉제의복 제조업
2072,420570,KR7420570004,제이투케이바이오,KOSDAQ,벤처기업부,7390,1,40,0.54,7360,7640,7350,20027,149193890,43212899370,5847483,KSQ,벤처기업부,기타 화학제품 제조업
2073,025880,KR7025880006,케이씨피드,KOSDAQ,우량기업부,2585,1,80,3.19,2505,2600,2505,75214,193030200,43210492930,16715858,KSQ,우량기업부,동물용 사료 및 조제식품 제조업
2074,234100,KR7234100006,폴라리스세원,KOSDAQ,우량기업부,2955,1,65,2.25,2930,2995,2900,19460,57651035,43147834380,14601636,KSQ,우량기업부,자동차 신품 부품 제조업
2075,0010V0,KR70010V0005,제이피아이헬스케어,KOSDAQ,벤처기업부,8430,1,340,4.2,8090,8450,8090,6241,52038610,43038522000,5105400,KSQ,벤처기업부,의료용 기기 제조업
2076,150900,KR7150900009,파수AI,KOSDAQ,벤처기업부,3660,1,170,4.87,3510,3715,3510,56328,203317630,42836354520,11703922,KSQ,벤처기업부,소프트웨어 개발 및 공급업
2077,114450,KR7114450000,그린생명과학,KOSDAQ,벤처기업부,2140,1,30,1.42,2140,2195,2110,99640,212802796,42800000000,20000000,KSQ,벤처기업부,기초 의약물질 제조업
2078,215380,KR7215380007,우정바이오,KOSDAQ,벤처기업부,2540,3,0,0.0,2540,2575,2470,22845,57710390,42747123040,16829576,KSQ,벤처기업부,자연과학 및 공학 연구개발업
2079,178780,KR7178780003,일월지엠엘,KOSDAQ,벤처기업부,2290,1,5,0.22,2265,2300,2230,8313,18850520,42683756550,18639195,KSQ,벤처기업부,상품 종합 도매업
2080,184230,KR7184230001,SGA솔루션즈,KOSDAQ,벤처기업부,2250,1,70,3.21,2210,2290,2170,167447,370611604,42497952750,18887979,KSQ,벤처기업부,소프트웨어 개발 및 공급업
2081,227950,KR7227950003,엔투텍,KOSDAQ,벤처기업부,1231,1,49,4.15,1182,1257,1162,122669,146692248,42479605279,34508209,KSQ,벤처기업부,특수 목적용 기계 제조업
2082,011230,KR7011230000,삼화전자,KOSPI,,2215,1,15,0.68,2300,2350,2200,334062,749892407,42452213775,19165785,STK,,영상 및 음향기기 제조업
2083,033540,KR7033540006,파라텍,KOSDAQ,중견기업부,812,1,53,6.98,753,824,753,156031,124806625,42424020772,52246331,KSQ,중견기업부,특수 목적용 기계 제조업
2084,250000,KR7250000007,보라티알,KOSDAQ,우량기업부,6280,1,140,2.28,6110,6280,6100,3580,22055900,42394603240,6750733,KSQ,우량기업부,음·식료품 및 담배 도매업
2085,261200,KR7261200000,덴티스,KOSDAQ,중견기업부,2665,1,80,3.09,2600,2695,2585,12529,32957425,42132850500,15809700,KSQ,중견기업부,의료용 기기 제조업
2086,122690,KR7122690001,서진오토모티브,KOSDAQ,중견기업부,1824,1,51,2.88,1800,1848,1785,18764,34010233,42096398784,23079166,KSQ,중견기업부,자동차 신품 부품 제조업
2087,450330,KR7450330006,하스,KOSDAQ,기술성장기업부,5140,1,185,3.73,5100,5150,5000,3839,19455990,42080373020,8186843,KSQ,기술성장기업부,의료용품 및 기타 의약 관련제품 제조업
2088,012280,KR7012280004,영화금속,KOSPI,,849,1,9,1.07,841,850,832,171727,144040931,42046304745,49524505,STK,,자동차 신품 부품 제조업
2089,263810,KR7263810004,상신전자,KOSDAQ,중견기업부,2640,1,5,0.19,2640,2690,2595,30581,80137645,42041538000,15924825,KSQ,중견기업부,전자부품 제조업
2090,140520,KR7140520008,대창스틸,KOSDAQ,중견기업부,1988,1,14,0.71,2020,2020,1982,19525,38865298,41965175084,21109243,KSQ,중견기업부,1차 철강 제조업
2091,458350,KR7458350006,에스팀,KOSDAQ,중견기업부,4815,1,205,4.45,4740,4855,4615,43579,207944767,41809608000,8683200,KSQ,중견기업부,기타 사업지원 서비스업
2092,355690,KR7355690009,에이텀,KOSDAQ,기술성장기업부,4435,2,-25,-0.56,4420,4590,4270,69318,303572379,41711086300,9404980,KSQ,기술성장기업부,전자부품 제조업
2093,224110,KR7224110007,에이텍모빌리티,KOSDAQ,벤처기업부,8200,1,20,0.24,8250,8280,8100,4336,35585010,41659165200,5080386,KSQ,벤처기업부,통신 및 방송 장비 제조업
2094,057540,KR7057540007,옴니시스템,KOSDAQ,중견기업부,701,1,75,11.98,648,750,648,429123,296950091,41635381868,59394268,KSQ,중견기업부,"측정, 시험, 항해, 제어 및 기타 정밀기기 제조업; 광학기기 제외"
2095,035460,KR7035460005,기산텔레콤,KOSDAQ,벤처기업부,2785,1,105,3.92,2715,2805,2710,94692,261381720,41553146900,14920340,KSQ,벤처기업부,통신 및 방송 장비 제조업
2096,051490,KR7051490001,나라엠앤디,KOSDAQ,우량기업부,2925,1,155,5.6,2815,2940,2815,18458,53109605,41535000000,14200000,KSQ,우량기업부,특수 목적용 기계 제조업
2097,091590,KR7091590000,남화토건,KOSDAQ,중견기업부,3535,1,5,0.14,3685,3685,3495,18786,66407088,41500900000,11740000,KSQ,중견기업부,건물 건설업
2098,263770,KR7263770000,유에스티,KOSDAQ,우량기업부,1750,1,67,3.98,1686,1773,1686,17431,30264393,41475301000,23700172,KSQ,우량기업부,1차 철강 제조업
2099,019490,KR7019490002,엑시큐어하이트론,KOSPI,,541,0,0,0.0,0,0,0,0,0,41349858070,76432270,STK,,영상 및 음향기기 제조업
2100,376290,KR7376290003,씨유테크,KOSDAQ,벤처기업부,2340,1,40,1.74,2300,2390,2300,6583,15382795,41318550000,17657500,KSQ,벤처기업부,전자부품 제조업
2101,004410,KR7004410007,서울식품,KOSPI,,1047,1,30,2.95,1017,1057,1017,207278,214674369,41309398611,39455013,STK,,기타 식품 제조업
2102,452300,KR7452300007,캡스톤파트너스,KOSDAQ,중견기업부,2915,1,65,2.28,2865,2950,2800,49099,141767114,41304107075,14169505,KSQ,중견기업부,기타 금융업
2103,297570,KR7297570004,알로이스,KOSDAQ,벤처기업부,1190,1,40,3.48,1169,1220,1167,61024,72756340,41199249420,34621218,KSQ,벤처기업부,통신 및 방송 장비 제조업
2104,026940,KR7026940007,부국철강,KOSPI,,2055,1,124,6.42,1950,2095,1950,231918,468326704,41100000000,20000000,STK,,1차 철강 제조업
2105,049830,KR7049830003,승일,KOSDAQ,관리종목(소속부없음),6700,1,50,0.75,6660,6700,6580,2680,17821290,41085150400,6132112,KSQ,관리종목(소속부없음),기타 금속 가공제품 제조업
2106,452160,KR7452160005,제이엔비,KOSDAQ,중견기업부,4270,1,340,8.65,3960,4355,3960,23111,97685775,41066840290,9617527,KSQ,중견기업부,특수 목적용 기계 제조업
2107,009140,KR7009140005,경인전자,KOSPI,,26100,2,-400,-1.51,26950,27300,25800,3496,91364250,40997801700,1570797,STK,,전자부품 제조업
2108,000215,KR7000211003,DL우,KOSPI,,24250,1,1450,6.36,23450,24250,22700,3551,83342775,40888288750,1686115,STK,,
2109,032960,KR7032960007,동일기연,KOSDAQ,관리종목(소속부없음),11620,1,840,7.79,10820,12490,10700,1550,17155260,40886073900,3518595,KSQ,관리종목(소속부없음),전자부품 제조업
2110,290120,KR7290120005,DH오토리드,KOSDAQ,중견기업부,2580,1,30,1.18,2550,2650,2550,9804,25272917,40828956660,15825177,KSQ,중견기업부,자동차 신품 부품 제조업
2111,133820,KR7133820001,화인베스틸,KOSPI,,1098,1,27,2.52,1078,1116,1078,32661,35744857,40751723196,37114502,STK,,1차 철강 제조업
2112,050860,KR7050860006,아세아텍,KOSDAQ,우량기업부,1811,1,45,2.55,1821,1834,1786,6560,11838298,40747500000,22500000,KSQ,우량기업부,특수 목적용 기계 제조업
2113,218150,KR7218150001,미래생명자원,KOSDAQ,벤처기업부,1988,1,58,3.01,1919,1988,1910,114182,221479578,40586614376,20415802,KSQ,벤처기업부,동물용 사료 및 조제식품 제조업
2114,072770,KR7072770001,멤레이비티,KOSDAQ,중견기업부,976,2,-4,-0.41,980,1000,955,36316,35378048,40515807648,41512098,KSQ,중견기업부,"컴퓨터 프로그래밍, 시스템 통합 및 관리업"
2115,089140,KR7089140008,넥스턴앤롤코리아,KOSDAQ,벤처기업부,2645,1,45,1.73,2690,2695,2595,67562,178636450,40511438930,15316234,KSQ,벤처기업부,특수 목적용 기계 제조업
2116,221980,KR7221980006,케이디켐,KOSDAQ,우량기업부,10030,1,30,0.3,10100,10300,10000,1816,18207020,40469044000,4034800,KSQ,우량기업부,기타 화학제품 제조업
2117,011300,KR7011300001,우성머티리얼스,KOSPI,,2550,1,55,2.2,2495,2615,2495,20678,52787120,40433771550,15856381,STK,,직물직조 및 직물제품 제조업
2118,017040,KR7017040007,광명전기,KOSPI,,932,0,0,0.0,0,0,0,0,0,40390657180,43337615,STK,,"전동기, 발전기 및 전기 변환 · 공급 · 제어 장치 제조업"
2119,215090,KR7215090002,솔디펜스,KOSDAQ,벤처기업부,1744,2,-16,-0.91,1700,1801,1700,46232,80542052,40383472784,23155661,KSQ,벤처기업부,"측정, 시험, 항해, 제어 및 기타 정밀기기 제조업; 광학기기 제외"
2120,069410,KR7069410009,엔텔스,KOSDAQ,벤처기업부,3930,1,75,1.95,3825,4000,3825,5503,21631665,40262158320,10244824,KSQ,벤처기업부,소프트웨어 개발 및 공급업
2121,237820,KR7237820006,플레이디,KOSDAQ,중견기업부,3130,1,75,2.45,3060,3145,3060,9656,30073057,40148948200,12827140,KSQ,중견기업부,광고업
2122,352700,KR7352700009,씨앤투스,KOSDAQ,벤처기업부,1526,1,14,0.93,1524,1528,1505,19221,29188917,40098547874,26276899,KSQ,벤처기업부,화학섬유 제조업
2123,008870,KR7008870008,금비,KOSPI,,40050,3,0,0.0,40600,40600,39900,496,19958100,40050000000,1000000,STK,,유리 및 유리제품 제조업
2124,033830,KR7033830001,티비씨,KOSDAQ,중견기업부,400,0,0,0.0,0,0,0,0,0,40000000000,100000000,KSQ,중견기업부,텔레비전 방송업
2125,239890,KR7239890007,피엔에이치테크,KOSDAQ,기술성장기업부,4020,1,210,5.51,3810,4055,3800,18883,73400520,39941735100,9935755,KSQ,기술성장기업부,기초 화학물질 제조업
2126,311390,KR7311390009,네오크레마,KOSDAQ,벤처기업부,3155,1,110,3.61,2995,3400,2995,22022,70308175,39922704295,12653789,KSQ,벤처기업부,기타 식품 제조업
2127,204020,KR7204020002,그리티,KOSDAQ,우량기업부,2050,1,15,0.74,2035,2105,2015,15684,32105240,39874205600,19450832,KSQ,우량기업부,봉제의복 제조업
2128,066900,KR7066900002,디에이피,KOSDAQ,관리종목(소속부없음),1752,2,-28,-1.57,1779,1779,1700,3710,6394520,39848369256,22744503,KSQ,관리종목(소속부없음),전자부품 제조업
2129,256150,KR7256150004,한독크린텍,KOSDAQ,벤처기업부,4745,1,20,0.42,4755,4755,4685,2749,12975065,39834275000,8395000,KSQ,벤처기업부,일반 목적용 기계 제조업
2130,123570,KR7123570004,이엠넷,KOSDAQ,중견기업부,1787,1,18,1.02,1754,1805,1754,7522,13331518,39807351386,22276078,KSQ,중견기업부,광고업
2131,044960,KR7044960003,이글벳,KOSDAQ,중견기업부,3140,1,75,2.45,3090,3150,3065,27593,85720065,39695512620,12641883,KSQ,중견기업부,기타 전문 도매업
2132,064090,KR7064090004,인크레더블버즈,KOSDAQ,관리종목(소속부없음),798,0,0,0.0,0,0,0,0,0,39694710510,49742745,KSQ,관리종목(소속부없음),상품 종합 도매업
2133,011420,KR7011420007,갤럭시아에스엠,KOSPI,,1438,1,69,5.04,1380,1440,1380,29879,42493951,39616388072,27549644,STK,,스포츠 서비스업
2134,043340,KR7043340009,에쎈테크,KOSDAQ,중견기업부,833,1,32,4.0,801,837,801,54164,44648354,39567500000,47500000,KSQ,중견기업부,일반 목적용 기계 제조업
2135,260660,KR7260660006,알리코제약,KOSDAQ,중견기업부,2580,1,80,3.2,2495,2645,2495,16826,43071610,39543714180,15327021,KSQ,중견기업부,의료용품 및 기타 의약 관련제품 제조업
2136,049800,KR7049800006,우진플라임,KOSPI,,1976,1,116,6.24,1900,1982,1900,25619,49566142,39520000000,20000000,STK,,특수 목적용 기계 제조업
2137,128540,KR7128540002,에코캡,KOSDAQ,우량기업부,1479,1,58,4.08,1421,1490,1403,64617,94370879,39475190340,26690460,KSQ,우량기업부,자동차 신품 부품 제조업
2138,220180,KR7220180004,핸디소프트,KOSDAQ,벤처기업부,1649,2,-21,-1.26,1679,1680,1607,5053,8395231,39461958458,23930842,KSQ,벤처기업부,소프트웨어 개발 및 공급업
2139,122350,KR7122350002,삼기,KOSDAQ,중견기업부,1027,1,23,2.29,993,1049,993,72126,73322501,39374592556,38339428,KSQ,중견기업부,자동차 신품 부품 제조업
2140,020180,KR7020180006,대신정보통신,KOSDAQ,중견기업부,1023,1,28,2.81,1004,1049,1002,211540,217161289,39312780045,38428915,KSQ,중견기업부,"컴퓨터 프로그래밍, 시스템 통합 및 관리업"
2141,013000,KR7013000005,세우글로벌,KOSPI,,1369,1,43,3.24,1340,1379,1322,54779,74502008,39297187439,28705031,STK,,기타 전문 도매업
2142,127710,KR7127710002,아시아경제,KOSDAQ,중견기업부,892,2,-18,-1.98,908,918,879,15983,14334368,39291895320,44049210,KSQ,중견기업부,"자료처리, 호스팅, 포털 및 기타 인터넷 정보매개 서비스업"
2143,332290,KR7332290006,누보,KOSDAQ,벤처기업부,982,1,13,1.34,976,994,957,84123,82321383,39186124728,39904404,KSQ,벤처기업부,"비료, 농약 및 살균, 살충제 제조업"
2144,206560,KR7206560005,덱스터,KOSDAQ,기술성장기업부,1542,1,61,4.12,1470,1550,1437,84315,126826187,39184896912,25411736,KSQ,기술성장기업부,"영화, 비디오물, 방송프로그램 제작 및 배급업"
2145,289220,KR7289220006,자이언트스텝,KOSDAQ,기술성장기업부,1752,1,3,0.17,1750,1804,1735,83233,146135189,39091011192,22312221,KSQ,기술성장기업부,"영화, 비디오물, 방송프로그램 제작 및 배급업"
2146,096630,KR7096630009,에스코넥,KOSDAQ,우량기업부,2450,1,90,3.81,2375,2480,2375,28292,69254240,38896991350,15876323,KSQ,우량기업부,통신 및 방송 장비 제조업
2147,200780,KR7200780005,비씨월드제약,KOSDAQ,중견기업부,3635,1,35,0.97,3605,3740,3600,7070,25661390,38769677735,10665661,KSQ,중견기업부,의약품 제조업
2148,198940,KR7198940009,한주라이트메탈,KOSDAQ,중견기업부,1989,1,49,2.53,1902,2090,1902,382261,759249967,38708901621,19461489,KSQ,중견기업부,1차 비철금속 제조업
2149,263700,KR7263700007,케어랩스,KOSDAQ,중견기업부,1992,1,92,4.84,1911,1995,1911,5672,11153494,38673086400,19414200,KSQ,중견기업부,광고업
2150,290090,KR7290090000,트윔,KOSDAQ,벤처기업부,5190,1,270,5.49,5000,5190,4960,3541,17858105,38616547920,7440568,KSQ,벤처기업부,소프트웨어 개발 및 공급업
2151,101240,KR7101240000,씨큐브,KOSDAQ,우량기업부,3400,1,85,2.56,3315,3420,3310,17894,60499370,38613976800,11357052,KSQ,우량기업부,기초 화학물질 제조업
2152,221840,KR7221840002,하이즈항공,KOSDAQ,중견기업부,2060,2,-20,-0.96,2060,2190,2015,20902,43253395,38523155660,18700561,KSQ,중견기업부,"항공기,우주선 및 부품 제조업"
2153,087600,KR7087600003,픽셀플러스,KOSDAQ,벤처기업부,4710,1,30,0.64,4645,4755,4510,11440,52655435,38464488180,8166558,KSQ,벤처기업부,전자부품 제조업
2154,086040,KR7086040003,바이오톡스텍,KOSDAQ,벤처기업부,2410,1,65,2.77,2360,2415,2335,14471,34479925,38459375270,15958247,KSQ,벤처기업부,자연과학 및 공학 연구개발업
2155,258610,KR7258610005,케일럼,KOSDAQ,중견기업부,1049,1,43,4.27,1006,1065,1006,31944,33159899,38272831087,36485063,KSQ,중견기업부,"구조용 금속제품, 탱크 및 증기발생기 제조업"
2156,019770,KR7019770007,서연탑메탈,KOSDAQ,우량기업부,3285,2,-20,-0.61,3290,3325,3200,13860,45524535,38270250000,11650000,KSQ,우량기업부,특수 목적용 기계 제조업
2157,002880,KR7002880003,디와이에이,KOSPI,,818,1,22,2.76,789,838,789,109525,88852177,38261127910,46773995,STK,,자동차 신품 부품 제조업
2158,049470,KR7049470008,비트플래닛,KOSDAQ,중견기업부,1618,1,52,3.32,1553,1670,1553,20438,33133100,38095646582,23544899,KSQ,중견기업부,소프트웨어 개발 및 공급업
2159,340810,KR7340810001,시선AI,KOSDAQ,기술성장기업부,2785,1,165,6.3,2740,2950,2700,85320,240372667,38001258160,13644976,KSQ,기술성장기업부,소프트웨어 개발 및 공급업
2160,481850,KR7481850006,신한글로벌액티브리츠,KOSPI,,871,1,1,0.11,871,883,861,46398,40381276,37869045344,43477664,STK,,신탁업 및 집합투자업
2161,022220,KR7022220008,티케이지애강,KOSDAQ,중견기업부,731,1,19,2.67,706,731,685,22888,16343674,37861837249,51794579,KSQ,중견기업부,플라스틱제품 제조업
2162,064480,KR7064480007,브리지텍,KOSDAQ,벤처기업부,3165,1,100,3.26,3065,3225,3065,25383,79236400,37829662500,11952500,KSQ,벤처기업부,소프트웨어 개발 및 공급업
2163,089150,KR7089150007,케이씨티,KOSDAQ,벤처기업부,2205,1,100,4.75,2115,2230,2115,39159,85570795,37815750000,17150000,KSQ,벤처기업부,"컴퓨터 프로그래밍, 시스템 통합 및 관리업"
2164,134790,KR7134790005,시디즈,KOSPI,,18860,1,460,2.5,18420,18960,18380,856,15919830,37720000000,2000000,STK,,가구 제조업
2165,088340,KR7088340005,유라클,KOSDAQ,벤처기업부,8640,1,240,2.86,8420,8780,8420,12299,106181560,37708139520,4364368,KSQ,벤처기업부,소프트웨어 개발 및 공급업
2166,081580,KR7081580003,성우전자,KOSDAQ,중견기업부,2430,1,95,4.07,2385,2470,2360,74102,179578875,37684787490,15508143,KSQ,중견기업부,통신 및 방송 장비 제조업
2167,024120,KR7024120008,KB오토시스,KOSDAQ,중견기업부,3275,1,55,1.71,3220,3345,3215,8082,26261185,37662500000,11500000,KSQ,중견기업부,자동차 신품 부품 제조업
2168,464280,KR7464280007,티디에스팜,KOSDAQ,중견기업부,6800,1,430,6.75,6410,6860,6410,6754,45463810,37604000000,5530000,KSQ,중견기업부,의약품 제조업
2169,469750,KR7469750004,아이비젼웍스,KOSDAQ,벤처기업부,1091,2,-4,-0.37,1110,1150,1075,134081,147468790,37592020771,34456481,KSQ,벤처기업부,특수 목적용 기계 제조업
2170,003060,KR7003060001,에이프로젠바이오로직스,KOSPI,,2605,1,105,4.2,2500,2655,2500,28442,73893930,37544234270,14412374,STK,,의약품 제조업
2171,066360,KR7066360009,체리부로,KOSDAQ,우량기업부,782,2,-17,-2.13,806,806,762,355968,276163466,37498475730,47952015,KSQ,우량기업부,"도축, 육류 가공 및 저장 처리업"
2172,083550,KR7083550004,케이엠,KOSDAQ,중견기업부,2765,1,150,5.74,2620,2825,2620,9794,26852405,37482796225,13556165,KSQ,중견기업부,기타 섬유제품 제조업
2173,014570,KR7014570006,고려제약,KOSDAQ,중견기업부,3405,1,55,1.64,3350,3480,3330,6316,21416130,37455000000,11000000,KSQ,중견기업부,의약품 제조업
2174,219750,KR7219750007,한국비티비,KOSDAQ,중견기업부,571,0,0,0.0,0,0,0,0,0,37358751335,65426885,KSQ,중견기업부,의료용 기기 제조업
2175,007120,KR7007120009,미래아이앤지,KOSPI,,1292,1,51,4.11,1231,1325,1231,22844,28780314,37311161536,28878608,STK,,"컴퓨터 프로그래밍, 시스템 통합 및 관리업"
2176,148250,KR7148250004,알엔투테크놀로지,KOSDAQ,벤처기업부,2740,2,-20,-0.72,2760,2870,2660,34636,95782150,37293328960,13610704,KSQ,벤처기업부,전자부품 제조업
2177,335810,KR7335810008,프리시젼바이오,KOSDAQ,기술성장기업부,1698,1,39,2.35,1648,1827,1648,14384,24064333,37270261188,21949506,KSQ,기술성장기업부,의료용 기기 제조업
2178,047080,KR7047080007,한빛소프트,KOSDAQ,중견기업부,1494,2,-16,-1.06,1519,1580,1482,424485,649087640,37084608828,24822362,KSQ,중견기업부,소프트웨어 개발 및 공급업
2179,032790,KR7032790008,엠젠솔루션,KOSDAQ,벤처기업부,1444,1,40,2.85,1392,1460,1392,67395,96073642,37082073064,25680106,KSQ,벤처기업부,기계장비 및 관련 물품 도매업
2180,010640,KR7010640001,진양폴리,KOSPI,,2215,1,15,0.68,2200,2265,2100,165487,358307535,36990500000,16700000,STK,,플라스틱제품 제조업
2181,206400,KR7206400004,베노티앤알,KOSDAQ,중견기업부,986,2,-12,-1.2,961,1047,957,14914,14665406,36985015788,37510158,KSQ,중견기업부,실내건축 및 건축마무리 공사업
2182,364950,KR7364950006,에이아이코리아,KOSDAQ,벤처기업부,4450,1,225,5.33,4250,4490,4250,14404,63721655,36919180250,8296445,KSQ,벤처기업부,특수 목적용 기계 제조업
2183,000890,KR7000890004,보해양조,KOSPI,,1335,1,18,1.37,1324,1355,1300,35720,47510658,36878073375,27624025,STK,,알코올음료 제조업
2184,046310,KR7046310009,백금T&A,KOSDAQ,우량기업부,2245,1,50,2.28,2205,2245,2175,14185,31472950,36859849045,16418641,KSQ,우량기업부,통신 및 방송 장비 제조업
2185,023960,KR7023960008,에쓰씨엔지니어링,KOSPI,,968,1,24,2.54,944,979,944,39621,38045776,36818823800,38035975,STK,,토목 건설업
2186,057030,KR7057030009,YBM넷,KOSDAQ,중견기업부,2255,1,85,3.92,2155,2255,2155,20254,44785835,36785131735,16312697,KSQ,중견기업부,교육지원 서비스업
2187,084870,KR7084870005,TBH글로벌,KOSPI,,1797,2,-78,-4.16,1875,1875,1760,48406,86324234,36763486032,20458256,STK,,봉제의복 제조업
2188,005320,KR7005320007,온타이드,KOSPI,,1071,2,-39,-3.51,1087,1140,1060,220730,240729039,36615181995,34187845,STK,,생활용품 도매업
2189,050120,KR7050120005,ES큐브,KOSDAQ,중견기업부,2695,2,-410,-13.2,3025,3025,2560,23504,63856371,36555211770,13564086,KSQ,중견기업부,생활용품 도매업
2190,050110,KR7050110006,캠시스,KOSDAQ,중견기업부,1250,1,16,1.3,1235,1295,1235,53158,66746776,36531028750,29224823,KSQ,중견기업부,전자부품 제조업
2191,103840,KR7103840005,우양,KOSDAQ,중견기업부,2230,1,30,1.36,2200,2250,2190,28947,64036575,36497134440,16366428,KSQ,중견기업부,"과실, 채소 가공 및 저장 처리업"
2192,052600,KR7052600004,한네트,KOSDAQ,중견기업부,3155,1,75,2.44,3080,3160,3075,18227,56534216,36483473500,11563700,KSQ,중견기업부,전기 통신업
2193,186230,KR7186230009,그린플러스,KOSDAQ,벤처기업부,3335,2,-10,-0.3,3320,3380,3320,10061,33778035,36418826980,10920188,KSQ,벤처기업부,1차 비철금속 제조업
2194,119500,KR7119500007,포메탈,KOSDAQ,중견기업부,3060,1,110,3.73,2960,3100,2960,23670,71637395,36252529920,11847232,KSQ,중견기업부,기타 금속 가공제품 제조업
2195,475460,KR7475460002,미트박스,KOSDAQ,벤처기업부,6410,1,180,2.89,6470,6470,6200,4794,30501350,36194225250,5646525,KSQ,벤처기업부,기타 정보 서비스업
2196,145270,KR7145270005,케이탑리츠,KOSPI,,751,1,1,0.13,750,753,730,31824,23638425,36093641274,48060774,STK,,부동산 임대 및 공급업
2197,407400,KR7407400001,꿈비,KOSDAQ,벤처기업부,2465,1,100,4.23,2370,2525,2370,41974,102871871,36074126310,14634534,KSQ,벤처기업부,가구 제조업
2198,014990,KR7014990006,인디에프,KOSPI,,480,0,0,0.0,0,0,0,0,0,36054237600,75112995,STK,,봉제의복 제조업
2199,160550,KR7160550000,NEW,KOSDAQ,중견기업부,1290,1,62,5.05,1230,1295,1228,31924,40763479,35998876740,27906106,KSQ,중견기업부,"영화, 비디오물, 방송프로그램 제작 및 배급업"
2200,284620,KR7284620002,카이노스메드,KOSDAQ,투자주의환기종목(소속부없음),1087,0,0,0.0,0,0,0,0,0,35965517911,33086953,KSQ,투자주의환기종목(소속부없음),자연과학 및 공학 연구개발업
2201,429270,KR7429270002,시지트로닉스,KOSDAQ,기술성장기업부,5550,1,360,6.94,5380,5690,5340,102229,561202830,35793232050,6449231,KSQ,기술성장기업부,반도체 제조업
2202,388610,KR7388610008,지에프씨생명과학,KOSDAQ,기술성장기업부,6720,1,230,3.54,6560,6870,6550,5584,37575580,35786573760,5325383,KSQ,기술성장기업부,기타 화학제품 제조업
2203,337840,KR7337840003,유엑스엔,KONEX,일반기업부,7530,2,-50,-0.66,7600,7800,7200,249,1864310,35748946080,4747536,KNX,일반기업부,의료용 기기 제조업
2204,079000,KR7079000006,와토스코리아,KOSDAQ,중견기업부,4965,1,15,0.3,4950,4990,4900,12661,62700390,35748000000,7200000,KSQ,중견기업부,플라스틱제품 제조업
2205,068940,KR7068940006,셀피글로벌,KOSDAQ,관리종목(소속부없음),778,0,0,0.0,0,0,0,0,0,35720093048,45912716,KSQ,관리종목(소속부없음),전자부품 제조업
2206,011330,KR7011330008,유니켐,KOSPI,,396,0,0,0.0,0,0,0,0,0,35714383452,90187837,STK,,자동차 신품 부품 제조업
2207,199480,KR7199480005,뱅크웨어글로벌,KOSDAQ,기술성장기업부,3480,1,110,3.26,3380,3535,3365,24182,82745255,35484126240,10196588,KSQ,기술성장기업부,소프트웨어 개발 및 공급업
2208,340440,KR7340440007,세림B&G,KOSDAQ,벤처기업부,1250,1,2,0.16,1223,1266,1215,210561,259317934,35472955000,28378364,KSQ,벤처기업부,플라스틱제품 제조업
2209,203450,KR7203450002,유니온바이오메트릭스,KOSDAQ,벤처기업부,2515,1,30,1.21,2485,2600,2460,16947,42219105,35408702605,14079007,KSQ,벤처기업부,통신 및 방송 장비 제조업
2210,900300,HK0000312568,오가닉티코스메틱,KOSDAQ,외국기업(소속부없음),91,0,0,0.0,0,0,0,0,0,35399443716,389004876,KSQ,외국기업(소속부없음),기타 금융업
2211,071850,KR7071850002,캐스텍코리아,KOSDAQ,투자주의환기종목(소속부없음),1458,1,1,0.07,1466,1466,1385,14561,20784368,35372447604,24260938,KSQ,투자주의환기종목(소속부없음),자동차 신품 부품 제조업
2212,263050,KR7263050007,유틸렉스,KOSDAQ,관리종목(소속부없음),959,0,0,0.0,0,0,0,0,0,35324626904,36834856,KSQ,관리종목(소속부없음),기초 의약물질 제조업
2213,153490,KR7153490008,우리이앤엘하루틴,KOSDAQ,우량기업부,686,2,-9,-1.29,701,718,686,69599,48849668,35315280000,51480000,KSQ,우량기업부,반도체 제조업
2214,112190,KR7112190004,KC산업,KONEX,일반기업부,1298,1,12,0.93,1298,1298,1298,1,1298,35311945922,27204889,KNX,일반기업부,토목 건설업
2215,187270,KR7187270004,신화콘텍,KOSDAQ,벤처기업부,3480,1,115,3.42,3380,3530,3380,1993,6825700,35300580600,10143845,KSQ,벤처기업부,"전동기, 발전기 및 전기 변환 · 공급 · 제어 장치 제조업"
2216,000760,KR7000760009,이화산업,KOSPI,,12580,1,50,0.4,13790,13790,12030,930,11801585,35224000000,2800000,STK,,기타 전문 도매업
2217,133750,KR7133750000,메가엠디,KOSDAQ,중견기업부,1500,1,38,2.6,1451,1525,1451,14204,21201478,35110615500,23407077,KSQ,중견기업부,일반 교습 학원
2218,043910,KR7043910009,자연과환경,KOSDAQ,벤처기업부,3095,1,115,3.86,2985,3295,2980,18331,57426977,35094653775,11339145,KSQ,벤처기업부,"시멘트, 석회, 플라스터 및 그 제품 제조업"
2219,270870,KR7270870009,뉴트리,KOSDAQ,중견기업부,3810,1,300,8.55,3515,3810,3515,6471,24144795,35052853440,9200224,KSQ,중견기업부,기타 식품 제조업
2220,064520,KR7064520000,테크엘,KOSDAQ,중견기업부,1567,2,-3,-0.19,1570,1596,1531,11744,18284699,35024114154,22351062,KSQ,중견기업부,반도체 제조업
2221,0010F0,KR70010F0005,보원케미칼,KOSDAQ,벤처기업부,3135,1,160,5.38,3035,3160,2975,129784,400726929,34935189135,11143601,KSQ,벤처기업부,플라스틱제품 제조업
2222,059100,KR7059100008,아이컴포넌트,KOSDAQ,벤처기업부,4930,1,130,2.71,4840,4945,4835,20874,102058540,34859339800,7070860,KSQ,벤처기업부,전자부품 제조업
2223,004365,KR7004361002,세방우,KOSPI,,9440,1,120,1.29,9300,9450,9300,811,7630820,34826520000,3689250,STK,,
2224,066910,KR7066910001,손오공,KOSDAQ,중견기업부,2600,1,150,6.12,2450,2635,2450,39751,101151080,34805243200,13386632,KSQ,중견기업부,기타 전문 도매업
2225,403490,KR7403490006,우듬지팜,KOSDAQ,벤처기업부,754,2,-13,-1.69,775,799,740,101100,76398412,34633077856,45932464,KSQ,벤처기업부,"과실, 채소 가공 및 저장 처리업"
2226,318410,KR7318410008,비비씨,KOSDAQ,중견기업부,6220,1,300,5.07,5930,6230,5930,9190,56283730,34553611460,5555243,KSQ,중견기업부,기타 화학제품 제조업
2227,475660,KR7475660007,에스켐,KOSDAQ,기술성장기업부,4355,1,195,4.69,4240,4470,4190,13858,60180435,34534431425,7929835,KSQ,기술성장기업부,기타 화학제품 제조업
2228,208860,KR7208860007,다산디엠씨,KOSDAQ,벤처기업부,1017,1,12,1.19,987,1034,987,17140,17458853,34527122541,33949973,KSQ,벤처기업부,소프트웨어 개발 및 공급업
2229,430690,KR7430690008,한싹,KOSDAQ,벤처기업부,3165,1,110,3.6,3055,3200,3055,20995,66015720,34483637160,10895304,KSQ,벤처기업부,소프트웨어 개발 및 공급업
2230,383930,KR7383930005,디티앤씨알오,KOSDAQ,중견기업부,2690,1,370,15.95,2335,2760,2335,221299,573385850,34389304320,12784128,KSQ,중견기업부,자연과학 및 공학 연구개발업
2231,228340,KR7228340006,동양파일,KOSDAQ,중견기업부,1718,1,19,1.12,1701,1724,1700,10876,18563164,34360000000,20000000,KSQ,중견기업부,"시멘트, 석회, 플라스터 및 그 제품 제조업"
2232,376180,KR7376180006,피코그램,KOSDAQ,벤처기업부,1844,1,70,3.95,1760,1951,1760,43481,80574955,34226554072,18561038,KSQ,벤처기업부,그외 기타 제품 제조업
2233,387570,KR7387570005,파인메딕스,KOSDAQ,기술성장기업부,6080,1,30,0.5,6080,6160,6040,2966,18106400,34205472000,5625900,KSQ,기술성장기업부,의료용 기기 제조업
2234,086060,KR7086060001,진바이오텍,KOSDAQ,중견기업부,3960,1,65,1.67,3985,4040,3895,8365,33014770,34097924520,8610587,KSQ,중견기업부,산업용 농·축산물 및 동·식물 도매업
2235,045060,KR7045060001,오공,KOSDAQ,우량기업부,2010,1,30,1.52,1976,2020,1976,10131,20262456,34053367740,16941974,KSQ,우량기업부,기타 화학제품 제조업
2236,003535,KR7003531001,한화투자증권우,KOSPI,,7090,1,290,4.26,7100,7180,6680,7944,55573230,34032000000,4800000,STK,,
2237,276730,KR7276730009,한울앤제주,KOSDAQ,투자주의환기종목(소속부없음),14880,1,1000,7.2,14290,15200,14000,21160,312973790,33996469920,2284709,KSQ,투자주의환기종목(소속부없음),알코올음료 제조업
2238,434480,KR7434480000,모니터랩,KOSDAQ,기술성장기업부,2760,1,120,4.55,2700,2785,2670,21791,59462260,33976428000,12310300,KSQ,기술성장기업부,소프트웨어 개발 및 공급업
2239,080520,KR7080520000,오디텍,KOSDAQ,벤처기업부,3000,1,50,1.69,3035,3090,2935,10994,32917581,33967251000,11322417,KSQ,벤처기업부,반도체 제조업
2240,464500,KR7464500008,아이언디바이스,KOSDAQ,기술성장기업부,2420,1,75,3.2,2370,2440,2325,52894,125260695,33863696460,13993263,KSQ,기술성장기업부,반도체 제조업
2241,025440,KR7025440009,DH오토웨어,KOSDAQ,투자주의환기종목(소속부없음),692,2,-12,-1.7,704,736,692,108577,76090737,33756607008,48781224,KSQ,투자주의환기종목(소속부없음),영상 및 음향기기 제조업
2242,122830,KR7122830003,원포유,KONEX,일반기업부,1030,1,13,1.28,1093,1093,990,4537,4563588,33734544550,32751985,KNX,일반기업부,소프트웨어 개발 및 공급업
2243,001380,KR7001380005,SG글로벌,KOSPI,,1499,1,66,4.61,1433,1500,1433,64733,94961188,33700624429,22482071,STK,,자동차 신품 부품 제조업
2244,002870,KR7002870004,신풍,KOSPI,,964,1,47,5.13,917,990,917,106577,102178131,33700186800,34958700,STK,,기타 전문 도매업
2245,097780,KR7097780001,에코볼트,KOSDAQ,중견기업부,664,0,0,0.0,0,0,0,0,0,33686528072,50732723,KSQ,중견기업부,자동차 신품 부품 제조업
2246,109820,KR7109820001,진매트릭스,KOSDAQ,기술성장기업부,1650,1,29,1.79,1613,1675,1613,12740,20868658,33649506000,20393640,KSQ,기술성장기업부,자연과학 및 공학 연구개발업
2247,021650,KR7021650007,한국큐빅,KOSDAQ,중견기업부,2050,1,5,0.24,2040,2070,2025,4453,9055075,33518654150,16350563,KSQ,중견기업부,플라스틱제품 제조업
2248,026040,KR7026040006,제이에스티나,KOSDAQ,중견기업부,2030,1,83,4.26,1998,2100,1974,21800,44062118,33502693700,16503790,KSQ,중견기업부,귀금속 및 장신용품 제조업
2249,195500,KR7195500004,마니커에프앤지,KOSDAQ,중견기업부,2095,2,-225,-9.7,2365,2425,1979,3002398,6326298557,33473910000,15978000,KSQ,중견기업부,"도축, 육류 가공 및 저장 처리업"
2250,031310,KR7031310006,아이즈비전,KOSDAQ,중견기업부,1124,1,44,4.07,1098,1138,1098,109493,122713021,33435235724,29746651,KSQ,중견기업부,전기 통신업
2251,075970,KR7075970004,동국알앤에스,KOSDAQ,중견기업부,1816,1,50,2.83,1768,1850,1768,17999,32355994,33414400000,18400000,KSQ,중견기업부,기타 비금속 광물제품 제조업
2252,075130,KR7075130005,플랜티넷,KOSDAQ,벤처기업부,2000,1,20,1.01,1980,2040,1980,23584,47548177,33244640000,16622320,KSQ,벤처기업부,"컴퓨터 프로그래밍, 시스템 통합 및 관리업"
2253,351320,KR7351320007,넥사다이내믹스,KOSDAQ,중견기업부,1118,1,2,0.18,1118,1144,1070,36292,40665339,33203081756,29698642,KSQ,중견기업부,특수 목적용 기계 제조업
2254,060540,KR7060540002,에스에이티,KOSDAQ,중견기업부,1267,1,1,0.08,1258,1290,1256,15804,20139095,33110898702,26133306,KSQ,중견기업부,"측정, 시험, 항해, 제어 및 기타 정밀기기 제조업; 광학기기 제외"
2255,373170,KR7373170000,엠아이큐브솔루션,KOSDAQ,벤처기업부,2190,2,-35,-1.57,2220,2225,2165,16453,36084920,33099200100,15113790,KSQ,벤처기업부,소프트웨어 개발 및 공급업
2256,464580,KR7464580000,닷밀,KOSDAQ,기술성장기업부,1798,1,48,2.74,1750,1805,1726,34236,60289926,33094148022,18406089,KSQ,기술성장기업부,"영화, 비디오물, 방송프로그램 제작 및 배급업"
2257,450520,KR7450520002,인스웨이브,KOSDAQ,벤처기업부,2250,1,95,4.41,2170,2275,2165,18230,40630140,33085300500,14704578,KSQ,벤처기업부,소프트웨어 개발 및 공급업
2258,208710,KR7208710004,포톤,KOSDAQ,중견기업부,2510,1,40,1.62,2600,2680,2460,233488,593699288,33082131320,13180132,KSQ,중견기업부,전자부품 제조업
2259,001000,KR7001000009,신라섬유,KOSDAQ,중견기업부,1362,2,-13,-0.95,1341,1406,1301,199495,271517094,33066009480,24277540,KSQ,중견기업부,부동산 임대 및 공급업
2260,032860,KR7032860009,더라미,KOSDAQ,중견기업부,817,1,22,2.77,846,846,784,11515,9348998,33003420071,40395863,KSQ,중견기업부,"해체, 선별 및 원료 재생업"
2261,363250,KR7363250002,진시스템,KOSDAQ,기술성장기업부,3875,1,170,4.59,3895,3940,3595,23956,90864250,32969980250,8508382,KSQ,기술성장기업부,의료용 기기 제조업
2262,031510,KR7031510001,오스템,KOSDAQ,중견기업부,1177,2,-8,-0.68,1183,1224,1145,150627,174890416,32956000000,28000000,KSQ,중견기업부,자동차 신품 부품 제조업
2263,495810,KR7495810004,유비씨,KONEX,일반기업부,13120,0,0,0.0,0,0,0,0,0,32800000000,2500000,KNX,일반기업부,소프트웨어 개발 및 공급업
2264,363260,KR7363260001,모비데이즈,KOSDAQ,벤처기업부,1018,1,45,4.62,973,1030,971,95022,95427484,32742716842,32163769,KSQ,벤처기업부,광고업
2265,088790,KR7088790001,진도,KOSPI,,2630,1,95,3.75,2545,2675,2545,4622,11969890,32737566720,12447744,STK,,기타 전문 도매업
2266,262840,KR7262840002,아이퀘스트,KOSDAQ,벤처기업부,3090,1,100,3.34,2975,3215,2950,36131,110064465,32651881680,10566952,KSQ,벤처기업부,소프트웨어 개발 및 공급업
2267,004870,KR7004870002,티웨이홀딩스,KOSPI,,286,1,19,7.12,273,310,271,2548470,742787168,32364759284,113163494,STK,,"시멘트, 석회, 플라스터 및 그 제품 제조업"
2268,054780,KR7054780002,키이스트,KOSDAQ,중견기업부,1646,1,120,7.86,1526,1664,1526,39848,63417172,32356727278,19657793,KSQ,중견기업부,"영화, 비디오물, 방송프로그램 제작 및 배급업"
2269,058110,KR7058110008,멕아이씨에스,KOSDAQ,기술성장기업부,2015,1,94,4.89,1943,2080,1922,26220,52484354,32341817950,16050530,KSQ,기술성장기업부,의료용 기기 제조업
2270,33637K,KR733637K010,솔루스첨단소재1우,KOSPI,,1912,1,121,6.76,1805,1935,1805,34995,65694137,32329560592,16908766,STK,,
2271,446440,KR7446440000,에피바이오텍,KONEX,일반기업부,13990,1,990,7.62,14000,14000,13000,14,192490,32273237210,2306879,KNX,일반기업부,자연과학 및 공학 연구개발업
2272,288980,KR7288980006,모아데이타,KOSDAQ,기술성장기업부,887,2,-10,-1.11,921,921,871,148985,132686651,32270283173,36381379,KSQ,기술성장기업부,소프트웨어 개발 및 공급업
2273,277410,KR7277410007,인산가,KOSDAQ,벤처기업부,840,1,24,2.94,812,848,800,63488,52109910,32265664200,38411505,KSQ,벤처기업부,기타 식품 제조업
2274,308170,KR7308170000,씨티알모빌리티,KOSPI,,3745,1,50,1.35,3710,3775,3595,20104,73731100,32244450000,8610000,STK,,자동차 신품 부품 제조업
2275,025750,KR7025750001,한솔홈데코,KOSPI,,2000,1,120,6.38,1836,2015,1836,66450,128404275,32226058000,16113029,STK,,제재 및 목재 가공업
2276,005820,KR7005820006,원림,KOSPI,,14020,1,420,3.09,13680,14020,13550,1070,14717260,32217539400,2297970,STK,,직물직조 및 직물제품 제조업
2277,001210,KR7001210004,금호전기,KOSPI,,518,1,25,5.07,493,522,485,234796,117944241,32053882994,61880083,STK,,전구 및 조명장치 제조업
2278,023150,KR7023150006,MH에탄올,KOSPI,,4340,1,115,2.72,4225,4380,4225,23251,100647665,32022802840,7378526,STK,,알코올음료 제조업
2279,043200,KR7043200005,파루,KOSDAQ,벤처기업부,766,1,7,0.92,752,780,742,106830,81147015,32022105290,41804315,KSQ,벤처기업부,"전동기, 발전기 및 전기 변환 · 공급 · 제어 장치 제조업"
2280,012620,KR7012620001,원일특강,KOSDAQ,우량기업부,7260,1,140,1.97,7140,7340,7140,1134,8223585,31944000000,4400000,KSQ,우량기업부,1차 철강 제조업
2281,019570,KR7019570001,플루토스,KOSDAQ,중견기업부,334,1,8,2.45,324,338,323,139156,46213334,31880314028,95450042,KSQ,중견기업부,신탁업 및 집합투자업
2282,336060,KR7336060009,웨이버스,KOSDAQ,벤처기업부,662,2,-19,-2.79,675,698,660,88485,59506268,31878742400,48155200,KSQ,벤처기업부,소프트웨어 개발 및 공급업
2283,044480,KR7044480002,빌리언스,KOSDAQ,중견기업부,958,1,10,1.05,962,999,900,34446,32709344,31854377528,33250916,KSQ,중견기업부,창작 및 예술관련 서비스업
2284,406820,KR7406820001,뷰티스킨,KOSDAQ,벤처기업부,2250,2,-185,-7.6,2500,2610,2200,1711763,4029767411,31806353250,14136157,KSQ,벤처기업부,기타 화학제품 제조업
2285,356890,KR7356890004,싸이버원,KOSDAQ,벤처기업부,2660,1,85,3.3,2625,2700,2585,23847,63254660,31797174500,11953825,KSQ,벤처기업부,소프트웨어 개발 및 공급업
2286,099390,KR7099390007,브레인즈컴퍼니,KOSDAQ,벤처기업부,3870,1,70,1.84,3780,4075,3765,23745,90782365,31766055210,8208283,KSQ,벤처기업부,소프트웨어 개발 및 공급업
2287,002420,KR7002420008,세기상사,KOSPI,,5310,2,-240,-4.32,5550,5580,5310,29144,156098840,31700423880,5969948,STK,,연료 소매업
2288,057680,KR7057680001,티사이언티픽,KOSDAQ,벤처기업부,2220,2,-60,-2.63,2300,2310,2120,13080,29151120,31634334000,14249700,KSQ,벤처기업부,소프트웨어 개발 및 공급업
2289,359090,KR7359090008,씨엔알리서치,KOSDAQ,중견기업부,550,0,0,0.0,0,0,0,0,0,31608894350,57470717,KSQ,중견기업부,"그외 기타 전문, 과학 및 기술 서비스업"
2290,438700,KR7438700007,버넥트,KOSDAQ,기술성장기업부,2835,1,20,0.71,2925,2935,2650,172472,479462102,31595763150,11144890,KSQ,기술성장기업부,소프트웨어 개발 및 공급업
2291,200350,KR7200350007,아티스트스튜디오,KOSDAQ,기술성장기업부,3150,1,135,4.48,3025,3160,3025,15517,48294130,31487478750,9996025,KSQ,기술성장기업부,"영화, 비디오물, 방송프로그램 제작 및 배급업"
2292,318020,KR7318020005,포인트모바일,KOSDAQ,벤처기업부,2555,1,120,4.93,2435,2555,2410,11477,28699490,31429749960,12301272,KSQ,벤처기업부,컴퓨터 및 주변장치 제조업
2293,106240,KR7106240005,파인테크닉스,KOSDAQ,벤처기업부,1315,1,36,2.81,1279,1355,1279,30634,40284165,31398702100,23877340,KSQ,벤처기업부,전구 및 조명장치 제조업
2294,169330,KR7169330008,엠브레인,KOSDAQ,중견기업부,1712,2,-3,-0.17,1715,1766,1692,3179,5433407,31358563616,18316918,KSQ,중견기업부,시장조사 및 여론조사업
2295,187220,KR7187220009,디티앤씨,KOSDAQ,중견기업부,2720,1,60,2.26,2665,2785,2665,9015,24691170,31347817760,11524933,KSQ,중견기업부,기타 과학기술 서비스업
2296,159910,KR7159910009,에코글로우,KOSDAQ,중견기업부,2985,1,15,0.51,3060,3090,2935,3423,10215170,31244284545,10467097,KSQ,중견기업부,기타 화학제품 제조업
2297,258830,KR7258830009,세종메디칼,KOSDAQ,관리종목(소속부없음),412,0,0,0.0,0,0,0,0,0,31223976612,75786351,KSQ,관리종목(소속부없음),의료용 기기 제조업
2298,053950,KR7053950002,경남제약,KOSDAQ,중견기업부,1993,1,30,1.53,1963,2045,1963,42883,86030095,31149535703,15629471,KSQ,중견기업부,의약품 제조업
2299,079650,KR7079650008,서산,KOSDAQ,중견기업부,1557,1,257,19.77,1500,1690,1407,4915286,7597913944,31140000000,20000000,KSQ,중견기업부,"시멘트, 석회, 플라스터 및 그 제품 제조업"
2300,001070,KR7001070002,대한방직,KOSPI,,5870,2,-80,-1.34,5950,5950,5770,7627,44652420,31111000000,5300000,STK,,직물직조 및 직물제품 제조업
2301,114630,KR7114630007,폴라리스우노,KOSDAQ,우량기업부,1805,1,37,2.09,1768,1813,1694,194309,338443991,31109622640,17235248,KSQ,우량기업부,화학섬유 제조업
2302,013720,KR7013720008,THE CUBE&,KOSDAQ,중견기업부,510,1,21,4.29,485,536,482,294575,149521710,31022352930,60828143,KSQ,중견기업부,자동차 신품 부품 제조업
2303,045300,KR7045300001,성우테크론,KOSDAQ,중견기업부,2930,1,60,2.09,2970,2970,2830,15983,46256615,30902745160,10547012,KSQ,중견기업부,전자부품 제조업
2304,038950,KR7038950002,파인디지털,KOSDAQ,중견기업부,3020,2,-5,-0.17,2985,3125,2985,3246,9744905,30836510300,10210765,KSQ,중견기업부,통신 및 방송 장비 제조업
2305,254120,KR7254120009,자비스,KOSDAQ,기술성장기업부,1000,1,38,3.95,985,1027,979,74564,74316682,30754270000,30754270,KSQ,기술성장기업부,특수 목적용 기계 제조업
2306,263920,KR7263920001,휴엠앤씨,KOSDAQ,중견기업부,3135,1,30,0.97,3195,3195,3095,6620,20615760,30751296510,9809026,KSQ,중견기업부,그외 기타 제품 제조업
2307,296640,KR7296640006,이노에이엑스,KOSDAQ,벤처기업부,5920,1,100,1.72,6100,6200,5630,3584,21265200,30655251840,5178252,KSQ,벤처기업부,소프트웨어 개발 및 공급업
2308,073540,KR7073540007,에프알텍,KOSDAQ,벤처기업부,2675,1,30,1.13,2650,2720,2640,42834,114865940,30495000000,11400000,KSQ,벤처기업부,통신 및 방송 장비 제조업
2309,068050,KR7068050004,팬엔터테인먼트,KOSDAQ,중견기업부,1101,1,4,0.36,1097,1129,1080,19755,21951123,30491177676,27694076,KSQ,중견기업부,"영화, 비디오물, 방송프로그램 제작 및 배급업"
2310,037370,KR7037370004,EG,KOSDAQ,벤처기업부,3530,1,100,2.92,3445,3580,3445,3584,12683415,30446151160,8624972,KSQ,벤처기업부,기초 화학물질 제조업
2311,351870,KR7351870001,차이커뮤니케이션,KOSDAQ,중견기업부,2725,1,30,1.11,2675,2745,2615,2265,6020010,30412749450,11160642,KSQ,중견기업부,광고업
2312,027040,KR7027040005,서울전자통신,KOSDAQ,중견기업부,2185,1,95,4.55,2095,2245,2095,180525,391498915,30410325265,13917769,KSQ,중견기업부,"전동기, 발전기 및 전기 변환 · 공급 · 제어 장치 제조업"
2313,243870,KR7243870003,아이티센코어,KONEX,일반기업부,10450,1,1250,13.59,10580,10580,10000,1156,12198800,30227993950,2892631,KNX,일반기업부,"컴퓨터 프로그래밍, 시스템 통합 및 관리업"
2314,246250,KR7246250005,에스엘에스바이오,KOSDAQ,관리종목(소속부없음),1969,0,0,0.0,0,0,0,0,0,30220617614,15348206,KSQ,관리종목(소속부없음),"그외 기타 전문, 과학 및 기술 서비스업"
2315,130500,KR7130500002,GH신소재,KOSDAQ,중견기업부,2075,1,65,3.23,2010,2120,2010,5503,11354825,30180982900,14545052,KSQ,중견기업부,기타 섬유제품 제조업
2316,195990,KR7195990007,에이비프로바이오,KOSDAQ,관리종목(소속부없음),926,1,9,0.98,910,948,910,53101,49249939,30165142648,32575748,KSQ,관리종목(소속부없음),특수 목적용 기계 제조업
2317,290520,KR7290520006,신도기연,KOSDAQ,벤처기업부,1890,1,118,6.66,1790,1949,1790,6295,11762629,30106494180,15929362,KSQ,벤처기업부,특수 목적용 기계 제조업
2318,462310,KR7462310004,뉴키즈온,KOSDAQ,중견기업부,3675,2,-55,-1.47,3700,3785,3610,10962,40300615,30080319675,8185121,KSQ,중견기업부,봉제의복 제조업
2319,008250,KR7008250003,이건산업,KOSPI,,2745,1,110,4.17,2665,2770,2665,15055,40922390,30064983075,10952635,STK,,나무제품 제조업
2320,131090,KR7131090003,시큐브,KOSDAQ,벤처기업부,3925,2,-25,-0.63,3970,4015,3895,10426,40888375,30058517425,7658221,KSQ,벤처기업부,소프트웨어 개발 및 공급업
2321,007720,KR7007720006,소노스퀘어,KOSDAQ,중견기업부,298,1,10,3.47,285,313,285,170178,50215332,30038534100,100800450,KSQ,중견기업부,상품 종합 도매업
2322,039740,KR7039740006,한국정보공학,KOSDAQ,벤처기업부,3740,1,170,4.76,4490,4640,3610,1486067,6065369898,29988804780,8018397,KSQ,벤처기업부,기타 전문 도매업
2323,457600,KR7457600005,벡트,KOSDAQ,벤처기업부,2185,1,170,8.44,2020,2230,2015,149210,319905370,29950887500,13707500,KSQ,벤처기업부,영상 및 음향기기 제조업
2324,000040,KR7000040006,KR모터스,KOSPI,,345,1,5,1.47,342,360,341,89732,31022426,29799438480,86375184,STK,,그외 기타 운송장비 제조업
2325,038620,KR7038620001,위즈코프,KOSDAQ,벤처기업부,1963,1,143,7.86,1820,1969,1820,58391,111001816,29731387959,15145893,KSQ,벤처기업부,연료 소매업
2326,318000,KR7318000007,KBG,KOSDAQ,벤처기업부,3395,1,110,3.35,3225,3400,3225,3378,11318015,29673057085,8740223,KSQ,벤처기업부,합성고무 및 플라스틱 물질 제조업
2327,241840,KR7241840008,에이스토리,KOSDAQ,중견기업부,3105,1,75,2.48,3035,3125,2930,10538,32422870,29621681370,9539994,KSQ,중견기업부,"영화, 비디오물, 방송프로그램 제작 및 배급업"
2328,257370,KR7257370007,피엔티엠에스,KOSDAQ,벤처기업부,2365,1,60,2.6,2305,2470,2295,14435,34163055,29573996265,12504861,KSQ,벤처기업부,특수 목적용 기계 제조업
2329,148930,KR7148930001,에이치와이티씨,KOSDAQ,중견기업부,2905,1,65,2.29,2815,2950,2815,52706,153106465,29558993765,10175213,KSQ,중견기업부,기타 금속 가공제품 제조업
2330,239610,KR7239610009,에이치엘사이언스,KOSDAQ,벤처기업부,5460,2,-200,-3.53,5410,5690,5410,4203,23325050,29440947900,5392115,KSQ,벤처기업부,기타 식품 제조업
2331,012160,KR7012160008,영흥,KOSPI,,376,0,0,0.0,0,0,0,0,0,29366922392,78103517,STK,,1차 철강 제조업
2332,440320,KR7440320000,오픈놀,KOSDAQ,기술성장기업부,2985,1,60,2.05,2915,3110,2905,41287,123827560,29342550000,9830000,KSQ,기술성장기업부,소프트웨어 개발 및 공급업
2333,048470,KR7048470009,대동스틸,KOSDAQ,중견기업부,3035,1,90,3.06,2945,3080,2945,32831,99119000,29287750000,9650000,KSQ,중견기업부,기타 전문 도매업
2334,065950,KR7065950008,웰크론,KOSDAQ,중견기업부,1037,2,-3,-0.29,1010,1088,1010,36580,38438825,29275860174,28231302,KSQ,중견기업부,직물직조 및 직물제품 제조업
2335,300120,KR7300120003,라온피플,KOSDAQ,벤처기업부,588,2,-9,-1.51,605,621,579,475279,282011058,29108361408,49504016,KSQ,벤처기업부,소프트웨어 개발 및 공급업
2336,019175,KR7019171008,신풍제약우,KOSPI,,14570,1,780,5.66,13820,14900,13820,155,2298000,29012221100,1991230,STK,,
2337,035200,KR7035200005,프럼파스트,KOSDAQ,벤처기업부,2980,2,-20,-0.67,3000,3100,2950,51796,155195544,28997158200,9730590,KSQ,벤처기업부,플라스틱제품 제조업
2338,033200,KR7033200007,모아텍,KOSDAQ,투자주의환기종목(소속부없음),3150,1,160,5.35,3005,3195,2995,11737,36267099,28994266350,9204529,KSQ,투자주의환기종목(소속부없음),전자부품 제조업
2339,078590,KR7078590007,휴림에이텍,KOSDAQ,중견기업부,2900,1,190,7.01,2860,3145,2795,125117,368617884,28976275100,9991819,KSQ,중견기업부,자동차 신품 부품 제조업
2340,009810,KR7009810003,플레이그램,KOSPI,,1906,1,17,0.9,1889,1918,1800,4049,7646077,28949757500,15188750,STK,,기타 전문 도매업
2341,177830,KR7177830007,파버나인,KOSDAQ,벤처기업부,2555,1,25,0.99,2550,2575,2540,3530,9019827,28937912115,11325993,KSQ,벤처기업부,전자부품 제조업
2342,006570,KR7006570006,대림통상,KOSPI,,1900,3,0,0.0,1897,1906,1881,9734,18517932,28927500000,15225000,STK,,기타 금속 가공제품 제조업
2343,010400,KR7010400000,우진아이엔에스,KOSPI,,3795,1,125,3.41,3690,4110,3665,14669,56876660,28925490000,7622000,STK,,건물설비 설치 공사업
2344,021880,KR7021880000,메이슨캐피탈,KOSDAQ,중견기업부,136,0,0,0.0,0,0,0,0,0,28857079488,212184408,KSQ,중견기업부,기타 금융업
2345,131220,KR7131220006,대한과학,KOSDAQ,벤처기업부,3860,1,65,1.71,3800,3870,3800,8629,33169330,28774331400,7454490,KSQ,벤처기업부,기계장비 및 관련 물품 도매업
2346,238490,KR7238490007,힘스,KOSDAQ,벤처기업부,2540,2,-25,-0.97,2565,2570,2505,3472,8822609,28733079440,11312236,KSQ,벤처기업부,특수 목적용 기계 제조업
2347,017000,KR7017000001,신원종합개발,KOSDAQ,우량기업부,2455,1,90,3.81,2400,2500,2350,37572,90481910,28645006285,11668027,KSQ,우량기업부,건물 건설업
2348,003680,KR7003680006,한성기업,KOSPI,,4610,1,75,1.65,4600,4700,4560,1456,6721235,28625864150,6209515,STK,,수산물 가공 및 저장 처리업
2349,024070,KR7024070005,WISCOM,KOSPI,,1862,1,30,1.64,1835,1922,1835,15052,27966176,28537827556,15326438,STK,,플라스틱제품 제조업
2350,191600,KR7191600006,블루탑,KONEX,일반기업부,9960,1,1100,12.42,9960,9960,9960,1,9960,28474922880,2858928,KNX,일반기업부,전자부품 제조업
2351,162120,KR7162120000,루켄테크놀러지스,KONEX,일반기업부,2550,1,145,6.03,2585,2585,2410,983,2446910,28449335100,11156602,KNX,일반기업부,기타 전기장비 제조업
2352,002025,KR7002021004,코오롱우,KOSPI,,24450,1,500,2.09,23950,24750,22750,708,17017350,28372684650,1160437,STK,,
2353,900070,KYG3931T1076,글로벌에스엠,KOSDAQ,외국기업(소속부없음),1054,2,-166,-13.61,1220,1220,1000,559292,589347470,28323071136,26871984,KSQ,외국기업(소속부없음),기타 금융업
2354,038870,KR7038870002,에코심플렉스,KOSDAQ,중견기업부,2020,1,91,4.72,1962,2075,1958,12625,25710055,28310196980,14014949,KSQ,중견기업부,사업시설 유지·관리 서비스업
2355,252500,KR7252500004,세화피앤씨,KOSDAQ,중견기업부,682,2,-3,-0.44,676,698,659,57653,39195404,28293717980,41486390,KSQ,중견기업부,기타 화학제품 제조업
2356,016670,KR7016670002,디모아,KOSDAQ,중견기업부,2775,1,90,3.35,2765,2775,2650,3833,10356715,28288999350,10194234,KSQ,중견기업부,기타 전문 도매업
2357,398120,KR7398120006,에스지헬스케어,KOSDAQ,벤처기업부,2390,1,35,1.49,2440,2440,2335,26900,63745210,28246241290,11818511,KSQ,벤처기업부,의료용 기기 제조업
2358,013810,KR7013810007,스페코,KOSDAQ,중견기업부,1925,1,75,4.05,1844,1960,1844,39198,73473310,28211779750,14655470,KSQ,중견기업부,특수 목적용 기계 제조업
2359,142760,KR7142760008,모아라이프플러스,KOSDAQ,기술성장기업부,669,2,-18,-2.62,651,679,640,55051,36141056,28209709620,42166980,KSQ,기술성장기업부,자연과학 및 공학 연구개발업
2360,030720,KR7030720007,동원수산,KOSPI,,6060,1,80,1.34,5980,6130,5980,9553,57910710,28202058300,4653805,STK,,어로 어업
2361,318010,KR7318010006,팜스빌,KOSDAQ,벤처기업부,3550,2,-5,-0.14,3590,3645,3550,5980,21289325,28149149900,7929338,KSQ,벤처기업부,기타 식품 제조업
2362,033250,KR7033250002,체시스,KOSPI,,4395,1,85,1.97,4320,4400,4265,11446,49382600,28128000000,6400000,STK,,자동차 신품 부품 제조업
2363,006345,KR7006341002,대원전선우,KOSPI,,10730,1,380,3.67,11200,11880,10090,356973,3879159920,28125476000,2621200,STK,,
2364,002690,KR7002690006,동일제강,KOSPI,,1382,1,56,4.22,1326,1400,1326,12297,16855336,28055097520,20300360,STK,,1차 철강 제조업
2365,225220,KR7225220003,제놀루션,KOSDAQ,벤처기업부,1461,1,1,0.07,1491,1491,1444,8057,11804717,28036620681,19190021,KSQ,벤처기업부,기초 의약물질 제조업
2366,131100,KR7131100000,티엔엔터테인먼트,KOSDAQ,중견기업부,868,1,56,6.9,812,871,801,14462,12256022,27990156432,32246724,KSQ,중견기업부,"영화, 비디오물, 방송프로그램 제작 및 배급업"
2367,403360,KR7403360001,라피치,KONEX,일반기업부,7800,2,-400,-4.88,8200,8300,7600,44,348900,27969372600,3585817,KNX,일반기업부,소프트웨어 개발 및 공급업
2368,033050,KR7033050006,제이엠아이,KOSDAQ,중견기업부,877,1,9,1.04,868,892,850,15521,13636901,27923090656,31839328,KSQ,중견기업부,기타 화학제품 제조업
2369,115160,KR7115160004,휴맥스,KOSDAQ,중견기업부,6470,1,70,1.09,6340,6520,6000,9435,59749480,27899558740,4312142,KSQ,중견기업부,기계장비 및 관련 물품 도매업
2370,462510,KR7462510009,라메디텍,KOSDAQ,기술성장기업부,3150,1,185,6.24,2965,3180,2965,19251,59119165,27729339750,8802965,KSQ,기술성장기업부,의료용 기기 제조업
2371,342870,KR7342870003,오아,KOSDAQ,중견기업부,5080,1,165,3.36,4800,5280,4800,4242,20744470,27687000760,5450197,KSQ,중견기업부,가전제품 및 정보통신장비 소매업
2372,237750,KR7237750005,피앤씨테크,KOSDAQ,벤처기업부,4260,1,75,1.79,4190,4290,4150,10871,45694490,27675516000,6496600,KSQ,벤처기업부,"전동기, 발전기 및 전기 변환 · 공급 · 제어 장치 제조업"
2373,290270,KR7290270008,휴네시온,KOSDAQ,벤처기업부,2880,1,70,2.49,2810,2910,2810,16030,45895895,27670095360,9607672,KSQ,벤처기업부,소프트웨어 개발 및 공급업
2374,065370,KR7065370009,위세아이텍,KOSDAQ,벤처기업부,3745,1,185,5.2,3595,3755,3565,8425,31007925,27652907730,7383954,KSQ,벤처기업부,소프트웨어 개발 및 공급업
2375,079170,KR7079170007,한창산업,KOSDAQ,우량기업부,5300,1,130,2.51,5190,5390,5140,1272,6648500,27560000000,5200000,KSQ,우량기업부,1차 비철금속 제조업
2376,311060,KR7311060008,엘에이티,KONEX,일반기업부,3490,1,5,0.14,3495,3495,3490,11,38440,27473747660,7872134,KNX,일반기업부,특수 목적용 기계 제조업
2377,008470,KR7008470007,부스타,KOSDAQ,벤처기업부,3260,1,75,2.35,3250,3275,3230,6844,22236435,27399648000,8404800,KSQ,벤처기업부,"구조용 금속제품, 탱크 및 증기발생기 제조업"
2378,317240,KR7317240000,TS트릴리온,KOSDAQ,벤처기업부,939,1,55,6.22,910,998,910,91742,85661612,27396931629,29176711,KSQ,벤처기업부,기타 화학제품 제조업
2379,090370,KR7090370008,메타랩스,KOSPI,,1099,1,22,2.04,1078,1110,1078,19173,20935925,27370253211,24904689,STK,,봉제의복 제조업
2380,080530,KR7080530009,코디,KOSDAQ,중견기업부,2460,1,115,4.9,2315,2490,2315,7774,18481665,27311350500,11102175,KSQ,중견기업부,기타 화학제품 제조업
2381,462980,KR7462980004,아이지넷,KOSDAQ,기술성장기업부,1494,1,61,4.26,1439,1518,1439,59709,87845880,27242248878,18234437,KSQ,기술성장기업부,기타 정보 서비스업
2382,043220,KR7043220003,티에스넥스젠,KOSDAQ,관리종목(소속부없음),1710,0,0,0.0,0,0,0,0,0,27227331360,15922416,KSQ,관리종목(소속부없음),특수 목적용 기계 제조업
2383,397810,KR7397810003,애드포러스,KOSDAQ,벤처기업부,5270,1,240,4.77,5090,5270,5090,2778,14264840,27197257900,5160770,KSQ,벤처기업부,광고업
2384,014130,KR7014130009,한익스프레스,KOSPI,,2265,1,15,0.67,2260,2315,2240,21654,48937974,27180000000,12000000,STK,,도로 화물 운송업
2385,045510,KR7045510005,정원엔시스,KOSDAQ,중견기업부,843,1,38,4.72,814,860,814,28268,23601054,27152433156,32209292,KSQ,중견기업부,기계장비 및 관련 물품 도매업
2386,009460,KR7009460007,한창제지,KOSPI,,2270,1,5,0.22,2255,2305,2250,17958,40796227,27089038190,11933497,STK,,"펄프, 종이 및 판지 제조업"
2387,274400,KR7274400001,이노시뮬레이션,KOSDAQ,기술성장기업부,2970,1,155,5.51,2780,3100,2780,11190,33040995,26986884210,9086493,KSQ,기술성장기업부,소프트웨어 개발 및 공급업
2388,091340,KR7091340000,S&K폴리텍,KOSDAQ,중견기업부,2305,1,130,5.98,2610,2700,2250,285969,700024805,26977076905,11703721,KSQ,중견기업부,전자부품 제조업
2389,071950,KR7071950000,코아스,KOSPI,,2165,2,-290,-11.81,2455,2595,2100,139195,316700835,26974157175,12459195,STK,,가구 제조업
2390,405920,KR7405920000,나라셀라,KOSDAQ,중견기업부,2085,1,50,2.46,2105,2105,2000,3734,7618695,26850788460,12878076,KSQ,중견기업부,음·식료품 및 담배 도매업
2391,068100,KR7068100007,케이웨더,KOSDAQ,기술성장기업부,2250,2,-20,-0.88,2255,2295,2225,8319,18759925,26836956000,11927536,KSQ,기술성장기업부,일반 목적용 기계 제조업
2392,33626L,KR733626K021,두산퓨얼셀2우B,KOSPI,,8950,1,290,3.35,8670,9080,8670,3526,31180370,26727385000,2986300,STK,,
2393,101400,KR7101400000,엔시트론,KOSDAQ,중견기업부,2275,1,235,11.52,2200,2400,2055,100922,228924800,26712567700,11741788,KSQ,중견기업부,반도체 제조업
2394,032750,KR7032750002,삼진,KOSDAQ,우량기업부,2940,1,100,3.52,2855,2955,2855,8914,26067365,26551498680,9031122,KSQ,우량기업부,통신 및 방송 장비 제조업
2395,005110,KR7005110002,한창,KOSPI,,1254,0,0,0.0,0,0,0,0,0,26467434378,21106407,STK,,기계장비 및 관련 물품 도매업
2396,019660,KR7019660000,글로본,KOSDAQ,중견기업부,1896,1,17,0.9,1882,1930,1866,3959,7493465,26438455368,13944333,KSQ,중견기업부,상품 종합 도매업
2397,233990,KR7233990001,질경이,KONEX,일반기업부,1635,2,-49,-2.91,1650,1650,1635,84,137820,26370153090,16128534,KNX,일반기업부,기타 화학제품 제조업
2398,006740,KR7006740005,블루산업개발,KOSPI,,5550,0,0,0.0,0,0,0,0,0,26351205750,4747965,STK,,"골판지, 종이 상자 및 종이용기 제조업"
2399,900110,HK0000057197,딥커머스,KOSDAQ,외국기업(소속부없음),713,0,0,0.0,0,0,0,0,0,26291693185,36874745,KSQ,외국기업(소속부없음),기타 금융업
2400,063760,KR7063760003,이엘피,KOSDAQ,벤처기업부,2815,1,15,0.54,2805,2885,2790,30391,85537270,26250240950,9325130,KSQ,벤처기업부,"측정, 시험, 항해, 제어 및 기타 정밀기기 제조업; 광학기기 제외"
2401,056730,KR7056730005,CNT85,KOSDAQ,중견기업부,1770,1,50,2.91,1708,1798,1708,2788,4877249,26235359490,14822237,KSQ,중견기업부,건물 건설업
2402,143210,KR7143210003,핸즈코퍼레이션,KOSPI,,1199,0,0,0.0,0,0,0,0,0,26229020653,21875747,STK,,자동차 신품 부품 제조업
2403,015260,KR7015260003,에이엔피,KOSPI,,555,1,30,5.71,525,598,525,198956,111039195,26149876170,47116894,STK,,전자부품 제조업
2404,002355,KR7002351005,넥센타이어1우B,KOSPI,,4015,1,85,2.16,3950,4050,3910,15279,60891552,26097500000,6500000,STK,,
2405,039290,KR7039290002,인포뱅크,KOSDAQ,중견기업부,3000,1,25,0.84,2975,3030,2900,16997,50680640,26081934000,8693978,KSQ,중견기업부,기타 정보 서비스업
2406,001810,KR7001810001,무림SP,KOSDAQ,중견기업부,1177,1,31,2.71,1146,1186,1145,12657,14627206,26055837500,22137500,KSQ,중견기업부,"펄프, 종이 및 판지 제조업"
2407,347770,KR7347770000,핌스,KOSDAQ,중견기업부,1139,2,-21,-1.81,1159,1187,1125,21083,24169996,26034170838,22857042,KSQ,중견기업부,전자부품 제조업
2408,046390,KR7046390001,삼화네트웍스,KOSDAQ,중견기업부,1497,1,28,1.91,1504,1550,1475,29527,44748587,25851951981,17269173,KSQ,중견기업부,"영화, 비디오물, 방송프로그램 제작 및 배급업"
2409,310870,KR7310870001,디와이씨,KOSDAQ,벤처기업부,1249,2,-1,-0.08,1245,1277,1201,145840,180219091,25838401479,20687271,KSQ,벤처기업부,자동차 신품 부품 제조업
2410,007770,KR7007770001,한일화학,KOSDAQ,중견기업부,7340,1,250,3.53,7440,7440,7100,1553,11203740,25763400000,3510000,KSQ,중견기업부,기초 화학물질 제조업
2411,200230,KR7200230001,텔콘RF제약,KOSDAQ,중견기업부,360,0,0,0.0,0,0,0,0,0,25748471880,71523533,KSQ,중견기업부,의약품 제조업
2412,317120,KR7317120004,라닉스,KOSDAQ,기술성장기업부,1687,1,40,2.43,1662,1750,1662,48283,82311519,25743620000,15260000,KSQ,기술성장기업부,반도체 제조업
2413,018680,KR7018680009,서울제약,KOSDAQ,벤처기업부,2205,1,5,0.23,2220,2340,2140,6324,13778035,25708798395,11659319,KSQ,벤처기업부,의약품 제조업
2414,333050,KR7333050003,이노테나,KOSDAQ,벤처기업부,5210,2,-90,-1.7,5300,5330,4965,21767,112460270,25647084650,4922665,KSQ,벤처기업부,소프트웨어 개발 및 공급업
2415,446070,KR7446070005,유니드비티플러스,KOSPI,,2415,1,140,6.15,2275,2480,2275,16655,40142090,25626084225,10611215,STK,,제재 및 목재 가공업
2416,121890,KR7121890008,에스디시스템,KOSDAQ,중견기업부,1927,2,-25,-1.28,1938,1974,1894,38762,74601816,25612616442,13291446,KSQ,중견기업부,전자부품 제조업
2417,353590,KR7353590003,오토앤,KOSDAQ,중견기업부,1985,1,30,1.53,2175,2175,1940,7139,14097098,25558006450,12875570,KSQ,중견기업부,자동차 부품 및 내장품 판매업
2418,140430,KR7140430000,카티스,KOSDAQ,중견기업부,2385,1,240,11.19,2145,2490,2145,118026,276109230,25494474195,10689507,KSQ,중견기업부,"컴퓨터 프로그래밍, 시스템 통합 및 관리업"
2419,455180,KR7455180000,케이지에이,KOSDAQ,벤처기업부,1826,1,65,3.69,1900,1900,1751,77580,138861687,25487885016,13958316,KSQ,벤처기업부,특수 목적용 기계 제조업
2420,004270,KR7004270005,남성,KOSPI,,7030,2,-70,-0.99,7110,7120,7000,636,4462720,25457148480,3621216,STK,,기타 전문 도매업
2421,090150,KR7090150004,아이윈,KOSDAQ,중견기업부,607,2,-5,-0.82,619,639,590,151337,91247999,25418302851,41875293,KSQ,중견기업부,자동차 신품 부품 제조업
2422,065650,KR7065650004,하이퍼코퍼레이션,KOSDAQ,중견기업부,2320,1,175,8.16,2150,2445,2150,96180,220882137,25394689840,10945987,KSQ,중견기업부,기계장비 및 관련 물품 도매업
2423,348030,KR7348030008,모비릭스,KOSDAQ,중견기업부,2640,1,115,4.55,2530,2730,2480,127388,335319390,25354032000,9603800,KSQ,중견기업부,소프트웨어 개발 및 공급업
2424,223310,KR7223310004,사토시홀딩스,KOSDAQ,중견기업부,4865,1,45,0.93,5280,5280,4770,27461,134370343,25320583330,5204642,KSQ,중견기업부,상품 종합 도매업
2425,038880,KR7038880001,아이에이,KOSDAQ,투자주의환기종목(소속부없음),670,0,0,0.0,0,0,0,0,0,25173318390,37572117,KSQ,투자주의환기종목(소속부없음),전자부품 제조업
2426,073570,KR7073570004,리튬포어스,KOSDAQ,관리종목(소속부없음),2090,1,35,1.7,2080,2125,2065,41295,86729623,25158015520,12037328,KSQ,관리종목(소속부없음),그외 기타 제품 제조업
2427,206950,KR7206950008,볼빅,KONEX,일반기업부,1787,1,88,5.18,1896,1896,1787,12,21553,25156072555,14077265,KNX,일반기업부,운동 및 경기용구 제조업
2428,298060,KR7298060005,풍전약품,KOSDAQ,관리종목(소속부없음),2840,2,-70,-2.41,2860,2915,2780,5864,16751645,25107403400,8840635,KSQ,관리종목(소속부없음),의약품 제조업
2429,118000,KR7118000009,메타케어,KOSPI,,1461,3,0,0.0,1421,1500,1421,35229,51085340,25096672296,17177736,STK,,기계장비 및 관련 물품 도매업
2430,005360,KR7005360003,모나미,KOSPI,,1328,1,23,1.76,1296,1330,1296,12169,16056884,25095623696,18897307,STK,,생활용품 도매업
2431,130740,KR7130740004,티피씨글로벌,KOSDAQ,중견기업부,2225,1,80,3.73,2180,2260,2115,127561,280800775,25090610775,11276679,KSQ,중견기업부,자동차 신품 부품 제조업
2432,052300,KR7052300001,오션인더블유,KOSDAQ,중견기업부,1544,2,-17,-1.09,1561,1616,1525,181527,281419755,25080933632,16244128,KSQ,중견기업부,상품 종합 도매업
2433,267790,KR7267790004,배럴,KOSDAQ,중견기업부,3260,1,55,1.72,3305,3305,3060,6329,20343140,25067147340,7689309,KSQ,중견기업부,봉제의복 제조업
2434,065060,KR7065060006,지엔코,KOSDAQ,중견기업부,4180,2,-105,-2.45,4285,4330,4140,38853,163604520,25039813480,5990386,KSQ,중견기업부,봉제의복 제조업
2435,069140,KR7069140002,누리플랜,KOSDAQ,벤처기업부,1658,1,25,1.53,1655,1695,1630,20483,33868899,25028843032,15095804,KSQ,벤처기업부,"구조용 금속제품, 탱크 및 증기발생기 제조업"
2436,016100,KR7016100000,리더스코스메틱,KOSDAQ,중견기업부,1308,2,-7,-0.53,1315,1436,1279,20154,26252898,24983969352,19100894,KSQ,중견기업부,"골판지, 종이 상자 및 종이용기 제조업"
2437,115610,KR7115610008,이미지스,KOSDAQ,벤처기업부,2110,2,-70,-3.21,2180,2240,2055,568888,1221588585,24937602590,11818769,KSQ,벤처기업부,반도체 제조업
2438,059180,KR7059180000,엔더블유시,KONEX,일반기업부,4690,2,-10,-0.21,4690,4690,4690,250,1172500,24923082100,5314090,KNX,일반기업부,통신 및 방송 장비 제조업
2439,373110,KR7373110006,엑셀세라퓨틱스,KOSDAQ,기술성장기업부,1437,1,85,6.29,1352,1600,1352,252719,371021906,24852044178,17294394,KSQ,기술성장기업부,기초 의약물질 제조업
2440,291230,KR7291230001,엔피,KOSDAQ,중견기업부,563,2,-1,-0.18,590,592,550,569806,322596013,24825921325,44095775,KSQ,중견기업부,기타 사업지원 서비스업
2441,083660,KR7083660001,CSA 코스믹,KOSDAQ,중견기업부,395,4,91,29.93,395,395,395,5028702,1986337290,24817636305,62829459,KSQ,중견기업부,기타 화학제품 제조업
2442,008775,KR7008771008,호텔신라우,KOSPI,,33000,1,700,2.17,33000,33000,32550,605,19875150,24812007000,751879,STK,,
2443,367000,KR7367000007,플래티어,KOSDAQ,벤처기업부,2950,1,70,2.43,2885,3020,2880,7245,21135050,24745210650,8388207,KSQ,벤처기업부,소프트웨어 개발 및 공급업
2444,060380,KR7060380003,동양에스텍,KOSDAQ,중견기업부,1250,1,72,6.11,1175,1278,1161,25532,31328090,24625000000,19700000,KSQ,중견기업부,1차 철강 제조업
2445,053290,KR7053290003,NE능률,KOSDAQ,중견기업부,1490,1,19,1.29,1486,1497,1464,14471,21373258,24624197430,16526307,KSQ,중견기업부,"서적, 잡지 및 기타 인쇄물 출판업"
2446,335870,KR7335870002,윙스풋,KOSDAQ,중견기업부,1469,1,55,3.89,1495,1495,1415,8605,12308729,24606444837,16750473,KSQ,중견기업부,"섬유, 의복, 신발 및 가죽제품 소매업"
2447,003495,KR7003491008,대한항공우,KOSPI,,22150,1,750,3.5,22700,22700,21650,2776,60932300,24604087100,1110794,STK,,
2448,036480,KR7036480002,대성미생물,KOSDAQ,중견기업부,6460,1,70,1.1,6420,6560,6420,8676,56239140,24548000000,3800000,KSQ,중견기업부,의약품 제조업
2449,131180,KR7131180002,딜리,KOSDAQ,벤처기업부,4180,1,55,1.33,4245,4245,4175,2509,10520100,24536600000,5870000,KSQ,벤처기업부,컴퓨터 및 주변장치 제조업
2450,354390,KR7354390007,바스칸바이오제약,KONEX,일반기업부,3495,1,95,2.79,3385,3550,3215,1300,4399040,24528773265,7018247,KNX,일반기업부,의약품 제조업
2451,188040,KR7188040000,바이오포트,KOSDAQ,벤처기업부,5240,1,335,6.83,4905,5270,4890,17071,87432860,24519573920,4679308,KSQ,벤처기업부,기타 식품 제조업
2452,002820,KR7002820009,SUN&L,KOSPI,,1942,1,27,1.41,1922,1959,1890,17726,34152738,24484714638,12607989,STK,,플라스틱제품 제조업
2453,304840,KR7304840002,피플바이오,KOSDAQ,벤처기업부,1006,1,6,0.6,1000,1043,980,28986,29069788,24466583960,24320660,KSQ,벤처기업부,의료용품 및 기타 의약 관련제품 제조업
2454,093380,KR7093380004,풍강,KOSDAQ,중견기업부,2475,1,35,1.43,2420,2495,2420,6974,17057135,24451299675,9879313,KSQ,중견기업부,기타 금속 가공제품 제조업
2455,432980,KR7432980001,엠에프씨,KOSDAQ,기술성장기업부,2845,1,15,0.53,2835,2890,2825,3149,9033295,24443505990,8591742,KSQ,기술성장기업부,기초 의약물질 제조업
2456,290560,KR7290560002,파라택시스이더리움,KOSDAQ,벤처기업부,1093,1,25,2.34,1068,1094,1035,23752,25358511,24442463890,22362730,KSQ,벤처기업부,소프트웨어 개발 및 공급업
2457,138070,KR7138070008,신진에스엠,KOSDAQ,중견기업부,1395,1,55,4.1,1340,1422,1303,9128,12673081,24416969580,17503204,KSQ,중견기업부,기타 금속 가공제품 제조업
2458,006050,KR7006050009,국영지앤엠,KOSDAQ,중견기업부,699,1,28,4.17,676,709,662,383701,262189523,24391774857,34895243,KSQ,중견기업부,유리 및 유리제품 제조업
2459,032080,KR7032080004,아즈텍WB,KOSDAQ,중견기업부,1127,1,14,1.26,1104,1140,1093,12085,13503301,24220389683,21491029,KSQ,중견기업부,"섬유제품 염색, 정리 및 마무리 가공업"
2460,053060,KR7053060000,세동,KOSDAQ,중견기업부,1371,1,28,2.08,1351,1380,1350,125905,171955227,24208321449,17657419,KSQ,중견기업부,자동차 신품 부품 제조업
2461,377330,KR7377330006,이지트로닉스,KOSDAQ,기술성장기업부,2970,1,120,4.21,2855,2985,2850,4522,13204590,24175663380,8139954,KSQ,기술성장기업부,"전동기, 발전기 및 전기 변환 · 공급 · 제어 장치 제조업"
2462,069640,KR7069640001,한세엠케이,KOSPI,,1079,1,93,9.43,986,1104,986,14190,14686495,24173107829,22403251,STK,,"섬유, 의복, 신발 및 가죽제품 소매업"
2463,049120,KR7049120009,파인디앤씨,KOSDAQ,벤처기업부,2275,2,-105,-4.41,2435,2435,2235,34738,79755352,24118783325,10601663,KSQ,벤처기업부,전자부품 제조업
2464,051380,KR7051380004,피씨디렉트,KOSDAQ,중견기업부,1567,1,44,2.89,1539,1579,1524,10026,15652901,24037892824,15340072,KSQ,중견기업부,기계장비 및 관련 물품 도매업
2465,424760,KR7424760007,벨로크,KOSDAQ,벤처기업부,2385,2,-40,-1.65,2435,2505,2320,66343,158015585,23979667680,10054368,KSQ,벤처기업부,"컴퓨터 프로그래밍, 시스템 통합 및 관리업"
2466,303530,KR7303530000,이노뎁,KOSDAQ,벤처기업부,3265,2,-90,-2.68,3460,3465,3240,7500,24583095,23962811235,7339299,KSQ,벤처기업부,소프트웨어 개발 및 공급업
2467,051780,KR7051780005,큐로홀딩스,KOSDAQ,중견기업부,3770,1,20,0.53,3760,3975,3745,146447,559130110,23885268550,6335615,KSQ,중견기업부,음·식료품 및 담배 소매업
2468,900310,HK0000341732,컬러레이,KOSDAQ,외국기업(소속부없음),1863,1,23,1.25,1840,1898,1770,28272,51898393,23861928105,12808335,KSQ,외국기업(소속부없음),기타 금융업
2469,054090,KR7054090006,삼진엘앤디,KOSDAQ,중견기업부,954,1,35,3.81,915,957,909,50931,47686340,23811107328,24959232,KSQ,중견기업부,그외 기타 제품 제조업
2470,197140,KR7197140007,디지캡,KOSDAQ,벤처기업부,1826,2,-66,-3.49,1892,1892,1801,25105,46192182,23762019204,13013154,KSQ,벤처기업부,소프트웨어 개발 및 공급업
2471,207490,KR7207490004,에이펙스인텍,KONEX,일반기업부,6600,0,0,0.0,0,0,0,0,0,23760000000,3600000,KNX,일반기업부,전구 및 조명장치 제조업
2472,115480,KR7115480006,씨유메디칼,KOSDAQ,중견기업부,1957,1,42,2.19,1916,2090,1902,36087,72025310,23728450827,12124911,KSQ,중견기업부,의료용 기기 제조업
2473,208350,KR7208350009,지란지교시큐리티,KOSDAQ,벤처기업부,2920,1,70,2.46,2955,2975,2700,28411,81306345,23656584400,8101570,KSQ,벤처기업부,소프트웨어 개발 및 공급업
2474,139670,KR7139670004,키네마스터,KOSDAQ,중견기업부,1671,1,31,1.89,1642,1682,1640,8453,14039026,23592531510,14118810,KSQ,중견기업부,소프트웨어 개발 및 공급업
2475,434190,KR7434190005,탈로스,KONEX,일반기업부,3195,1,55,1.75,3100,3195,3100,11,34195,23545341630,7369434,KNX,일반기업부,일차전지 및 이차전지 제조업
2476,024940,KR7024940009,PN풍년,KOSDAQ,벤처기업부,2350,1,60,2.62,2305,2360,2285,22654,52612128,23500000000,10000000,KSQ,벤처기업부,생활용품 도매업
2477,102950,KR7102950003,아하,KONEX,일반기업부,1790,1,31,1.76,1600,1897,1600,2700,4579516,23488206370,13121903,KNX,일반기업부,전자부품 제조업
2478,006200,KR7006200000,한국전자홀딩스,KOSPI,,2505,1,130,5.47,2375,2575,2375,82671,204199225,23448370635,9360627,STK,,기타 금융업
2479,026910,KR7026910000,광진실업,KOSDAQ,관리종목(소속부없음),3650,1,80,2.24,3680,3750,3570,68601,252200770,23379728250,6405405,KSQ,관리종목(소속부없음),1차 철강 제조업
2480,009310,KR7009310004,참엔지니어링,KOSPI,,5330,0,0,0.0,0,0,0,0,0,23329484620,4377014,STK,,특수 목적용 기계 제조업
2481,058450,KR7058450008,한주에이알티,KOSDAQ,투자주의환기종목(소속부없음),4630,2,-120,-2.53,4900,4995,4555,9282,44536380,23211912360,5013372,KSQ,투자주의환기종목(소속부없음),"영화, 비디오물, 방송프로그램 제작 및 배급업"
2482,376980,KR7376980009,원티드랩,KOSDAQ,기술성장기업부,2375,1,95,4.17,2280,2420,2280,29927,70219940,23195185750,9766394,KSQ,기술성장기업부,소프트웨어 개발 및 공급업
2483,024890,KR7024890006,대원화성,KOSPI,,2810,1,20,0.72,2795,2850,2795,10015,28209250,23182022300,8249830,STK,,플라스틱제품 제조업
2484,353190,KR7353190002,휴럼,KOSDAQ,중견기업부,2940,1,55,1.91,2885,3030,2885,17794,52981940,23154510960,7875684,KSQ,중견기업부,기타 식품 제조업
2485,389680,KR7389680000,유디엠텍,KOSDAQ,기술성장기업부,2780,1,285,11.42,2580,2890,2135,939116,2382697176,23131526540,8320693,KSQ,기술성장기업부,소프트웨어 개발 및 공급업
2486,065150,KR7065150005,대산F&B,KOSDAQ,관리종목(소속부없음),1450,0,0,0.0,0,0,0,0,0,23110448000,15938240,KSQ,관리종목(소속부없음),음·식료품 및 담배 도매업
2487,354200,KR7354200008,엔젠바이오,KOSDAQ,기술성장기업부,861,2,-31,-3.48,893,927,851,151320,132751841,23083194750,26809750,KSQ,기술성장기업부,"그외 기타 전문, 과학 및 기술 서비스업"
2488,101000,KR7101000008,KS인더스트리,KOSDAQ,중견기업부,578,1,26,4.71,552,600,552,115132,65718416,22913045944,39641948,KSQ,중견기업부,특수 목적용 기계 제조업
2489,032800,KR7032800005,판타지오,KOSDAQ,중견기업부,1829,2,-31,-1.67,1860,1860,1780,35402,64080120,22792123738,12461522,KSQ,중견기업부,창작 및 예술관련 서비스업
2490,258790,KR7258790005,소프트캠프,KOSDAQ,벤처기업부,4560,1,340,8.06,4220,4640,4220,32030,144266400,22792047360,4998256,KSQ,벤처기업부,소프트웨어 개발 및 공급업
2491,021040,KR7021040001,대호특수강,KOSDAQ,중견기업부,1050,1,64,6.49,958,1079,958,10824,11200177,22790012700,21704774,KSQ,중견기업부,1차 철강 제조업
2492,016920,KR7016920001,카스,KOSDAQ,중견기업부,860,1,20,2.38,840,882,836,209359,178238785,22784442680,26493538,KSQ,중견기업부,기계장비 및 관련 물품 도매업
2493,023770,KR7023770001,플레이위드,KOSDAQ,중견기업부,2540,2,-5,-0.2,2545,2580,2505,6433,16335870,22724097300,8946495,KSQ,중견기업부,소프트웨어 개발 및 공급업
2494,123750,KR7123750002,알톤,KOSDAQ,중견기업부,1644,1,13,0.8,1633,1667,1570,14038,22637893,22718861796,13819259,KSQ,중견기업부,그외 기타 운송장비 제조업
2495,236810,KR7236810008,엔비티,KOSDAQ,기술성장기업부,1334,1,35,2.69,1306,1377,1299,16910,22502478,22645218284,16975426,KSQ,기술성장기업부,광고업
2496,080470,KR7080470008,성창오토텍,KOSDAQ,벤처기업부,3100,1,85,2.82,3010,3120,3010,4987,15383235,22630000000,7300000,KSQ,벤처기업부,자동차 신품 부품 제조업
2497,002360,KR7002360006,SH에너지화학,KOSPI,,2035,1,5,0.25,2010,2055,1950,34875,70484097,22615714055,11113373,STK,,기초 화학물질 제조업
2498,067730,KR7067730002,로지시스,KOSDAQ,중견기업부,2335,1,50,2.19,2265,2395,2265,19496,44941460,22588607870,9673922,KSQ,중견기업부,"컴퓨터 프로그래밍, 시스템 통합 및 관리업"
2499,270210,KR7270210008,에스알바이오텍,KONEX,일반기업부,13190,1,50,0.38,13400,13400,12500,583,7365780,22573999120,1711448,KNX,일반기업부,기타 화학제품 제조업
2500,403810,KR7403810005,아이엘로보틱스,KONEX,일반기업부,2270,2,-105,-4.42,2530,2530,2250,4979,11708660,22557775420,9937346,KNX,일반기업부,전자부품 제조업
2501,179720,KR7179720008,머니무브,KONEX,일반기업부,8200,0,0,0.0,0,0,0,0,0,22550147600,2750018,KNX,일반기업부,기타 금융업
2502,331660,KR7331660001,한국미라클피플사,KONEX,일반기업부,4100,1,330,8.75,4100,4100,4100,1,4100,22550000000,5500000,KNX,일반기업부,기타 화학제품 제조업
2503,210120,KR7210120002,캔버스엔,KOSDAQ,중견기업부,930,0,0,0.0,0,0,0,0,0,22540854540,24237478,KSQ,중견기업부,"영화, 비디오물, 방송프로그램 제작 및 배급업"
2504,067010,KR7067010009,이씨에스,KOSDAQ,벤처기업부,2070,1,91,4.6,1980,2100,1980,18033,36862386,22539195000,10888500,KSQ,벤처기업부,"컴퓨터 프로그래밍, 시스템 통합 및 관리업"
2505,227420,KR7227420007,도부,KONEX,일반기업부,592,5,-104,-14.94,700,700,592,2968,1758612,22522349920,38044510,KNX,일반기업부,직물직조 및 직물제품 제조업
2506,044780,KR7044780005,에이치케이,KOSDAQ,벤처기업부,1215,1,9,0.75,1199,1238,1190,18467,22407081,22484531205,18505787,KSQ,벤처기업부,특수 목적용 기계 제조업
2507,070590,KR7070590005,인티큐브,KOSDAQ,중견기업부,1618,2,-42,-2.53,1646,1646,1615,2054,3332676,22457064978,13879521,KSQ,중견기업부,"컴퓨터 프로그래밍, 시스템 통합 및 관리업"
2508,091970,KR7091970004,나노캠텍,KOSDAQ,중견기업부,2980,1,75,2.58,2910,3130,2910,23934,71878485,22453644400,7534780,KSQ,중견기업부,플라스틱제품 제조업
2509,301300,KR7301300000,바이브컴퍼니,KOSDAQ,기술성장기업부,1703,1,8,0.47,1702,1723,1641,10240,17337725,22402474536,13154712,KSQ,기술성장기업부,소프트웨어 개발 및 공급업
2510,331520,KR7331520007,밸로프,KOSDAQ,중견기업부,2195,1,65,3.05,2130,2285,2120,28017,61741880,22329467210,10172878,KSQ,중견기업부,소프트웨어 개발 및 공급업
2511,377220,KR7377220009,프롬바이오,KOSDAQ,기술성장기업부,788,1,56,7.65,742,798,733,115052,89750567,22308280000,28310000,KSQ,기술성장기업부,기타 식품 제조업
2512,146060,KR7146060009,율촌,KOSDAQ,중견기업부,924,1,27,3.01,901,933,901,23202,21363279,22190409780,24015595,KSQ,중견기업부,1차 철강 제조업
2513,134060,KR7134060003,이퓨쳐,KOSDAQ,벤처기업부,4650,1,55,1.2,4570,4750,4545,19823,91883540,22177012500,4769250,KSQ,벤처기업부,"서적, 잡지 및 기타 인쇄물 출판업"
2514,025890,KR7025890005,한국주강,KOSPI,,1987,1,43,2.21,1950,2050,1941,24434,48270610,22144351992,11144616,STK,,특수 목적용 기계 제조업
2515,043360,KR7043360007,디지아이,KOSDAQ,벤처기업부,2455,2,-5,-0.2,2700,2700,2395,16042,39382740,22095000000,9000000,KSQ,벤처기업부,컴퓨터 및 주변장치 제조업
2516,352940,KR7352940001,인바이오,KOSDAQ,벤처기업부,2030,1,25,1.25,2005,2030,1985,22200,44755805,22061491900,10867730,KSQ,벤처기업부,"비료, 농약 및 살균, 살충제 제조업"
2517,328380,KR7328380001,솔트웨어,KOSDAQ,벤처기업부,3200,2,-150,-4.48,3455,3540,3175,371021,1250009075,21928176000,6852555,KSQ,벤처기업부,"컴퓨터 프로그래밍, 시스템 통합 및 관리업"
2518,076340,KR7076340009,지에이이노더스,KONEX,일반기업부,4500,0,0,0.0,0,0,0,0,0,21921570000,4871460,KNX,일반기업부,기반조성 및 시설물 축조관련 전문공사업
2519,017250,KR7017250002,인터엠,KOSDAQ,중견기업부,1035,1,12,1.17,1040,1040,1023,39083,40064617,21782058345,21045467,KSQ,중견기업부,영상 및 음향기기 제조업
2520,038530,KR7038530002,케이바이오랩스,KOSDAQ,중견기업부,939,1,8,0.86,923,958,906,38155,35838819,21731153991,23142869,KSQ,중견기업부,생활용품 도매업
2521,222980,KR7222980005,한국맥널티,KOSDAQ,벤처기업부,1968,1,84,4.46,1902,1975,1902,14031,27148081,21709958544,11031483,KSQ,벤처기업부,기타 식품 제조업
2522,465770,KR7465770006,STX그린로지스,KOSPI,,3020,2,-360,-10.65,3545,3790,3000,1221722,4049510926,21656516640,7171032,STK,,해상 운송업
2523,188260,KR7188260004,세니젠,KOSDAQ,관리종목(소속부없음),1628,2,-66,-3.9,1600,1684,1600,11457,18707548,21592934044,13263473,KSQ,관리종목(소속부없음),그외 기타 제품 제조업
2524,012170,KR7012170007,아센디오,KOSPI,,1065,1,21,2.01,1045,1097,1045,20052,21331447,21566456610,20250194,STK,,"영화, 비디오물, 방송프로그램 제작 및 배급업"
2525,080720,KR7080720006,한국유니온제약,KOSDAQ,관리종목(소속부없음),2725,0,0,0.0,0,0,0,0,0,21562456300,7912828,KSQ,관리종목(소속부없음),의약품 제조업
2526,306040,KR7306040007,에스제이그룹,KOSDAQ,중견기업부,2175,1,50,2.35,2155,2215,2085,80582,172810485,21458175900,9865828,KSQ,중견기업부,"가죽, 가방 및 유사제품 제조업"
2527,372800,KR7372800003,아이티아이즈,KOSDAQ,벤처기업부,3040,1,145,5.01,2870,3170,2870,12784,38067870,21393054560,7037189,KSQ,벤처기업부,소프트웨어 개발 및 공급업
2528,032280,KR7032280000,삼일,KOSDAQ,중견기업부,1316,1,8,0.61,1308,1321,1294,17607,23147347,21337084440,16213590,KSQ,중견기업부,도로 화물 운송업
2529,418620,KR7418620001,E8,KOSDAQ,기술성장기업부,1071,1,30,2.88,1050,1090,1031,42292,44715672,21259860867,19850477,KSQ,기술성장기업부,소프트웨어 개발 및 공급업
2530,239340,KR7239340003,이스트에이드,KOSDAQ,중견기업부,787,2,-15,-1.87,802,820,765,64825,51177497,21232971958,26979634,KSQ,중견기업부,"자료처리, 호스팅, 포털 및 기타 인터넷 정보매개 서비스업"
2531,900340,HK0000449303,윙입푸드,KOSDAQ,외국기업(소속부없음),1680,1,8,0.48,1672,1681,1656,13051,21804522,21138989760,12582732,KSQ,외국기업(소속부없음),기타 금융업
2532,131760,KR7131760001,파인텍,KOSDAQ,벤처기업부,2425,1,20,0.83,2420,2460,2195,158309,380289527,21064316300,8686316,KSQ,벤처기업부,특수 목적용 기계 제조업
2533,078860,KR7078860004,아이오케이이엔엠,KOSDAQ,투자주의환기종목(소속부없음),3535,2,-140,-3.81,3675,3675,3480,8671,30709255,20984555375,5936225,KSQ,투자주의환기종목(소속부없음),"영화, 비디오물, 방송프로그램 제작 및 배급업"
2534,226340,KR7226340008,본느,KOSDAQ,중견기업부,2495,1,50,2.04,2550,2550,2380,18329,44923915,20934257580,8390484,KSQ,중견기업부,기타 화학제품 제조업
2535,096690,KR7096690003,에이루트,KOSDAQ,중견기업부,5200,1,20,0.39,5140,5390,4995,3242,16848175,20918778400,4022842,KSQ,중견기업부,컴퓨터 및 주변장치 제조업
2536,148780,KR7148780000,비큐AI,KOSDAQ,기술성장기업부,665,1,47,7.61,617,687,617,354383,232527076,20911407125,31445725,KSQ,기술성장기업부,소프트웨어 개발 및 공급업
2537,054940,KR7054940002,엑사이엔씨,KOSDAQ,중견기업부,628,1,27,4.49,608,630,604,55578,34379172,20832988144,33173548,KSQ,중견기업부,실내건축 및 건축마무리 공사업
2538,027580,KR7027580000,상보,KOSDAQ,중견기업부,1754,1,104,6.3,1650,1795,1650,62389,108415878,20760791270,11836255,KSQ,중견기업부,플라스틱제품 제조업
2539,020400,KR7020400008,대동금속,KOSDAQ,중견기업부,3250,1,140,4.5,3130,3390,3125,98475,320695130,20729579000,6378332,KSQ,중견기업부,금속 주조업
2540,037400,KR7037400009,우리엔터프라이즈,KOSDAQ,중견기업부,790,2,-8,-1.0,797,849,790,58779,46983173,20716443340,26223346,KSQ,중견기업부,상품 종합 도매업
2541,362990,KR7362990004,드림인사이트,KOSDAQ,벤처기업부,1231,2,-15,-1.2,1248,1270,1218,12922,16131801,20681506594,16800574,KSQ,벤처기업부,광고업
2542,109960,KR7109960005,앱토크롬,KOSDAQ,투자주의환기종목(소속부없음),1870,1,65,3.6,1824,1907,1805,8365,15329420,20643795810,11039463,KSQ,투자주의환기종목(소속부없음),기타 전문 도매업
2543,278990,KR7278990007,EMB,KONEX,일반기업부,2550,2,-50,-1.92,2550,2550,2550,1,2550,20565181350,8064777,KNX,일반기업부,"전동기, 발전기 및 전기 변환 · 공급 · 제어 장치 제조업"
2544,357430,KR7357430008,마스턴프리미어리츠,KOSPI,,674,2,-1,-0.15,687,687,670,42973,28987135,20560576918,30505307,STK,,부동산 임대 및 공급업
2545,900100,USU652221081,파이온엑스,KOSDAQ,외국기업(소속부없음),389,0,0,0.0,0,0,0,0,0,20523835278,52760502,KSQ,외국기업(소속부없음),자동차 부품 및 내장품 판매업
2546,224060,KR7224060004,더코디,KOSDAQ,투자주의환기종목(소속부없음),3975,1,185,4.88,3890,3980,3627,21918,83198912,20513869950,5160722,KSQ,투자주의환기종목(소속부없음),전자부품 제조업
2547,192390,KR7192390003,윈하이텍,KOSDAQ,벤처기업부,1858,1,18,0.98,1840,1874,1794,35924,66061619,20497881482,11032229,KSQ,벤처기업부,"구조용 금속제품, 탱크 및 증기발생기 제조업"
2548,123840,KR7123840001,뉴온,KOSDAQ,투자주의환기종목(소속부없음),3220,2,-110,-3.3,3340,3375,3170,3757,12190375,20496684600,6365430,KSQ,투자주의환기종목(소속부없음),기타 식품 제조업
2549,098660,KR7098660004,에스티오,KOSDAQ,중견기업부,1637,1,80,5.14,1557,1645,1506,15028,23474132,20464097712,12500976,KSQ,중견기업부,봉제의복 제조업
2550,415380,KR7415380005,스튜디오삼익,KOSDAQ,중견기업부,1786,1,60,3.48,1726,1799,1713,12706,22440060,20437153350,11442975,KSQ,중견기업부,기타 생활용품 소매업
2551,034940,KR7034940007,조아제약,KOSDAQ,중견기업부,658,1,13,2.02,700,700,637,21651,14394201,20384726166,30979827,KSQ,중견기업부,의약품 제조업
2552,084440,KR7084440007,유비온,KOSDAQ,기술성장기업부,1065,1,43,4.21,1180,1195,1037,50507,56033071,20376028365,19132421,KSQ,기술성장기업부,소프트웨어 개발 및 공급업
2553,322970,KR7322970005,무진메디,KONEX,일반기업부,2020,1,31,1.56,2000,2030,2000,694,1388110,20373091780,10085689,KNX,일반기업부,자연과학 및 공학 연구개발업
2554,270520,KR7270520000,앱튼,KOSDAQ,투자주의환기종목(소속부없음),1035,1,67,6.92,967,1085,940,71681,73510348,20346975990,19658914,KSQ,투자주의환기종목(소속부없음),"건축기술, 엔지니어링 및 관련 기술 서비스업"
2555,109670,KR7109670000,씨싸이트,KOSDAQ,중견기업부,3485,1,165,4.97,3230,3530,3180,10614,35764530,20340557970,5836602,KSQ,중견기업부,봉제의복 제조업
2556,103230,KR7103230009,에스앤더블류,KOSDAQ,중견기업부,2820,1,90,3.3,2770,2855,2740,14913,41517800,20304000000,7200000,KSQ,중견기업부,일반 목적용 기계 제조업
2557,00499K,KR700499K014,롯데지주우,KOSPI,,25100,1,800,3.29,25900,25900,24750,99,2514650,20220635300,805603,STK,,
2558,054220,KR7054220009,비츠로시스,KOSDAQ,벤처기업부,1603,1,23,1.46,1580,1618,1580,31595,50550478,20182757448,12590616,KSQ,벤처기업부,"전동기, 발전기 및 전기 변환 · 공급 · 제어 장치 제조업"
2559,115570,KR7115570004,스타플렉스,KOSDAQ,중견기업부,2525,2,-5,-0.2,2545,2570,2500,6261,15788865,20160882700,7984508,KSQ,중견기업부,플라스틱제품 제조업
2560,085810,KR7085810000,알티캐스트,KOSDAQ,중견기업부,1537,1,84,5.78,1460,1598,1453,31333,46539735,20148849622,13109206,KSQ,중견기업부,소프트웨어 개발 및 공급업
2561,431190,KR7431190008,케이쓰리아이,KOSDAQ,기술성장기업부,2680,1,35,1.32,2680,2710,2570,41099,108523730,20063664560,7486442,KSQ,기술성장기업부,소프트웨어 개발 및 공급업
2562,083640,KR7083640003,인콘,KOSDAQ,벤처기업부,1290,1,18,1.42,1272,1300,1268,58421,75235295,20051850300,15544070,KSQ,벤처기업부,상품 종합 도매업
2563,001685,KR7001681006,대상우,KOSPI,,14590,1,190,1.32,14610,14650,14400,2826,41093905,19991553570,1370223,STK,,
2564,015020,KR7015020001,이스타코,KOSPI,,928,0,0,0.0,0,0,0,0,0,19883142400,21425800,STK,,부동산 임대 및 공급업
2565,113810,KR7113810006,디젠스,KOSDAQ,중견기업부,609,1,20,3.4,602,620,563,240786,142483337,19870483059,32628051,KSQ,중견기업부,자동차 신품 부품 제조업
2566,154030,KR7154030001,아시아종묘,KOSDAQ,벤처기업부,1647,1,5,0.3,1642,1705,1550,12083,19875425,19865894949,12061867,KSQ,벤처기업부,작물 재배업
2567,045520,KR7045520004,크린앤사이언스,KOSDAQ,중견기업부,3055,1,575,23.19,2480,3095,2400,59986,167886320,19857500000,6500000,KSQ,중견기업부,일반 목적용 기계 제조업
2568,225590,KR7225590009,패션플랫폼,KOSDAQ,우량기업부,3865,2,-5,-0.13,3840,3870,3715,15832,60118025,19794118240,5121376,KSQ,우량기업부,봉제의복 제조업
2569,275630,KR7275630002,에스에스알,KOSDAQ,벤처기업부,3760,2,-55,-1.44,3785,3815,3710,3783,14258110,19754318080,5253808,KSQ,벤처기업부,소프트웨어 개발 및 공급업
2570,238200,KR7238200000,비피도,KOSDAQ,벤처기업부,2395,1,5,0.21,2415,2455,2315,5208,12313585,19591100000,8180000,KSQ,벤처기업부,기타 식품 제조업
2571,060900,KR7060900008,에이전트AI,KOSDAQ,중견기업부,4905,2,-75,-1.51,4970,5150,4715,14645,72488225,19576213065,3991073,KSQ,중견기업부,전기업
2572,365900,KR7365900000,브이씨,KOSDAQ,벤처기업부,2670,1,10,0.38,2635,2830,2625,1372,3706090,19518501000,7310300,KSQ,벤처기업부,운동 및 경기용구 제조업
2573,317860,KR7317860005,노드메이슨,KONEX,일반기업부,4300,0,0,0.0,0,0,0,0,0,19406824500,4513215,KNX,일반기업부,기타 화학제품 제조업
2574,227610,KR7227610003,아우딘퓨쳐스,KOSDAQ,벤처기업부,1020,2,-38,-3.59,1058,1101,1011,34111,35049487,19404095460,19023623,KSQ,벤처기업부,기타 화학제품 제조업
2575,216400,KR7216400002,인바이츠바이오코아,KONEX,일반기업부,2515,2,-280,-10.02,2800,2800,2400,5732,14110775,19393957225,7711315,KNX,일반기업부,자연과학 및 공학 연구개발업
2576,083470,KR7083470005,이엠앤아이,KOSDAQ,벤처기업부,907,1,74,8.88,840,955,840,277018,248686514,19355678403,21340329,KSQ,벤처기업부,기초 화학물질 제조업
2577,322780,KR7322780008,코퍼스코리아,KOSDAQ,중견기업부,2140,2,-15,-0.7,2170,2205,2065,24706,52878750,19206136200,8974830,KSQ,중견기업부,"영화, 비디오물, 방송프로그램 제작 및 배급업"
2578,214610,KR7214610008,롤링스톤,KOSDAQ,관리종목(소속부없음),2290,0,0,0.0,0,0,0,0,0,19197807380,8383322,KSQ,관리종목(소속부없음),의료용 기기 제조업
2579,032680,KR7032680001,소프트센,KOSDAQ,중견기업부,917,2,-61,-6.24,1068,1174,883,2046342,2079163683,19124842877,20855881,KSQ,중견기업부,기타 정보 서비스업
2580,044380,KR7044380004,주연테크,KOSPI,,1481,1,44,3.06,1435,1550,1435,22128,33335298,19099443996,12896316,STK,,컴퓨터 및 주변장치 제조업
2581,076080,KR7076080001,웰크론한텍,KOSDAQ,중견기업부,845,2,-9,-1.05,854,909,830,33612,28925392,19092061820,22594156,KSQ,중견기업부,건물 건설업
2582,039310,KR7039310008,세중,KOSDAQ,중견기업부,1051,2,-4,-0.38,1056,1090,1042,45151,47675288,19045872017,18121667,KSQ,중견기업부,소프트웨어 개발 및 공급업
2583,035620,KR7035620004,바른손이앤에이,KOSDAQ,중견기업부,1020,2,-1,-0.1,1021,1075,1016,70887,72606065,18982116360,18609918,KSQ,중견기업부,"영화, 비디오물, 방송프로그램 제작 및 배급업"
2584,014100,KR7014100002,메디앙스,KOSDAQ,중견기업부,1589,1,49,3.18,1540,1620,1525,8875,14003020,18750200000,11800000,KSQ,중견기업부,상품 종합 도매업
2585,279600,KR7279600001,미디어젠,KOSDAQ,벤처기업부,4000,1,360,9.89,3750,4000,3655,4933,19232707,18739124000,4684781,KSQ,벤처기업부,소프트웨어 개발 및 공급업
2586,285800,KR7285800009,진영,KOSDAQ,벤처기업부,1071,2,-8,-0.74,1079,1146,1041,157667,170338221,18718156170,17477270,KSQ,벤처기업부,플라스틱제품 제조업
2587,031860,KR7031860000,디에이치엑스컴퍼니,KOSDAQ,관리종목(소속부없음),693,0,0,0.0,0,0,0,0,0,18714758139,27005423,KSQ,관리종목(소속부없음),상품 종합 도매업
2588,222670,KR7222670002,플럼라인생명과학,KONEX,일반기업부,4635,0,0,0.0,0,0,0,0,0,18692639820,4032932,KNX,일반기업부,자연과학 및 공학 연구개발업
2589,193250,KR7193250008,링크드,KOSDAQ,중견기업부,1396,1,25,1.82,1360,1411,1317,18498,25344578,18663030468,13368933,KSQ,중견기업부,전자부품 제조업
2590,060260,KR7060260007,뉴보텍,KOSDAQ,벤처기업부,1389,1,66,4.99,1321,1409,1275,179116,242230999,18532532484,13342356,KSQ,벤처기업부,플라스틱제품 제조업
2591,042040,KR7042040006,케이피엠테크,KOSDAQ,중견기업부,749,0,0,0.0,0,0,0,0,0,18507312138,24709362,KSQ,중견기업부,기타 전문 도매업
2592,405000,KR7405000001,플라즈맵,KOSDAQ,벤처기업부,4805,1,385,8.71,4495,4945,4495,16283,78671406,18443723420,3838444,KSQ,벤처기업부,의료용 기기 제조업
2593,032980,KR7032980005,바이온,KOSDAQ,관리종목(소속부없음),604,0,0,0.0,0,0,0,0,0,18354952980,30388995,KSQ,관리종목(소속부없음),음·식료품 및 담배 도매업
2594,215480,KR7215480005,토박스코리아,KOSDAQ,중견기업부,2050,1,76,3.85,1974,2090,1950,17805,35471032,18347500000,8950000,KSQ,중견기업부,"섬유, 의복, 신발 및 가죽제품 소매업"
2595,101680,KR7101680007,한국정밀기계,KOSDAQ,중견기업부,2170,1,45,2.12,2125,2220,2115,11925,25603740,18236680000,8404000,KSQ,중견기업부,특수 목적용 기계 제조업
2596,303030,KR7303030001,지니틱스,KOSDAQ,벤처기업부,1975,1,57,2.97,1976,2050,1919,29531,58527294,18086015100,9157476,KSQ,벤처기업부,반도체 제조업
2597,368600,KR7368600003,아이씨에이치,KOSDAQ,기술성장기업부,708,1,8,1.14,701,730,684,33510,23641109,18081148968,25538346,KSQ,기술성장기업부,전자부품 제조업
2598,050760,KR7050760008,에스폴리텍,KOSDAQ,중견기업부,1092,2,-6,-0.55,1105,1148,1044,33940,37335050,17837468376,16334678,KSQ,중견기업부,플라스틱제품 제조업
2599,00781K,KR700781K015,코리아써키트2우B,KOSPI,,22750,1,900,4.12,22000,22750,22000,2303,51500650,17829152250,783699,STK,,
2600,196700,KR7196700009,웹스,KOSDAQ,벤처기업부,1234,1,40,3.35,1194,1235,1194,40837,49436541,17725353696,14364144,KSQ,벤처기업부,합성고무 및 플라스틱 물질 제조업
2601,0070X0,KR70070X0000,에스테크엠,KONEX,일반기업부,11700,1,300,2.63,12000,12000,11070,81,898230,17667000000,1510000,KNX,일반기업부,특수 목적용 기계 제조업
2602,008600,KR7008600009,윌비스,KOSPI,,2620,0,0,0.0,0,0,0,0,0,17615839860,6723603,STK,,생활용품 도매업
2603,009440,KR7009440009,KC그린홀딩스,KOSPI,,756,0,0,0.0,0,0,0,0,0,17568790596,23239141,STK,,기타 금융업
2604,052960,KR7052960002,태양3C,KONEX,일반기업부,3585,3,0,0.0,3580,3585,3580,100,358250,17520174630,4887078,KNX,일반기업부,자동차 부품 및 내장품 판매업
2605,289010,KR7289010001,아이스크림에듀,KOSDAQ,중견기업부,1250,2,-32,-2.5,1278,1282,1230,34529,43011269,17431570000,13945256,KSQ,중견기업부,"서적, 잡지 및 기타 인쇄물 출판업"
2606,088290,KR7088290002,이원컴포텍,KOSDAQ,관리종목(소속부없음),2180,1,85,4.06,2095,2330,1689,34100,72008066,17387836960,7976072,KSQ,관리종목(소속부없음),자동차 신품 부품 제조업
2607,336040,KR7336040001,타스컴,KONEX,일반기업부,3000,0,0,0.0,0,0,0,0,0,17369787000,5789929,KNX,일반기업부,의료용 기기 제조업
2608,001420,KR7001420009,태원물산,KOSPI,,2285,1,15,0.66,2280,2360,2275,4658,10726094,17366000000,7600000,STK,,자동차 신품 부품 제조업
2609,002070,KR7002070001,비비안,KOSPI,,7190,1,290,4.2,7000,7250,6900,7029,49867205,17287233360,2404344,STK,,봉제의복 제조업
2610,344860,KR7344860002,이노진,KOSDAQ,기술성장기업부,1428,1,28,2.0,1400,1435,1347,12743,17914066,17178840000,12030000,KSQ,기술성장기업부,기타 화학제품 제조업
2611,005257,KR7005252002,녹십자홀딩스2우,KOSPI,,20300,2,-150,-0.73,21100,21100,20000,318,6632100,17173597000,845990,STK,,
2612,011090,KR7011090008,에넥스,KOSPI,,1426,1,46,3.33,1380,1454,1377,37902,53472180,17109615728,11998328,STK,,가구 제조업
2613,377030,KR7377030002,비트맥스,KOSDAQ,관리종목(소속부없음),1594,1,64,4.18,1600,1620,1560,30250,48312460,17046809840,10694360,KSQ,관리종목(소속부없음),소프트웨어 개발 및 공급업
2614,417180,KR7417180007,핑거스토리,KOSDAQ,중견기업부,4840,1,140,2.98,4705,4910,4635,4742,22842877,16987064160,3509724,KSQ,중견기업부,기타 정보 서비스업
2615,482680,KR7482680006,미래에셋비전스팩7호,KOSDAQ,SPAC(소속부없음),2055,0,0,0.0,0,0,0,0,0,16881825000,8215000,KSQ,SPAC(소속부없음),금융 지원 서비스업
2616,208640,KR7208640003,썸에이지,KOSDAQ,중견기업부,121,0,0,0.0,0,0,0,0,0,16848070734,139240254,KSQ,중견기업부,소프트웨어 개발 및 공급업
2617,241820,KR7241820000,피씨엘,KOSDAQ,관리종목(소속부없음),6040,0,0,0.0,0,0,0,0,0,16803871920,2782098,KSQ,관리종목(소속부없음),의료용품 및 기타 의약 관련제품 제조업
2618,900270,HK0000214814,헝셩그룹,KOSDAQ,외국기업(소속부없음),688,1,46,7.17,642,705,641,227806,151605988,16790436352,24404704,KSQ,외국기업(소속부없음),기타 금융업
2619,108675,KR7108671009,LX하우시스우,KOSPI,,16250,1,430,2.72,15890,16290,15770,1111,17709960,16775362500,1032330,STK,,
2620,054410,KR7054410006,케이피티유,KOSDAQ,중견기업부,2922,1,7,0.24,2920,2965,2915,2682,7854724,16732669368,5726444,KSQ,중견기업부,"섬유, 의복, 신발 및 가죽제품 소매업"
2621,060230,KR7060230000,제이케이시냅스,KOSDAQ,중견기업부,297,1,19,6.83,278,310,270,348155,102376826,16721245827,56300491,KSQ,중견기업부,기타 화학제품 제조업
2622,476710,KR7476710009,타조이엔터테인먼트,KONEX,일반기업부,16700,1,450,2.77,16700,16700,16700,100,1670000,16700000000,1000000,KNX,일반기업부,창작 및 예술관련 서비스업
2623,060480,KR7060480001,국일신동,KOSDAQ,중견기업부,1501,1,96,6.83,1405,1540,1399,21291,30574312,16646090000,11090000,KSQ,중견기업부,1차 비철금속 제조업
2624,477380,KR7477380000,미래에셋비전스팩4호,KOSDAQ,SPAC(소속부없음),2055,3,0,0.0,2065,2065,2055,852,1751125,16645500000,8100000,KSQ,SPAC(소속부없음),금융 지원 서비스업
2625,169670,KR7169670007,코스텍시스템,KONEX,일반기업부,5790,2,-10,-0.17,5790,5790,5790,28,162120,16608041790,2868401,KNX,일반기업부,특수 목적용 기계 제조업
2626,254160,KR7254160005,제이엠멀티,KONEX,일반기업부,3200,2,-100,-3.03,3300,3310,3200,237,770090,16512000000,5160000,KNX,일반기업부,제재 및 목재 가공업
2627,065770,KR7065770000,CS,KOSDAQ,벤처기업부,1700,1,55,3.34,1650,1737,1650,50046,84022302,16499460500,9705565,KSQ,벤처기업부,통신 및 방송 장비 제조업
2628,001770,KR7001770007,SHD,KOSPI,,13520,1,230,1.73,13600,13600,13290,260,3464350,16425150560,1214878,STK,,1차 철강 제조업
2629,110020,KR7110020005,전진바이오팜,KOSDAQ,기술성장기업부,1807,1,9,0.5,1784,1848,1784,8160,14687823,16369182934,9058762,KSQ,기술성장기업부,기타 화학제품 제조업
2630,086220,KR7086220001,광동헬스바이오,KONEX,일반기업부,1270,2,-118,-8.5,1299,1299,1185,98,120851,16113588550,12687865,KNX,일반기업부,기타 식품 제조업
2631,065690,KR7065690000,파커스,KOSDAQ,투자주의환기종목(소속부없음),1146,1,69,6.41,1068,1155,1068,11264,12679537,16100533326,14049331,KSQ,투자주의환기종목(소속부없음),고무제품 제조업
2632,247660,KR7247660004,나노씨엠에스,KOSDAQ,기술성장기업부,3700,1,125,3.5,3540,3765,3540,9106,33072835,16072504000,4343920,KSQ,기술성장기업부,전자부품 제조업
2633,45226K,KR745226K018,한화갤러리아우,KOSPI,,5500,1,190,3.58,5500,5690,5490,10913,60751590,15974585000,2904470,STK,,
2634,106520,KR7106520000,노블엠앤비,KOSDAQ,투자주의환기종목(소속부없음),411,0,0,0.0,0,0,0,0,0,15904036272,38695952,KSQ,투자주의환기종목(소속부없음),사진장비 및 광학기기 제조업
2635,009730,KR7009730003,이렘,KOSDAQ,투자주의환기종목(소속부없음),220,1,23,11.68,197,220,197,402652,85419415,15791495720,71779526,KSQ,투자주의환기종목(소속부없음),1차 철강 제조업
2636,005725,KR7005721006,넥센우,KOSPI,,4385,1,85,1.98,4310,4385,4310,635,2746975,15788631000,3600600,STK,,
2637,0072Z0,KR70072Z0006,KB제33호스팩,KOSDAQ,SPAC(소속부없음),1994,2,-2,-0.1,1990,1997,1989,429,855927,15722690000,7885000,KSQ,SPAC(소속부없음),금융 지원 서비스업
2638,018700,KR7018700005,졸스,KOSDAQ,투자주의환기종목(소속부없음),1336,3,0,0.0,1342,1366,1302,34179,45353083,15639998896,11706586,KSQ,투자주의환기종목(소속부없음),생활용품 도매업
2639,18064K,KR718064K016,한진칼우,KOSPI,,28900,1,400,1.4,28800,29450,28500,1054,30479550,15512537400,536766,STK,,
2640,137940,KR7137940003,넥스트아이,KOSDAQ,중견기업부,1815,2,-7,-0.38,1822,1838,1800,11475,20833137,15494471685,8536899,KSQ,중견기업부,"측정, 시험, 항해, 제어 및 기타 정밀기기 제조업; 광학기기 제외"
2641,087260,KR7087260006,모바일어플라이언스,KOSDAQ,벤처기업부,475,2,-4,-0.84,471,499,424,605724,288215336,15462608975,32552861,KSQ,벤처기업부,소프트웨어 개발 및 공급업
2642,048830,KR7048830004,엔피케이,KOSDAQ,중견기업부,824,1,35,4.44,789,825,789,53356,42974680,15428512552,18723923,KSQ,중견기업부,합성고무 및 플라스틱 물질 제조업
2643,0101C0,KR70101C0008,하나36호스팩,KOSDAQ,SPAC(소속부없음),1992,2,-5,-0.25,1998,1998,1991,315,629236,15418080000,7740000,KSQ,SPAC(소속부없음),금융 지원 서비스업
2644,0130H0,KR70130H0008,엔에이치스팩33호,KOSDAQ,SPAC(소속부없음),2000,1,3,0.15,1993,2005,1993,3380,6754305,15400000000,7700000,KSQ,SPAC(소속부없음),금융 지원 서비스업
2645,469880,KR7469880009,하나30호스팩,KOSDAQ,SPAC(소속부없음),2097,1,2,0.1,2095,2100,2095,6829,14323614,15318585000,7305000,KSQ,SPAC(소속부없음),금융 지원 서비스업
2646,379390,KR7379390008,이성씨엔아이,KONEX,일반기업부,5380,2,-20,-0.37,5420,5420,5380,439,2371820,15287054800,2841460,KNX,일반기업부,"건축기술, 엔지니어링 및 관련 기술 서비스업"
2647,477340,KR7477340004,에이치엠씨제7호스팩,KOSDAQ,SPAC(소속부없음),2035,1,5,0.25,2035,2040,2035,356,724515,15282850000,7510000,KSQ,SPAC(소속부없음),금융 지원 서비스업
2648,240600,KR7240600007,유진테크놀로지,KOSDAQ,벤처기업부,2195,1,100,4.77,2095,2250,2095,19922,43211800,15207291445,6928151,KSQ,벤처기업부,기타 금속 가공제품 제조업
2649,030350,KR7030350003,드래곤플라이,KOSDAQ,관리종목(소속부없음),973,0,0,0.0,0,0,0,0,0,15171092867,15592079,KSQ,관리종목(소속부없음),소프트웨어 개발 및 공급업
2650,096870,KR7096870001,엘디티,KOSDAQ,벤처기업부,1810,1,14,0.78,1796,1840,1779,8371,15015953,15109878190,8347999,KSQ,벤처기업부,반도체 제조업
2651,291810,KR7291810000,핀텔,KOSDAQ,기술성장기업부,1325,1,46,3.6,1300,1375,1264,422973,552837006,15063543400,11368712,KSQ,기술성장기업부,소프트웨어 개발 및 공급업
2652,023790,KR7023790009,동일스틸럭스,KOSDAQ,중견기업부,1151,1,54,4.92,1094,1180,1094,78347,89389724,15043349008,13069808,KSQ,중견기업부,1차 철강 제조업
2653,0044K0,KR70044K0008,삼성스팩10호,KOSDAQ,SPAC(소속부없음),2000,2,-5,-0.25,1999,2005,1999,623,1245862,15040000000,7520000,KSQ,SPAC(소속부없음),금융 지원 서비스업
2654,018620,KR7018620005,우진비앤지,KOSDAQ,벤처기업부,2590,2,-25,-0.96,2400,2720,2400,51749,129011849,14964652220,5777858,KSQ,벤처기업부,의약품 제조업
2655,00806K,KR700806K010,대덕1우,KOSPI,,12260,1,310,2.59,12440,12440,12010,7429,90816850,14863496820,1212357,STK,,
2656,069330,KR7069330009,유아이디,KOSDAQ,벤처기업부,876,1,72,8.96,813,887,809,42184,35444002,14850454824,16952574,KSQ,벤처기업부,전자부품 제조업
2657,227100,KR7227100005,프로브잇,KOSDAQ,관리종목(소속부없음),612,0,0,0.0,0,0,0,0,0,14770119384,24134182,KSQ,관리종목(소속부없음),부동산 관련 서비스업
2658,0115H0,KR70115H0007,삼성스팩13호,KOSDAQ,SPAC(소속부없음),1997,3,0,0.0,1997,1999,1988,17740,35348846,14677950000,7350000,KSQ,SPAC(소속부없음),금융 지원 서비스업
2659,208850,KR7208850008,이비테크,KONEX,일반기업부,5190,0,0,0.0,0,0,0,0,0,14637097500,2820250,KNX,일반기업부,기타 전기장비 제조업
2660,000087,KR7000082008,하이트진로2우B,KOSPI,,12940,1,120,0.94,12830,12990,12820,1395,17963130,14623985720,1130138,STK,,
2661,199730,KR7199730003,바이오인프라,KOSDAQ,벤처기업부,3005,1,40,1.35,2970,3140,2875,8330,24302120,14617422835,4864367,KSQ,벤처기업부,자연과학 및 공학 연구개발업
2662,900120,KYG2114A1094,씨엑스아이,KOSDAQ,외국기업(소속부없음),391,0,0,0.0,0,0,0,0,0,14603186473,37348303,KSQ,외국기업(소속부없음),기타 금융업
2663,473050,KR7473050003,유안타제15호스팩,KOSDAQ,SPAC(소속부없음),2080,1,10,0.48,2080,2080,2080,703,1462240,14580800000,7010000,KSQ,SPAC(소속부없음),금융 지원 서비스업
2664,351020,KR7351020003,미쥬,KONEX,일반기업부,6990,0,0,0.0,0,0,0,0,0,14504250000,2075000,KNX,일반기업부,봉제의복 제조업
2665,067770,KR7067770008,세진티에스,KOSDAQ,중견기업부,1715,1,29,1.72,1695,1854,1683,23306,39485037,14400156995,8396593,KSQ,중견기업부,전자부품 제조업
2666,092600,KR7092600006,앤씨앤,KOSDAQ,벤처기업부,2865,1,95,3.43,2785,3050,2775,37851,108634669,14372854095,5016703,KSQ,벤처기업부,반도체 제조업
2667,191410,KR7191410000,육일씨엔에쓰,KOSDAQ,중견기업부,1281,1,24,1.91,1257,1293,1257,34183,43602157,14352650655,11204255,KSQ,중견기업부,전자부품 제조업
2668,233250,KR7233250000,메디안디노스틱,KONEX,일반기업부,8200,3,0,0.0,8200,8200,8200,1,8200,14321578800,1746534,KNX,일반기업부,의료용품 및 기타 의약 관련제품 제조업
2669,478440,KR7478440001,미래에셋비전스팩6호,KOSDAQ,SPAC(소속부없음),2055,1,10,0.49,2060,2060,2050,5015,10280820,14241150000,6930000,KSQ,SPAC(소속부없음),금융 지원 서비스업
2670,028080,KR7028080000,휴맥스홀딩스,KOSDAQ,중견기업부,6180,1,230,3.87,6100,6470,6070,5741,35892050,14139475380,2287941,KSQ,중견기업부,"컴퓨터 프로그래밍, 시스템 통합 및 관리업"
2671,019685,KR7019681006,대교우B,KOSPI,,725,1,1,0.14,711,725,706,7306,5237041,14084567750,19426990,STK,,
2672,479880,KR7479880007,한국제15호스팩,KOSDAQ,SPAC(소속부없음),2050,1,5,0.24,2050,2080,2040,16606,34081345,14083500000,6870000,KSQ,SPAC(소속부없음),금융 지원 서비스업
2673,079190,KR7079190005,케스피온,KOSDAQ,벤처기업부,734,1,67,10.04,699,755,670,199799,142406420,14076473638,19177757,KSQ,벤처기업부,통신 및 방송 장비 제조업
2674,001795,KR7001791003,대한제당우,KOSPI,,2170,1,75,3.58,2130,2175,2080,14553,30883220,14067589200,6482760,STK,,
2675,308100,KR7308100007,형지글로벌,KOSDAQ,중견기업부,584,1,8,1.39,576,608,573,143793,84092099,14029436672,24023008,KSQ,중견기업부,"섬유, 의복, 신발 및 가죽제품 소매업"
2676,250930,KR7250930005,예선테크,KOSDAQ,벤처기업부,424,1,22,5.47,402,433,402,53922,22317846,13992186560,33000440,KSQ,벤처기업부,플라스틱제품 제조업
2677,0099W0,KR70099W0008,미래에셋비전스팩11호,KOSDAQ,SPAC(소속부없음),1998,1,2,0.1,1996,2000,1996,575,1147818,13986000000,7000000,KSQ,SPAC(소속부없음),금융 지원 서비스업
2678,368970,KR7368970000,오에스피,KOSDAQ,벤처기업부,3055,1,25,0.83,3030,3145,2920,10440,31836505,13954729815,4567833,KSQ,벤처기업부,동물용 사료 및 조제식품 제조업
2679,154040,KR7154040000,다산솔루에타,KOSDAQ,중견기업부,777,3,0,0.0,777,829,762,36806,28646117,13947223038,17950094,KSQ,중견기업부,전자부품 제조업
2680,115530,KR7115530008,씨엔플러스,KOSDAQ,중견기업부,1762,1,10,0.57,1770,1913,1739,19723,35746955,13892279322,7884381,KSQ,중견기업부,전자부품 제조업
2681,079950,KR7079950002,인베니아,KOSDAQ,관리종목(소속부없음),1005,1,23,2.34,1065,1065,983,87461,89797656,13868095500,13799100,KSQ,관리종목(소속부없음),특수 목적용 기계 제조업
2682,361670,KR7361670003,삼영에스앤씨,KOSDAQ,기술성장기업부,2420,2,-20,-0.82,2440,2575,2330,2320,5682415,13715732360,5667658,KSQ,기술성장기업부,전자부품 제조업
2683,043590,KR7043590009,웰킵스하이텍,KOSDAQ,중견기업부,1005,1,7,0.7,1006,1023,975,23960,23721402,13636222905,13568381,KSQ,중견기업부,반도체 제조업
2684,217880,KR7217880004,틸론,KONEX,일반기업부,1269,1,73,6.1,1279,1279,1269,42,53494,13612931010,10727290,KNX,일반기업부,소프트웨어 개발 및 공급업
2685,352770,KR7352770002,셀레스트라,KOSDAQ,관리종목(소속부없음),5250,0,0,0.0,0,0,0,0,0,13610136750,2592407,KSQ,관리종목(소속부없음),의료용품 및 기타 의약 관련제품 제조업
2686,244460,KR7244460002,올리패스,KOSDAQ,관리종목(소속부없음),1651,0,0,0.0,0,0,0,0,0,13415218661,8125511,KSQ,관리종목(소속부없음),기초 의약물질 제조업
2687,489480,KR7489480004,키움제11호스팩,KOSDAQ,SPAC(소속부없음),2025,3,0,0.0,2025,2025,2025,2509,5080725,13365000000,6600000,KSQ,SPAC(소속부없음),금융 지원 서비스업
2688,177350,KR7177350006,베셀,KOSDAQ,투자주의환기종목(소속부없음),680,1,22,3.34,658,700,658,96040,65267450,13364561560,19653767,KSQ,투자주의환기종목(소속부없음),플라스틱제품 제조업
2689,002680,KR7002680007,한탑,KOSDAQ,중견기업부,413,3,0,0.0,418,429,402,361476,149295311,13346837987,32316799,KSQ,중견기업부,"곡물가공품, 전분 및 전분제품 제조업"
2690,217320,KR7217320001,썬테크,KONEX,일반기업부,12700,4,1650,14.93,12700,12700,12700,1,12700,13335000000,1050000,KNX,일반기업부,"전동기, 발전기 및 전기 변환 · 공급 · 제어 장치 제조업"
2691,0134X0,KR70134X0004,대신밸런스제20호스팩,KOSDAQ,SPAC(소속부없음),1974,2,-9,-0.45,1983,1983,1973,239954,473850375,13304760000,6740000,KSQ,SPAC(소속부없음),금융 지원 서비스업
2692,481890,KR7481890002,엔에이치스팩31호,KOSDAQ,SPAC(소속부없음),2085,1,10,0.48,2085,2085,2085,2,4170,13229325000,6345000,KSQ,SPAC(소속부없음),금융 지원 서비스업
2693,069920,KR7069920007,엑시온그룹,KOSDAQ,투자주의환기종목(소속부없음),1423,1,216,17.9,1209,1545,1209,515607,733541456,13228949383,9296521,KSQ,투자주의환기종목(소속부없음),무점포 소매업
2694,0096B0,KR70096B0006,삼성스팩12호,KOSDAQ,SPAC(소속부없음),1990,2,-7,-0.35,1989,1999,1987,6356,12657708,13094200000,6580000,KSQ,SPAC(소속부없음),기타 금융업
2695,289170,KR7289170003,바이오텐,KONEX,일반기업부,3655,1,455,14.22,3665,3665,3650,5,18275,13072798295,3576689,KNX,일반기업부,기타 식품 제조업
2696,456190,KR7456190008,큐라켐,KONEX,일반기업부,7420,0,0,0.0,0,0,0,0,0,13016802120,1754286,KNX,일반기업부,의료용품 및 기타 의약 관련제품 제조업
2697,419540,KR7419540000,비스토스,KOSDAQ,벤처기업부,2830,1,230,8.85,2990,3340,2800,513810,1574823532,13013760660,4598502,KSQ,벤처기업부,의료용 기기 제조업
2698,0097F0,KR70097F0001,미래에셋비전스팩10호,KOSDAQ,SPAC(소속부없음),1996,3,0,0.0,1997,2000,1996,829,1655163,12974000000,6500000,KSQ,SPAC(소속부없음),금융 지원 서비스업
2699,489730,KR7489730002,디비금융제13호스팩,KOSDAQ,SPAC(소속부없음),2025,1,10,0.5,2015,2025,2015,29891,60236670,12822300000,6332000,KSQ,SPAC(소속부없음),기타 금융업
2700,065420,KR7065420002,에스아이리소스,KOSDAQ,중견기업부,179,2,-11,-5.79,182,189,172,4065467,728791030,12812336521,71577299,KSQ,중견기업부,기타 화학제품 제조업
2701,0093G0,KR70093G0004,미래에셋비전스팩8호,KOSDAQ,SPAC(소속부없음),2000,1,5,0.25,1995,2000,1995,53,105745,12800000000,6400000,KSQ,SPAC(소속부없음),금융 지원 서비스업
2702,149010,KR7149010001,아이케이세미콘,KONEX,일반기업부,4100,1,10,0.24,4100,4100,4100,15,61500,12792000000,3120000,KNX,일반기업부,반도체 제조업
2703,0099X0,KR70099X0007,IBKS제25호스팩,KOSDAQ,SPAC(소속부없음),2125,3,0,0.0,2125,2130,2110,6768,14281130,12707500000,5980000,KSQ,SPAC(소속부없음),금융 지원 서비스업
2704,0037T0,KR70037T0008,KB제32호스팩,KOSDAQ,SPAC(소속부없음),2005,1,5,0.25,2005,2005,1995,178,355210,12691650000,6330000,KSQ,SPAC(소속부없음),금융 지원 서비스업
2705,478390,KR7478390008,KB제29호스팩,KOSDAQ,SPAC(소속부없음),2040,2,-10,-0.49,2050,2055,2040,3159,6456250,12688800000,6220000,KSQ,SPAC(소속부없음),금융 지원 서비스업
2706,054180,KR7054180005,메디콕스,KOSDAQ,관리종목(소속부없음),2295,0,0,0.0,0,0,0,0,0,12686716395,5527981,KSQ,관리종목(소속부없음),선박 및 보트 건조업
2707,471050,KR7471050005,대신밸런스제17호스팩,KOSDAQ,SPAC(소속부없음),2087,1,2,0.1,2085,2087,2080,10193,21224392,12647220000,6060000,KSQ,SPAC(소속부없음),금융 지원 서비스업
2708,004105,KR7004101002,태양금속우,KOSPI,,3810,1,160,4.38,3650,3890,3630,49016,184544635,12573000000,3300000,STK,,
2709,312610,KR7312610009,에이에프더블류,KOSDAQ,투자주의환기종목(소속부없음),620,1,8,1.31,612,643,612,75290,46678341,12559270560,20256888,KSQ,투자주의환기종목(소속부없음),1차 비철금속 제조업
2710,0054V0,KR70054V0002,엔에이치스팩32호,KOSDAQ,SPAC(소속부없음),2020,2,-10,-0.49,2030,2030,2020,2293,4633380,12557330000,6216500,KSQ,SPAC(소속부없음),금융 지원 서비스업
2711,0088D0,KR70088D0004,메리츠제1호스팩,KOSDAQ,SPAC(소속부없음),2160,2,-5,-0.23,2165,2175,2160,355,768245,12517200000,5795000,KSQ,SPAC(소속부없음),금융 지원 서비스업
2712,0131D0,KR70131D0001,키움히어로제2호스팩,KOSDAQ,SPAC(소속부없음),1979,2,-2,-0.1,1973,1982,1973,25360,50131513,12487490000,6310000,KSQ,SPAC(소속부없음),금융 지원 서비스업
2713,492220,KR7492220009,KB제31호스팩,KOSDAQ,SPAC(소속부없음),2010,2,-10,-0.5,2020,2020,2010,8034,16165215,12482100000,6210000,KSQ,SPAC(소속부없음),금융 지원 서비스업
2714,035290,KR7035290006,골드앤에스,KOSDAQ,중견기업부,2610,1,5,0.19,2635,2705,2605,13439,35397600,12443561280,4767648,KSQ,중견기업부,"서적, 잡지 및 기타 인쇄물 출판업"
2715,482520,KR7482520004,교보16호스팩,KOSDAQ,SPAC(소속부없음),2035,1,5,0.25,2030,2035,2030,8866,18039945,12413500000,6100000,KSQ,SPAC(소속부없음),금융 지원 서비스업
2716,012340,KR7012340006,뉴인텍,KOSDAQ,투자주의환기종목(소속부없음),1097,1,52,4.98,1070,1124,1046,53419,57908034,12396442264,11300312,KSQ,투자주의환기종목(소속부없음),자동차 신품 부품 제조업
2717,065570,KR7065570004,삼영이엔씨,KOSDAQ,관리종목(소속부없음),764,0,0,0.0,0,0,0,0,0,12295692232,16093838,KSQ,관리종목(소속부없음),통신 및 방송 장비 제조업
2718,0091W0,KR70091W0006,신영스팩11호,KOSDAQ,SPAC(소속부없음),2015,2,-10,-0.49,2025,2025,2015,2370,4789090,12227020000,6068000,KSQ,SPAC(소속부없음),금융 지원 서비스업
2719,084695,KR7084691005,대상홀딩스우,KOSPI,,13300,1,420,3.26,12900,13300,12900,2789,36423680,12149310600,913482,STK,,
2720,001755,KR7001751007,한양증권우,KOSPI,,23000,2,-500,-2.13,22750,23200,22650,1093,24961150,12075000000,525000,STK,,
2721,0041L0,KR70041L0000,하나35호스팩,KOSDAQ,SPAC(소속부없음),2000,1,5,0.25,2005,2005,1994,383,767009,12060000000,6030000,KSQ,SPAC(소속부없음),금융 지원 서비스업
2722,482690,KR7482690005,대신밸런스제19호스팩,KOSDAQ,SPAC(소속부없음),2140,2,-50,-2.28,2155,2175,2140,411,879700,12016100000,5615000,KSQ,SPAC(소속부없음),금융 지원 서비스업
2723,477760,KR7477760003,DB금융스팩12호,KOSDAQ,SPAC(소속부없음),2050,2,-5,-0.24,2055,2055,2045,3678,7524700,11972000000,5840000,KSQ,SPAC(소속부없음),기타 금융업
2724,0132G0,KR70132G0007,교보20호스팩,KOSDAQ,SPAC(소속부없음),1995,2,-1,-0.05,1996,1997,1995,4926,9829165,11910150000,5970000,KSQ,SPAC(소속부없음),기타 금융업
2725,225430,KR7225430008,케이엠제약,KOSDAQ,벤처기업부,2135,2,-30,-1.39,2195,2205,2085,65069,139010440,11907770350,5577410,KSQ,벤처기업부,기타 화학제품 제조업
2726,025870,KR7025870007,신라에스지,KOSDAQ,중견기업부,2935,1,5,0.17,3090,3090,2900,6291,18740595,11740000000,4000000,KSQ,중견기업부,음·식료품 및 담배 도매업
2727,469900,KR7469900005,하나31호스팩,KOSDAQ,SPAC(소속부없음),2075,3,0,0.0,2080,2080,2075,203,422230,11630375000,5605000,KSQ,SPAC(소속부없음),금융 지원 서비스업
2728,38380K,KR738380K012,LX홀딩스1우,KOSPI,,7920,1,110,1.41,7990,7990,7820,4483,35213720,11605057200,1465285,STK,,
2729,073190,KR7073190001,듀오백,KOSDAQ,투자주의환기종목(소속부없음),963,1,47,5.13,992,1190,946,1783314,1884462852,11525222520,11968040,KSQ,투자주의환기종목(소속부없음),가구 제조업
2730,0071M0,KR70071M0002,삼성스팩11호,KOSDAQ,SPAC(소속부없음),2000,2,-10,-0.5,2005,2010,2000,912,1825810,11520000000,5760000,KSQ,SPAC(소속부없음),금융 지원 서비스업
2731,060240,KR7060240009,스타코링크,KOSDAQ,관리종목(소속부없음),1976,0,0,0.0,0,0,0,0,0,11502414560,5821060,KSQ,관리종목(소속부없음),선박 및 보트 건조업
2732,145995,KR7145991006,삼양사우,KOSPI,,30950,3,0,0.0,31150,31150,30700,627,19273500,11453666500,370070,STK,,
2733,487360,KR7487360000,신한제14호스팩,KOSDAQ,SPAC(소속부없음),2020,3,0,0.0,2020,2030,2020,536,1082740,11392800000,5640000,KSQ,SPAC(소속부없음),금융 지원 서비스업
2734,084180,KR7084180009,수성웹툰,KOSDAQ,중견기업부,630,2,-12,-1.87,646,683,619,88951,56513260,11386798290,18074283,KSQ,중견기업부,일반 목적용 기계 제조업
2735,474660,KR7474660008,신한제12호스팩,KOSDAQ,SPAC(소속부없음),2052,1,2,0.1,2050,2055,2050,132,270897,11327040000,5520000,KSQ,SPAC(소속부없음),금융 지원 서비스업
2736,474490,KR7474490000,유안타제16호스팩,KOSDAQ,SPAC(소속부없음),2055,1,5,0.24,2050,2060,2050,1186,2438570,11323050000,5510000,KSQ,SPAC(소속부없음),금융 지원 서비스업
2737,477470,KR7477470009,미래에셋비전스팩5호,KOSDAQ,SPAC(소속부없음),2065,1,10,0.49,2065,2065,2050,1203,2469215,11316200000,5480000,KSQ,SPAC(소속부없음),금융 지원 서비스업
2738,0105P0,KR70105P0009,유진스팩12호,KOSDAQ,SPAC(소속부없음),1998,1,3,0.15,1995,1999,1986,84,167240,11308680000,5660000,KSQ,SPAC(소속부없음),금융 지원 서비스업
2739,496070,KR7496070004,신한제16호스팩,KOSDAQ,SPAC(소속부없음),1998,2,-2,-0.1,2005,2005,1998,2577,5149975,11228760000,5620000,KSQ,SPAC(소속부없음),금융 지원 서비스업
2740,0129K0,KR70129K0006,신한제18호스팩,KOSDAQ,SPAC(소속부없음),1988,3,0,0.0,1988,1988,1982,8891,17642996,11172560000,5620000,KSQ,SPAC(소속부없음),금융 지원 서비스업
2741,012205,KR7012201000,계양전기우,KOSPI,,9520,1,570,6.37,9500,9520,9470,18801,178226920,11129632080,1169079,STK,,
2742,176590,KR7176590008,코나솔,KONEX,일반기업부,1900,2,-59,-3.01,1975,2100,1801,3377,6965511,11089127700,5836383,KNX,일반기업부,기타 금속 가공제품 제조업
2743,0096D0,KR70096D0004,미래에셋비전스팩9호,KOSDAQ,SPAC(소속부없음),1994,1,2,0.1,1993,1996,1992,2599,5183491,10967000000,5500000,KSQ,SPAC(소속부없음),금융 지원 서비스업
2744,009620,KR7009620006,삼보산업,KOSDAQ,투자주의환기종목(소속부없음),626,1,63,11.19,597,731,581,2932257,1989832439,10938128048,17473048,KSQ,투자주의환기종목(소속부없음),1차 비철금속 제조업
2745,0098T0,KR70098T0004,교보19호스팩,KOSDAQ,SPAC(소속부없음),2020,3,0,0.0,2020,2040,2020,5569,11249875,10908000000,5400000,KSQ,SPAC(소속부없음),금융 지원 서비스업
2746,486630,KR7486630007,KB제30호스팩,KOSDAQ,SPAC(소속부없음),2050,2,-5,-0.24,2035,2055,2035,305,620740,10885500000,5310000,KSQ,SPAC(소속부없음),금융 지원 서비스업
2747,004255,KR7004251005,NPC우,KOSPI,,2060,1,20,0.98,2080,2080,2005,6846,13931175,10876800000,5280000,STK,,
2748,050090,KR7050090000,비케이홀딩스,KOSDAQ,투자주의환기종목(소속부없음),546,2,-11,-1.97,557,565,542,5603,3099737,10802465310,19784735,KSQ,투자주의환기종목(소속부없음),광고업
2749,253610,KR7253610000,루트락,KONEX,일반기업부,1051,2,-2,-0.19,1051,1051,1051,1,1051,10781232621,10258071,KNX,일반기업부,기타 전문 도매업
2750,493790,KR7493790000,유안타제17호스팩,KOSDAQ,SPAC(소속부없음),2020,1,5,0.25,2000,2030,2000,163,327710,10726200000,5310000,KSQ,SPAC(소속부없음),금융 지원 서비스업
2751,001515,KR7001511005,SK증권우,KOSPI,,5470,1,370,7.25,5590,5590,5400,11851,65096360,10700725790,1956257,STK,,
2752,489210,KR7489210005,교보17호스팩,KOSDAQ,SPAC(소속부없음),2065,1,5,0.24,2060,2105,2060,401,826605,10696700000,5180000,KSQ,SPAC(소속부없음),금융 지원 서비스업
2753,0004Y0,KR70004Y0000,디비금융제14호스팩,KOSDAQ,SPAC(소속부없음),2005,2,-5,-0.25,2010,2010,2005,404,811020,10656575000,5315000,KSQ,SPAC(소속부없음),기타 금융업
2754,011080,KR7011080009,형지I&C,KOSDAQ,중견기업부,2475,1,125,5.32,2375,2590,2375,36875,90957020,10633248450,4296262,KSQ,중견기업부,봉제의복 제조업
2755,008290,KR7008290009,원풍물산,KOSDAQ,투자주의환기종목(소속부없음),521,2,-10,-1.88,531,534,513,21034,11038294,10600703119,20346839,KSQ,투자주의환기종목(소속부없음),봉제의복 제조업
2756,0130D0,KR70130D0002,신한제17호스팩,KOSDAQ,SPAC(소속부없음),1984,2,-2,-0.1,1986,1991,1983,3422,6790181,10594560000,5340000,KSQ,SPAC(소속부없음),금융 지원 서비스업
2757,043100,KR7043100007,알파AI,KOSDAQ,관리종목(소속부없음),520,0,0,0.0,0,0,0,0,0,10457241600,20110080,KSQ,관리종목(소속부없음),의료용 기기 제조업
2758,224760,KR7224760009,엔에스컴퍼니,KONEX,일반기업부,2635,0,0,0.0,0,0,0,0,0,10381109500,3939700,KNX,일반기업부,토목 건설업
2759,478110,KR7478110000,이베스트스팩6호,KOSDAQ,SPAC(소속부없음),2045,1,10,0.49,2045,2045,2045,1,2045,10265900000,5020000,KSQ,SPAC(소속부없음),금융 지원 서비스업
2760,103660,KR7103660007,씨앗,KONEX,일반기업부,1700,2,-29,-1.68,1600,1700,1600,12,19400,10229700700,6017471,KNX,일반기업부,기타 화학제품 제조업
2761,466690,KR7466690005,키움히어로제1호스팩,KOSDAQ,SPAC(소속부없음),2005,1,5,0.25,2015,2015,2000,2435,4884755,10215475000,5095000,KSQ,SPAC(소속부없음),금융 지원 서비스업
2762,498390,KR7498390004,한화플러스제5호스팩,KOSDAQ,SPAC(소속부없음),2050,3,0,0.0,2050,2050,2035,4001,8166995,10168000000,4960000,KSQ,SPAC(소속부없음),금융 지원 서비스업
2763,0041B0,KR70041B0002,교보18호스팩,KOSDAQ,SPAC(소속부없음),2015,2,-5,-0.25,2020,2020,2015,286,577320,10155600000,5040000,KSQ,SPAC(소속부없음),금융 지원 서비스업
2764,238500,KR7238500003,솔루믹스,KONEX,일반기업부,475,0,0,0.0,0,0,0,0,0,9883469400,20807304,KNX,일반기업부,"그외 기타 전문, 과학 및 기술 서비스업"
2765,472220,KR7472220003,신영스팩10호,KOSDAQ,SPAC(소속부없음),2100,3,0,0.0,2105,2105,2100,300,630950,9849000000,4690000,KSQ,SPAC(소속부없음),금융 지원 서비스업
2766,469480,KR7469480008,IBKS제24호스팩,KOSDAQ,SPAC(소속부없음),2325,2,-75,-3.13,2475,2475,2270,23487,53874545,9834750000,4230000,KSQ,SPAC(소속부없음),금융 지원 서비스업
2767,003075,KR7003071008,코오롱글로벌우,KOSPI,,13000,2,-510,-3.77,13890,14000,12640,880,11733440,9629581000,740737,STK,,
2768,189350,KR7189350002,코셋,KONEX,일반기업부,2000,1,47,2.41,2000,2000,2000,1,2000,9600000000,4800000,KNX,일반기업부,통신 및 방송 장비 제조업
2769,488060,KR7488060005,유진스팩11호,KOSDAQ,SPAC(소속부없음),2030,3,0,0.0,2030,2030,2030,126,255780,9581600000,4720000,KSQ,SPAC(소속부없음),금융 지원 서비스업
2770,33637L,KR733637K028,솔루스첨단소재2우B,KOSPI,,2520,1,120,5.0,2410,2570,2410,7911,19815055,9521305920,3778296,STK,,
2771,106080,KR7106080005,케이이엠텍,KOSDAQ,관리종목(소속부없음),1650,0,0,0.0,0,0,0,0,0,9506998050,5761817,KSQ,관리종목(소속부없음),전자부품 제조업
2772,341170,KR7341170009,퓨쳐메디신,KONEX,일반기업부,900,1,49,5.76,800,970,724,145,108868,9479884500,10533205,KNX,일반기업부,자연과학 및 공학 연구개발업
2773,145210,KR7145210001,다이나믹디자인,KOSPI,,224,0,0,0.0,0,0,0,0,0,9461013632,42236668,STK,,특수 목적용 기계 제조업
2774,001067,KR7001062009,JW중외제약2우B,KOSPI,,45050,2,-450,-0.99,45500,45500,45050,2,90550,9459283650,209973,STK,,
2775,244880,KR7244880001,나눔테크,KONEX,일반기업부,1875,1,96,5.4,1875,1875,1875,1,1875,9412500000,5020000,KNX,일반기업부,의료용 기기 제조업
2776,178600,KR7178600003,대동고려삼,KONEX,일반기업부,2075,3,0,0.0,2085,2085,1765,17,30635,9232920000,4449600,KNX,일반기업부,기타 식품 제조업
2777,484130,KR7484130000,하나34호스팩,KOSDAQ,SPAC(소속부없음),2035,1,15,0.74,2035,2035,2035,203,413105,9198200000,4520000,KSQ,SPAC(소속부없음),금융 지원 서비스업
2778,464440,KR7464440007,한국제13호스팩,KOSDAQ,관리종목(소속부없음),2115,1,5,0.24,2115,2115,2115,106072,224342280,9136800000,4320000,KSQ,관리종목(소속부없음),금융 지원 서비스업
2779,473950,KR7473950004,에스케이증권제13호스팩,KOSDAQ,SPAC(소속부없음),2035,3,0,0.0,2035,2035,2025,25590,51946240,8994700000,4420000,KSQ,SPAC(소속부없음),금융 지원 서비스업
2780,467930,KR7467930004,IBKS제23호스팩,KOSDAQ,SPAC(소속부없음),2105,1,5,0.24,2105,2105,2100,3763,7909110,8904150000,4230000,KSQ,SPAC(소속부없음),금융 지원 서비스업
2781,465320,KR7465320000,교보15호스팩,KOSDAQ,SPAC(소속부없음),2335,0,0,0.0,0,0,0,0,0,8896350000,3810000,KSQ,SPAC(소속부없음),금융 지원 서비스업
2782,468760,KR7468760004,유진스팩10호,KOSDAQ,SPAC(소속부없음),2080,3,0,0.0,2080,2080,2075,2440,5073015,8819200000,4240000,KSQ,SPAC(소속부없음),금융 지원 서비스업
2783,487830,KR7487830002,신한제15호스팩,KOSDAQ,SPAC(소속부없음),2025,2,-5,-0.25,2030,2030,2025,35,70885,8808750000,4350000,KSQ,SPAC(소속부없음),금융 지원 서비스업
2784,03481K,KR703481K019,해성산업1우,KOSDAQ,중견기업부,6290,1,320,5.36,5980,6290,5970,1068,6497420,8664179370,1377453,KSQ,중견기업부,
2785,0068Y0,KR70068Y0003,비엔케이제3호스팩,KOSDAQ,SPAC(소속부없음),2005,1,5,0.25,2005,2005,2005,1,2005,8641550000,4310000,KSQ,SPAC(소속부없음),금융 지원 서비스업
2786,472230,KR7472230002,에스케이증권제11호스팩,KOSDAQ,SPAC(소속부없음),2075,2,-10,-0.48,2080,2080,2070,2125,4407850,8621625000,4155000,KSQ,SPAC(소속부없음),금융 지원 서비스업
2787,000225,KR7000221002,유유제약1우,KOSPI,,3795,1,90,2.43,3705,3885,3695,16371,61595850,8602999350,2266930,STK,,
2788,487720,KR7487720005,키움제10호스팩,KOSDAQ,SPAC(소속부없음),2020,2,-10,-0.49,2015,2030,2015,2261,4562825,8544600000,4230000,KSQ,SPAC(소속부없음),금융 지원 서비스업
2789,236030,KR7236030003,씨알푸드,KONEX,일반기업부,4200,0,0,0.0,0,0,0,0,0,8539994400,2033332,KNX,일반기업부,"곡물가공품, 전분 및 전분제품 제조업"
2790,121850,KR7121850002,코이즈,KOSDAQ,관리종목(소속부없음),1661,1,33,2.03,1628,1725,1628,15243,25600975,8399675339,5056999,KSQ,관리종목(소속부없음),플라스틱제품 제조업
2791,185190,KR7185190006,수프로,KONEX,일반기업부,900,2,-65,-6.74,999,999,821,22,18319,8314762500,9238625,KNX,일반기업부,산업용 농·축산물 및 동·식물 도매업
2792,0041J0,KR70041J0004,엘에스스팩1호,KOSDAQ,SPAC(소속부없음),2000,1,4,0.2,1994,2000,1994,51,101880,8220000000,4110000,KSQ,SPAC(소속부없음),금융 지원 서비스업
2793,236340,KR7236340006,메디젠휴먼케어,KONEX,일반기업부,2600,2,-100,-3.7,2700,2700,2500,13,33000,7838082200,3014647,KNX,일반기업부,자연과학 및 공학 연구개발업
2794,114920,KR7114920002,대주이엔티,KONEX,일반기업부,2225,5,-390,-14.91,2225,2600,2225,1509,3359080,7719637500,3469500,KNX,일반기업부,1차 철강 제조업
2795,079970,KR7079970000,투비소프트,KOSDAQ,관리종목(소속부없음),596,0,0,0.0,0,0,0,0,0,7646223464,12829234,KSQ,관리종목(소속부없음),소프트웨어 개발 및 공급업
2796,475250,KR7475250007,하나33호스팩,KOSDAQ,SPAC(소속부없음),2065,2,-5,-0.24,2070,2075,2062,1125,2323742,7640500000,3700000,KSQ,SPAC(소속부없음),금융 지원 서비스업
2797,004985,KR7004981007,성신양회우,KOSPI,,10240,3,0,0.0,10240,10480,10120,705,7331070,7533004800,735645,STK,,
2798,474930,KR7474930005,신한제13호스팩,KOSDAQ,SPAC(소속부없음),2080,1,5,0.24,2085,2085,2080,305,635915,7529600000,3620000,KSQ,SPAC(소속부없음),금융 지원 서비스업
2799,212310,KR7212310007,오건에코텍,KONEX,일반기업부,635,0,0,0.0,0,0,0,0,0,7514663025,11834115,KNX,일반기업부,의료용 기기 제조업
2800,309930,KR7309930006,조이웍스앤코,KOSDAQ,중견기업부,1525,1,20,1.33,1607,1635,1508,20184,31226440,7468548725,4897409,KSQ,중견기업부,기타 생활용품 소매업
2801,004835,KR7004831004,덕성우,KOSPI,,5280,1,90,1.73,5290,5320,5180,586,3106790,7349760000,1392000,STK,,
2802,276240,KR7276240009,엘리비젼,KONEX,일반기업부,591,1,64,12.14,600,600,591,2,1191,7277064558,12313138,KNX,일반기업부,영상 및 음향기기 제조업
2803,001065,KR7001061001,JW중외제약우,KOSPI,,21150,2,-350,-1.63,21500,21500,21150,285,6098450,7232263650,341951,STK,,
2804,199150,KR7199150004,데이터스트림즈,KONEX,일반기업부,1670,1,20,1.21,1650,1897,1600,2297,4076991,7128583710,4268613,KNX,일반기업부,소프트웨어 개발 및 공급업
2805,318660,KR7318660008,타임기술,KONEX,일반기업부,3300,1,230,7.49,3200,3300,3200,40,128600,7101933300,2152101,KNX,일반기업부,소프트웨어 개발 및 공급업
2806,276040,KR7276040003,스코넥,KOSDAQ,관리종목(소속부없음),327,0,0,0.0,0,0,0,0,0,7073119545,21630335,KSQ,관리종목(소속부없음),소프트웨어 개발 및 공급업
2807,251280,KR7251280004,안지오랩,KONEX,일반기업부,1975,2,-3,-0.15,1978,1978,1850,162,304587,6896443250,3491870,KNX,일반기업부,자연과학 및 공학 연구개발업
2808,473000,KR7473000008,에스케이증권제12호스팩,KOSDAQ,SPAC(소속부없음),2055,1,10,0.49,2055,2055,2050,719,1477485,6802050000,3310000,KSQ,SPAC(소속부없음),금융 지원 서비스업
2809,000325,KR7000321000,노루홀딩스우,KOSPI,,27550,1,100,0.36,27400,27850,27400,39,1077600,6710050450,243559,STK,,
2810,101390,KR7101390003,아이엠,KOSDAQ,관리종목(소속부없음),396,0,0,0.0,0,0,0,0,0,6698084184,16914354,KSQ,관리종목(소속부없음),전자부품 제조업
2811,447690,KR7447690009,아이오바이오,KONEX,일반기업부,2540,1,200,8.55,2685,2685,2540,13,33165,6680850240,2630256,KNX,일반기업부,의료용 기기 제조업
2812,475240,KR7475240008,하나32호스팩,KOSDAQ,SPAC(소속부없음),2085,1,10,0.48,2075,2085,2060,1010,2080820,6672000000,3200000,KSQ,SPAC(소속부없음),금융 지원 서비스업
2813,009415,KR7009411000,태영건설우,KOSPI,,10200,1,1840,22.01,10850,10850,9840,38066,393728140,6629734800,649974,STK,,
2814,199290,KR7199290008,바이오프로테크,KONEX,일반기업부,400,2,-18,-4.31,400,400,400,1,400,6530076800,16325192,KNX,일반기업부,의료용 기기 제조업
2815,26490K,KR726490K013,크라운제과우,KOSPI,,8220,1,160,1.99,8260,8260,7900,170,1393920,6358663200,773560,STK,,
2816,066830,KR7066830001,제노텍,KONEX,일반기업부,1110,2,-190,-14.62,1290,1290,1110,97,123150,6290569800,5667180,KNX,일반기업부,기타 화학제품 제조업
2817,234070,KR7234070001,에이원큐브텍,KONEX,일반기업부,900,2,-9,-0.99,900,900,900,1,900,6264632700,6960703,KNX,일반기업부,산업용 기계 및 장비 임대업
2818,202960,KR7202960001,판도라티비,KONEX,일반기업부,496,1,16,3.33,500,500,408,1284,525268,5910128672,11915582,KNX,일반기업부,소프트웨어 개발 및 공급업
2819,267080,KR7267080000,세븐브로이맥주,KONEX,일반기업부,486,0,0,0.0,0,0,0,0,0,5769504288,11871408,KNX,일반기업부,알코올음료 제조업
2820,215570,KR7215570003,크로넥스,KONEX,일반기업부,879,2,-20,-2.22,900,900,765,1925,1507866,5478318276,6232444,KNX,일반기업부,자연과학 및 공학 연구개발업
2821,044180,KR7044180008,KD,KOSDAQ,관리종목(소속부없음),205,0,0,0.0,0,0,0,0,0,5477148795,26717799,KSQ,관리종목(소속부없음),건물 건설업
2822,332190,KR7332190008,오션스바이오,KONEX,일반기업부,3635,0,0,0.0,0,0,0,0,0,5371944765,1477839,KNX,일반기업부,의료용 기기 제조업
2823,313760,KR7313760001,캐리,KOSDAQ,관리종목(소속부없음),468,0,0,0.0,0,0,0,0,0,5244963048,11207186,KSQ,관리종목(소속부없음),"전동기, 발전기 및 전기 변환 · 공급 · 제어 장치 제조업"
2824,311960,KR7311960009,인터로이드,KONEX,일반기업부,1699,1,1,0.06,1700,1700,1500,28,46962,5203466136,3062664,KNX,일반기업부,소프트웨어 개발 및 공급업
2825,090355,KR7090351008,노루페인트우,KOSPI,,10900,2,-110,-1.0,11100,11100,10900,44,480360,5048073400,463126,STK,,
2826,266350,KR7266350008,팡스카이,KONEX,일반기업부,398,0,0,0.0,0,0,0,0,0,5026568860,12629570,KNX,일반기업부,소프트웨어 개발 및 공급업
2827,258050,KR7258050004,테크트랜스,KONEX,일반기업부,449,0,0,0.0,0,0,0,0,0,5004531101,11145949,KNX,일반기업부,기타 금속 가공제품 제조업
2828,327610,KR7327610002,펨토바이오메드,KONEX,일반기업부,585,0,0,0.0,0,0,0,0,0,4993610310,8536086,KNX,일반기업부,의료용 기기 제조업
2829,121060,KR7121060008,유니포인트,KONEX,일반기업부,955,1,122,14.65,955,955,955,1,955,4960062765,5193783,KNX,일반기업부,"컴퓨터 프로그래밍, 시스템 통합 및 관리업"
2830,008500,KR7008500001,일정실업,KOSPI,,820,1,68,9.04,722,930,715,900528,748268245,4920000000,6000000,STK,,편조원단 제조업
2831,346010,KR7346010002,타이드,KONEX,일반기업부,1000,0,0,0.0,0,0,0,0,0,4860062000,4860062,KNX,일반기업부,전자부품 제조업
2832,043090,KR7043090000,더테크놀로지,KOSDAQ,투자주의환기종목(소속부없음),1140,0,0,0.0,0,0,0,0,0,4718944500,4139425,KSQ,투자주의환기종목(소속부없음),기타 전문 도매업
2833,000545,KR7000541003,흥국화재우,KOSPI,,6070,2,-10,-0.16,6080,6080,6070,162,983490,4661760000,768000,STK,,
2834,052770,KR7052770005,아이톡시,KOSDAQ,관리종목(소속부없음),312,0,0,0.0,0,0,0,0,0,4545457488,14568774,KSQ,관리종목(소속부없음),소프트웨어 개발 및 공급업
2835,116100,KR7116100009,태양기계,KONEX,일반기업부,610,3,0,0.0,610,649,610,48,29358,4538391460,7439986,KNX,일반기업부,자동차 신품 부품 제조업
2836,000145,KR7000141002,하이트진로홀딩스우,KOSPI,,9520,1,120,1.28,9400,9520,9400,397,3739440,4482111200,470810,STK,,
2837,217910,KR7217910009,에스제이켐,KONEX,일반기업부,320,1,1,0.31,319,320,319,2,639,4476967040,13990522,KNX,일반기업부,기초 화학물질 제조업
2838,092590,KR7092590009,럭스피아,KONEX,일반기업부,612,4,79,14.82,612,612,612,1,612,4462151976,7291098,KNX,일반기업부,반도체 제조업
2839,299480,KR7299480004,지앤이헬스케어,KONEX,일반기업부,399,1,3,0.76,399,399,399,1,399,4429196457,11100743,KNX,일반기업부,기타 섬유제품 제조업
2840,302920,KR7302920004,더콘텐츠온,KONEX,일반기업부,950,2,-150,-13.64,935,950,935,310,294350,4324741050,4552359,KNX,일반기업부,"영화, 비디오물, 방송프로그램 제작 및 배급업"
2841,266470,KR7266470004,바이오인프라생명과학,KONEX,일반기업부,146,4,19,14.96,127,146,127,3585,470423,4068438774,27866019,KNX,일반기업부,자연과학 및 공학 연구개발업
2842,136660,KR7136660008,큐엠씨,KONEX,일반기업부,1700,2,-100,-5.56,1800,1900,1531,83,137935,4013615000,2360950,KNX,일반기업부,특수 목적용 기계 제조업
2843,005965,KR7005961008,동부건설우,KOSPI,,17000,1,800,4.94,17500,17550,16970,1384,24010820,3837444000,225732,STK,,
2844,002995,KR7002991008,금호건설우,KOSPI,,13020,1,1540,13.41,13200,13200,12110,3167,40736950,3805303320,292266,STK,,
2845,014825,KR7014821003,동원시스템즈우,KOSPI,,14300,1,10,0.07,14300,14300,14300,11,157300,3776787300,264111,STK,,
2846,014285,KR7014281000,금강공업우,KOSPI,,6390,1,240,3.9,6400,6410,6360,207,1323290,3769301250,589875,STK,,
2847,208890,KR7208890004,미래엔에듀파트너,KONEX,일반기업부,900,0,0,0.0,0,0,0,0,0,3604968000,4005520,KNX,일반기업부,교육지원 서비스업
2848,36328K,KR736328K013,티와이홀딩스우,KOSPI,,3060,1,40,1.32,3350,3350,3055,2942,9043495,3595343940,1174949,STK,,
2849,007575,KR7007571003,일양약품우,KOSPI,,8070,1,430,5.63,7700,8070,7700,584,4558750,3591795600,445080,STK,,
2850,005745,KR7005741004,크라운해태홀딩스우,KOSPI,,5940,1,30,0.51,5910,5940,5910,59,350390,3568312440,600726,STK,,
2851,000227,KR7000222000,유유제약2우B,KOSPI,,10620,1,100,0.95,10520,10690,10520,419,4466250,3457447200,325560,STK,,
2852,093510,KR7093510006,엔지브이아이,KONEX,일반기업부,570,0,0,0.0,0,0,0,0,0,3431400000,6020000,KNX,일반기업부,자동차 신품 부품 제조업
2853,001527,KR7001522002,동양2우B,KOSPI,,7160,1,60,0.85,7100,7390,7100,90,657070,3426554040,478569,STK,,
2854,390110,KR7390110005,애니메디솔루션,KONEX,일반기업부,350,1,3,0.86,398,398,350,105,36798,3393966450,9697047,KNX,일반기업부,의료용 기기 제조업
2855,224810,KR7224810002,엄지하우스,KONEX,일반기업부,799,2,-121,-13.15,1054,1054,790,465,370530,3355800000,4200000,KNX,일반기업부,실내건축 및 건축마무리 공사업
2856,004545,KR7004541009,깨끗한나라우,KOSPI,,8800,1,10,0.11,8790,8800,8790,218,1916320,3222208000,366160,STK,,
2857,296520,KR7296520000,가이아코퍼레이션,KONEX,일반기업부,673,4,87,14.85,673,673,673,43,28939,3140896384,4667008,KNX,일반기업부,생활용품 도매업
2858,008355,KR7008351009,남선알미우,KOSPI,,10200,1,160,1.59,10250,10250,10060,886,8940570,3140478000,307890,STK,,
2859,402420,KR7402420004,켈스,KONEX,일반기업부,1300,2,-199,-13.28,1500,1600,1300,31,42600,3053391900,2348763,KNX,일반기업부,의료용 기기 제조업
2860,001525,KR7001521004,동양우,KOSPI,,4510,1,320,7.64,4400,4640,4400,414,1848905,2785966810,617731,STK,,
2861,140660,KR7140660002,위월드,KONEX,일반기업부,1100,0,0,0.0,0,0,0,0,0,2735977200,2487252,KNX,일반기업부,통신 및 방송 장비 제조업
2862,014915,KR7014911002,성문전자우,KOSPI,,4550,1,80,1.79,4500,4590,4500,1736,7873730,2730000000,600000,STK,,
2863,413300,KR7413300005,티엘엔지니어링,KONEX,일반기업부,2000,1,2,0.1,2000,2000,2000,1,2000,2703030000,1351515,KNX,일반기업부,"건축기술, 엔지니어링 및 관련 기술 서비스업"
2864,002785,KR7002781003,진흥기업우B,KOSPI,,3140,1,140,4.67,3015,3140,3015,184,571430,2691664520,857218,STK,,
2865,223220,KR7223220005,로지스몬,KONEX,일반기업부,433,1,43,11.03,390,442,332,21508,7153559,2469363927,5702919,KNX,일반기업부,기타 운송관련 서비스업
2866,245450,KR7245450002,씨앤에스링크,KONEX,일반기업부,1499,3,0,0.0,1499,1499,1499,1,1499,2368360040,1579960,KNX,일반기업부,통신 및 방송 장비 제조업
2867,002787,KR7002782001,진흥기업2우B,KOSPI,,7700,2,-320,-3.99,8120,8120,7700,274,2112420,2270021600,294808,STK,,
2868,448780,KR7448780007,마이크로엔엑스,KONEX,일반기업부,800,1,4,0.5,800,800,800,455,364000,2142144000,2677680,KNX,일반기업부,의료용 기기 제조업
2869,021045,KR7021041009,대호특수강우,KOSDAQ,중견기업부,2455,1,5,0.2,2470,2470,2405,1344,3252930,2083047860,848492,KSQ,중견기업부,
2870,011155,KR7011151008,CJ씨푸드1우,KOSPI,,9610,1,90,0.95,9530,9610,9530,39,371820,1922000000,200000,STK,,
2871,004415,KR7004411005,서울식품우,KOSPI,,7300,1,100,1.39,7200,7300,7200,344,2489880,1623885000,222450,STK,,
2872,032685,KR7032681009,소프트센우,KOSDAQ,중견기업부,21000,2,-2350,-10.06,23300,23300,21000,283,6073700,1498602000,71362,KSQ,중견기업부,
2873,266170,KR7266170000,레드우즈,KONEX,일반기업부,1050,0,0,0.0,0,0,0,0,0,1366092000,1301040,KNX,일반기업부,"영화, 비디오물, 방송프로그램 제작 및 배급업"
2874,279060,KR7279060008,이노벡스,KONEX,일반기업부,115,0,0,0.0,0,0,0,0,0,1127904590,9807866,KNX,일반기업부,"측정, 시험, 항해, 제어 및 기타 정밀기기 제조업; 광학기기 제외"
